vehicle_id,vehicle_class,crossing_time_s,crossing_speed_mps,crossing_lat_m,depart_s,observed_lane_band,persona,dna_spacing_preference,dna_spacing_percentile,tau_raw_s,tau_source,tau_s
1,1,6.330438538843329,4.497967706456277,2.18067630864172,60.0,0,P3,0.0,0.5005868544600939,0.5,GLOBAL,0.5
3,1,14.313014475612345,8.295317267973706,4.9801561761010715,67.98257593676901,1,P2,0.0,0.5005868544600939,0.5,GLOBAL,0.5
2,1,15.501158701290848,4.18135640275412,3.0910213800200346,69.17072016244752,0,P3,-0.0017032435894495698,0.49061032863849763,0.5,GLOBAL,0.5
4,1,17.43213865743261,8.230640483783716,5.86518922366492,71.10170011858928,1,P3,0.918940069448882,0.8591549295774648,0.5,GLOBAL,0.5
5,3,19.84383161829917,5.268330847054571,4.450551083163803,73.51339307945584,1,BG,,,0.5,GLOBAL,0.5
8,2,20.738582562695136,7.75086194685414,9.536326112350295,74.4081440238518,2,P1,0.0,0.5012468827930174,0.5,GLOBAL,0.5
9,2,21.316343847824193,9.305244734848902,7.462419249429382,74.98590530898086,2,P2,-2.081835902965241,0.006234413965087282,0.5,GLOBAL,0.5
6,1,21.696634081537738,5.213007747941004,2.691757449673357,75.36619554269441,0,P2,0.07260233706311477,0.5481220657276995,0.5,GLOBAL,0.5
7,1,22.080366607007868,6.9458817579980465,2.9973234173623258,75.74992806816454,0,P1,-0.3048891378492527,0.3415492957746479,0.5,GLOBAL,0.5
10,2,23.814429925465976,7.78056376983603,6.1404763265009805,77.48399138662265,1,P2,-0.4157807872864528,0.2817955112219451,0.5,GLOBAL,0.5
12,1,25.2624371803554,4.977347774130886,1.1490747498192342,78.93199864151207,0,P1,0.7415196388374704,0.8286384976525821,0.5,GLOBAL,0.5
11,1,25.293435471286063,5.7550191396848085,2.2913958102917955,78.96299693244273,0,P1,0.9435196600442726,0.8615023474178404,0.5,GLOBAL,0.5
14,1,25.418691015690015,8.274146264577116,7.9988792245622165,79.08825247684669,2,P1,-0.9982873050887533,0.06572769953051644,0.5,GLOBAL,0.5
13,2,25.68837232374995,6.112366978228515,5.5425486390155445,79.35793378490662,1,P2,-0.1268269127766068,0.4339152119700748,0.5,GLOBAL,0.5
15,1,27.10363625974883,7.44884860542503,5.322116572624044,80.7731977209055,1,P2,-0.5034713173252395,0.23708920187793428,0.5,GLOBAL,0.5
16,1,29.554422242419943,4.822309379199325,0.9525475503370223,83.22398370357661,0,P3,2.4241290068504773,0.9882629107981221,0.5,GLOBAL,0.5
19,1,29.60582267950609,11.351879393420752,6.458137612351329,83.27538414066277,1,P3,-0.4655409159830316,0.2664319248826291,0.5,GLOBAL,0.5
17,1,29.73470440531436,5.390360413197857,1.0544011818793801,83.40426586647104,0,P1,-1.8113986688106407,0.018779342723004695,0.5,GLOBAL,0.5
18,1,30.57942051661151,5.161255292488487,4.035782230680216,84.24898197776818,1,P1,0.704386292339971,0.8098591549295775,0.5,GLOBAL,0.5
20,1,31.578788466505483,7.066522937389491,4.4311243060798375,85.24834992766216,1,P1,-0.4934071884185071,0.2476525821596244,0.5,GLOBAL,0.5
21,2,31.6052958198568,7.652086217907732,7.4938299745827655,85.27485728101347,2,P2,1.3414518222587322,0.9501246882793017,0.5,GLOBAL,0.5
22,1,31.76696836182933,4.610022786682499,2.0116954665845648,85.436529822986,0,P2,0.625578370636269,0.7910798122065728,0.5,GLOBAL,0.5
23,1,32.04249228980134,5.848941497623635,5.4321658243574955,85.712053750958,1,P2,-0.36406152549012366,0.31572769953051644,0.5,GLOBAL,0.5
24,1,33.27997824514819,8.935457641392743,5.493563372680643,86.94953970630486,1,P3,-0.5725928658352504,0.19953051643192488,0.5,GLOBAL,0.5
25,1,33.69556383515743,8.84112354612742,9.249100331259095,87.3651252963141,2,P1,-1.1040400907915968,0.05046948356807512,0.5,GLOBAL,0.5
26,1,34.26748064287558,6.999355305905855,5.5657692681876645,87.93704210403226,1,P1,-0.8171830593802695,0.10211267605633803,0.5,GLOBAL,0.5
27,1,35.328160759189636,7.157279752914053,3.9410310347120014,88.9977222203463,1,P1,-0.18571571615224333,0.40023474178403756,0.5,GLOBAL,0.5
29,1,35.94291092731177,7.469961538931869,6.564576387383953,89.61247238846845,1,P1,-1.1003738626797277,0.051643192488262914,0.5,GLOBAL,0.5
28,1,36.738639121441146,5.079834620877409,3.1632213429478204,90.40820058259781,0,P1,0.11337020437548809,0.5903755868544601,0.5,GLOBAL,0.5
30,2,36.85188074814032,9.686794073266958,8.328801403330075,90.52144220929699,2,P1,1.1305665044840698,0.9201995012468828,0.5,GLOBAL,0.5
31,1,37.31609616187102,7.8166759597031605,4.9761630930034055,90.98565762302769,1,P3,-0.638100707571951,0.16314553990610328,0.5,GLOBAL,0.5
32,1,37.96733646958722,9.078093370086158,4.345739876303022,91.63689793074388,1,P3,-0.44115242773338204,0.27582159624413144,0.5,GLOBAL,0.5
33,1,38.576098220974686,6.500946089153101,8.529355381753653,92.24565968213136,2,P1,-0.6946412654253659,0.142018779342723,0.5,GLOBAL,0.5
35,2,39.02009874663557,7.524030401145777,6.236835794354553,92.68966020779223,1,P1,-0.5701875732434477,0.20448877805486285,0.5,GLOBAL,0.5
34,1,39.173529363479325,7.172813591737629,2.51237570594183,92.843090824636,0,P1,-0.4088047342346104,0.29107981220657275,0.5,GLOBAL,0.5
36,2,40.79926551417294,8.089178987931934,5.594392631752508,94.4688269753296,1,P2,-0.9235340470948148,0.08728179551122195,0.5,GLOBAL,0.5
37,1,41.45119675269327,6.759061685021095,2.308301722967094,95.12075821384994,0,P1,0.17163475791941174,0.6244131455399061,0.5,GLOBAL,0.5
38,1,42.059941608030876,6.398197485701434,5.124152506401172,95.72950306918754,1,P2,-0.761352564289953,0.12323943661971831,0.5,GLOBAL,0.5
39,1,42.395356202330866,6.948761557404364,9.998158212767866,96.06491766348753,2,P1,0.0,0.5005868544600939,0.5,GLOBAL,0.5
40,1,42.545543845669876,6.272244320224518,8.11062383016864,96.21510530682654,2,P3,0.725198351297245,0.8192488262910798,0.5,GLOBAL,0.5
43,6,43.739066660134455,5.954389687577487,9.513935939087643,97.40862812129112,2,P1,-0.7655256076449463,0.15104166666666666,0.5,GLOBAL,0.5
44,2,44.15191183630064,7.339172714608308,6.257162507188233,97.82147329745732,1,P2,-1.3246191099895284,0.029925187032418952,0.5,GLOBAL,0.5
47,2,44.846678012919355,5.308260985056592,8.824897721553722,98.51623947407603,2,P1,-0.6461123775336688,0.1745635910224439,0.5,GLOBAL,0.5
46,1,45.045622085147585,10.594916594457096,5.280528932182996,98.71518354630425,1,P1,-0.6486548961827596,0.1607981220657277,0.5,GLOBAL,0.5
41,1,45.40414010080379,4.626778362727957,1.5653969090941517,99.07370156196046,0,P2,-0.08056933535359878,0.4413145539906103,0.5,GLOBAL,0.5
42,6,45.54734475087512,6.433165816729285,3.333062975608737,99.21690621203179,0,P1,0.7591362476913526,0.8333333333333334,0.5,GLOBAL,0.5
49,4,46.324715952181045,6.373060123019692,5.887402414586204,99.99427741333771,1,BG,,,0.5,GLOBAL,0.5
45,1,46.368621769509005,6.068807361007669,2.1258065871575083,100.03818323066568,0,P2,0.3957583410662055,0.7171361502347418,0.5,GLOBAL,0.5
53,1,46.702527097406254,8.364134715788776,8.263541415506607,100.37208855856292,2,P3,-1.0494219562905858,0.06103286384976526,0.5,GLOBAL,0.5
52,1,47.74427277605326,6.518911120777316,4.2877903982531365,101.41383423720993,1,P3,-0.3546114030246098,0.3192488262910798,0.5,GLOBAL,0.5
51,1,48.01328537630339,4.266784691655807,3.1317631582275456,101.68284683746006,0,P2,0.22991036987969793,0.6431924882629108,0.5,GLOBAL,0.5
56,1,48.24880312755106,8.085529799664428,8.88527428489015,101.91836458870773,2,P1,-0.4840059933372912,0.2511737089201878,0.5,GLOBAL,0.5
57,1,48.593249686569834,6.231948957931075,7.4790186215982555,102.2628111477265,2,P2,-0.5417585300118194,0.215962441314554,0.5,GLOBAL,0.5
65,1,48.66103022045537,7.933626609658951,8.265430510811479,102.33059168161205,2,P1,-0.6063863510287563,0.18427230046948356,0.5,GLOBAL,0.5
48,1,48.730755649354755,6.124248425072626,1.819063027783801,102.40031711051142,0,P3,-0.4040119192946815,0.29577464788732394,0.5,GLOBAL,0.5
60,1,48.74156723085803,4.998123299929842,8.316644344188637,102.4111286920147,2,P3,-1.2118704049079225,0.03873239436619718,0.5,GLOBAL,0.5
50,1,49.106128454375266,5.185130474630971,0.60624613942978,102.77568991553193,0,P3,1.3866398894702467,0.9154929577464789,0.5,GLOBAL,0.5
59,6,49.26517437762754,5.563161346338181,6.088298128623,102.9347358387842,1,P1,-2.0708990381624184,0.0078125,0.5,GLOBAL,0.5
63,1,50.17110450484392,5.982997242450014,5.152231445021814,103.84066596600059,1,P2,-0.3081519390487302,0.3392018779342723,0.5,GLOBAL,0.5
54,1,50.23913427413066,4.2941338091346175,1.939936428188173,103.90869573528732,0,P1,1.9084964911449496,0.9647887323943662,0.5,GLOBAL,0.5
64,1,50.294523923232546,7.316041305951338,6.943639563978888,103.96408538438922,1,P3,-0.07181056465331677,0.4471830985915493,0.5,GLOBAL,0.5
58,1,50.68226103990319,7.51284674861856,3.9451667960707106,104.35182250105986,1,P1,-1.1560513191653117,0.04342723004694836,0.5,GLOBAL,0.5
62,1,50.785794855925005,5.013694122174836,4.103658193951017,104.45535631708168,1,P1,-0.26753328223062217,0.3615023474178404,0.5,GLOBAL,0.5
55,1,50.876192234488876,5.733810416873529,3.049266438910587,104.54575369564554,0,P1,0.03728815784598721,0.5316901408450704,0.5,GLOBAL,0.5
66,1,51.08990927718261,5.983691001009671,9.959481554966136,104.75947073833927,2,P1,0.07730959907639084,0.5528169014084507,0.5,GLOBAL,0.5
69,1,51.708150685569464,7.572253888430858,5.868353244330747,105.37771214672614,1,P3,-0.9676572170183015,0.06924882629107981,0.5,GLOBAL,0.5
61,1,51.746733094951516,4.4544703995930695,4.130780849478022,105.41629455610818,1,P2,-0.2661706365835859,0.36384976525821594,0.5,GLOBAL,0.5
68,1,51.80502076590445,6.753271898827185,4.757033542715114,105.47458222706112,1,P1,0.19875037857920277,0.6326291079812206,0.5,GLOBAL,0.5
72,1,52.31270748384389,5.492278263295157,8.53425665011351,105.98226894500056,2,P2,0.666176260792822,0.8016431924882629,0.5,GLOBAL,0.5
67,6,52.70995905885112,6.459238817111202,3.270520399171672,106.37952052000779,0,P1,0.3484530368079865,0.6979166666666666,0.5,GLOBAL,0.5
73,1,53.08593643040654,7.539497889744767,6.790254043561334,106.75549789156321,1,P1,-0.04572957979841712,0.465962441314554,0.5,GLOBAL,0.5
70,1,53.606974013085456,5.134927465982537,2.5531006475379425,107.27653547424212,0,P1,-0.29193959403041286,0.3485915492957746,0.5,GLOBAL,0.5
71,1,54.6503110917211,6.955967912181328,3.9979800947668833,108.31987255287777,1,P1,0.07760039326167806,0.5551643192488263,0.5,GLOBAL,0.5
74,2,54.679199379835126,8.132014798910715,7.575635276444939,108.34876084099179,2,P2,-0.14751909773509062,0.42144638403990026,0.5,GLOBAL,0.5
76,2,56.125348832329834,7.320751125166894,9.106576288777553,109.79491029348651,2,P2,-0.2014893650228089,0.4014962593516209,0.5,GLOBAL,0.5
75,3,56.6161858462884,6.858672499391963,5.890265813526113,110.28574730744506,1,BG,,,0.5,GLOBAL,0.5
78,2,57.430747533119195,5.289291088800469,8.188430290637683,111.10030899427586,2,P2,-1.0753718797693774,0.06483790523690773,0.5,GLOBAL,0.5
77,2,58.370149849903,3.5877669934774774,9.913151299180441,112.03971131105968,2,P2,-0.2766118629641037,0.3640897755610973,0.5,GLOBAL,0.5
83,1,59.33876324366998,7.917964690644175,5.53026802944525,113.00832470482665,1,P2,-0.7871645590925336,0.11384976525821597,0.5,GLOBAL,0.5
84,1,59.721765891277634,9.078155134137289,8.641736788618786,113.3913273524343,2,P1,-0.19493616221179527,0.39436619718309857,0.5,GLOBAL,0.5
80,1,59.943991407498025,9.295309359423054,6.217986598439804,113.6135528686547,1,P1,-0.31399612838440094,0.3380281690140845,0.5,GLOBAL,0.5
79,2,60.45906594127111,4.373321756528516,6.66495538914443,114.12862740242778,1,P1,-0.0025045925035965234,0.4937655860349127,0.5,GLOBAL,0.5
81,1,60.5226433193708,9.219253945955781,9.557407207592982,114.19220478052748,2,P1,-0.47041885486141194,0.26291079812206575,0.5,GLOBAL,0.5
85,1,60.779566654947,6.500798805881246,3.0155275108703727,114.44912811610367,0,P2,-0.6321677566071039,0.16784037558685447,0.5,GLOBAL,0.5
82,2,61.23337834397985,7.055311686745452,6.152730433600109,114.90293980513653,1,P1,-0.4509297312221262,0.26433915211970077,0.5,GLOBAL,0.5
86,2,61.486021781757806,10.447949730288306,3.534580286026447,115.15558324291447,1,P1,-0.3736291133011279,0.314214463840399,0.5,GLOBAL,0.5
87,2,62.211501837300624,7.456919918761133,7.49555519283616,115.88106329845729,2,P2,0.44825690947855584,0.7306733167082294,0.5,GLOBAL,0.5
88,1,62.27071236250289,6.630847234071015,5.011932515470734,115.94027382365957,1,P1,-0.22407148530041457,0.38028169014084506,0.5,GLOBAL,0.5
91,2,62.33318200647827,5.080914843355051,2.4610482538366747,116.00274346763493,0,P1,-0.9756891297342019,0.08229426433915212,0.5,GLOBAL,0.5
89,2,62.474554334838636,7.717764340839714,2.0523047297128914,116.1441157959953,0,P2,0.0739425909286549,0.5336658354114713,0.5,GLOBAL,0.5
90,1,63.26214805200931,7.360015070250889,9.42056239477421,116.93170951316597,2,P1,0.49524364077665783,0.7523474178403756,0.5,GLOBAL,0.5
92,1,63.95136195575014,6.912222272908488,2.31709814317487,117.6209234169068,0,P2,-0.47701951518875935,0.25704225352112675,0.5,GLOBAL,0.5
93,1,64.48695252459035,6.925466368001874,2.5602341788589564,118.15651398574701,0,P1,0.22449322328000224,0.6396713615023474,0.5,GLOBAL,0.5
95,2,64.51916474395611,7.661969586911046,9.57899474639194,118.18872620511277,2,P1,0.20660776154263252,0.6084788029925187,0.5,GLOBAL,0.5
98,2,65.67903360164792,7.996696585806177,7.514297090028519,119.34859506280458,2,P1,-0.2889901855333749,0.3516209476309227,0.5,GLOBAL,0.5
94,1,66.37344216836973,3.8914464402898954,2.003041842618942,120.0430036295264,0,P2,0.7291576399779887,0.8227699530516432,0.5,GLOBAL,0.5
96,1,66.62369115995362,7.241355497563217,2.90449386561002,120.2932526211103,0,P1,-0.2847515195587712,0.352112676056338,0.5,GLOBAL,0.5
97,1,66.79345200019964,7.47306895118058,4.85989358523279,120.4630134613563,1,P3,0.12033628294550791,0.5974178403755869,0.5,GLOBAL,0.5
100,1,67.90126150666073,9.828563722384981,1.7751072496285154,121.5708229678174,0,P1,0.08123198698820103,0.5586854460093896,0.5,GLOBAL,0.5
99,1,68.10052034313203,7.318816979592839,4.816609797565105,121.77008180428871,1,P2,0.6424663561277201,0.7969483568075117,0.5,GLOBAL,0.5
101,2,68.77778603997447,9.409966962993431,6.717004224270536,122.44734750113113,1,P1,1.0361508635893857,0.9002493765586035,0.5,GLOBAL,0.5
103,1,70.12541956862378,8.049917578085795,8.912635326654867,123.79498102978044,2,P1,1.5940563345537868,0.9366197183098591,0.5,GLOBAL,0.5
102,2,70.26447898762859,9.077977009051661,6.239990832572328,123.93404044878525,1,P1,-1.0668379604274383,0.06733167082294264,0.5,GLOBAL,0.5
105,1,71.57627482413446,9.951496698053012,2.997839176715019,125.24583628529113,0,P1,0.6929396516832639,0.8075117370892019,0.5,GLOBAL,0.5
107,1,71.70606824733277,6.646657629499565,9.541901036014291,125.37562970848944,2,P1,-0.20107455352052178,0.392018779342723,0.5,GLOBAL,0.5
104,1,71.7594412015349,6.629206540112617,9.811293279987353,125.42900266269157,2,P1,-0.6655687721752102,0.15375586854460094,0.5,GLOBAL,0.5
108,1,71.93827031297089,4.655878719716238,5.4569540864378965,125.60783177412756,1,P2,-0.20574257180801467,0.3908450704225352,0.5,GLOBAL,0.5
110,1,72.28144501720695,6.0737668781511465,7.560579926823099,125.95100647836362,2,P1,-0.21288236709873498,0.3873239436619718,0.5,GLOBAL,0.5
111,2,72.33986242488028,7.799600327675798,5.029260751696938,126.00942388603696,1,P1,-2.078789384554712,0.012468827930174564,0.5,GLOBAL,0.5
106,6,72.39615268121304,7.564094064980496,2.419855247903842,126.06571414236971,0,P1,-0.38204126274539885,0.3020833333333333,0.5,GLOBAL,0.5
109,2,72.49891147826419,6.9192172801264435,7.4772373202854405,126.16847293942087,2,P1,-0.5350019492928602,0.22194513715710723,0.5,GLOBAL,0.5
114,1,73.32747275598575,8.896319006236975,4.223349116790516,126.99703421714243,1,P2,-0.3923634457397675,0.3004694835680751,0.5,GLOBAL,0.5
113,2,73.75975630022265,6.590531942302989,6.623670093784108,127.42931776137932,1,P2,-0.1913487322466869,0.40648379052369077,0.5,GLOBAL,0.5
112,1,73.86744785518752,8.631893738608289,9.835009403595237,127.5370093163442,2,P1,-0.795843543894204,0.11150234741784038,0.5,GLOBAL,0.5
117,6,75.13327951235813,6.917086622942329,7.273132276897329,128.8028409735148,2,P1,-0.46619208294498077,0.25,0.5,GLOBAL,0.5
115,1,75.2509003458937,6.873744581920585,3.0833446816826617,128.92046180705037,0,P3,0.03144116622163516,0.5293427230046949,0.5,GLOBAL,0.5
118,1,75.70675525426859,7.098704092150758,1.3620765604516545,129.37631671542528,0,P2,0.035245446382252216,0.5305164319248826,0.5,GLOBAL,0.5
119,1,75.89035302522531,10.290026491566238,5.169546433333692,129.55991448638198,1,P2,-0.3858926316123859,0.3051643192488263,0.5,GLOBAL,0.5
116,1,76.07390850801048,4.72293640137761,2.5449234435680297,129.74346996916717,0,P1,-0.9562353584401909,0.07276995305164319,0.5,GLOBAL,0.5
122,2,77.07705961517202,8.585334462687168,6.107406380671016,130.7466210763287,1,P2,1.167170596298728,0.9351620947630923,0.5,GLOBAL,0.5
120,6,78.11165731392089,6.8527719251688435,4.2501669199202725,131.78121877507755,1,P1,0.21931649079897872,0.640625,0.5,GLOBAL,0.5
125,2,78.54219379584742,8.478889708102734,8.380143019206272,132.21175525700409,2,P1,-0.00956369070965848,0.4912718204488778,0.5,GLOBAL,0.5
121,1,79.30644720112329,6.708575794543438,1.615743587494438,132.97600866227998,0,P2,2.474334453558125,0.9953051643192489,0.5,GLOBAL,0.5
126,6,79.36245051071742,10.424683030178876,7.876427054737302,133.0320119718741,2,P1,-1.1533775075277493,0.0625,0.5,GLOBAL,0.5
124,1,79.86602719186754,5.649899278512192,4.162569238852931,133.5355886530242,1,P3,0.29615966987257086,0.6795774647887324,0.5,GLOBAL,0.5
123,1,80.57611740497596,5.193064216014358,1.6968029802637958,134.24567886613264,0,P1,0.33344251095714983,0.6948356807511737,0.5,GLOBAL,0.5
127,1,80.92901099237417,6.77020814897185,3.882397917287493,134.59857245353083,1,P2,0.8540218399239055,0.8497652582159625,0.5,GLOBAL,0.5
130,5,81.529018373326,8.504495803751631,8.010896145949669,135.19857983448267,2,BG,,,0.5,GLOBAL,0.5
128,6,82.4729285364622,6.862513998204861,2.8001411074811777,136.1424899976189,0,P1,0.06310601784654817,0.5625,0.5,GLOBAL,0.5
132,1,82.75285648448921,6.705930881613784,4.983864280520136,136.4224179456459,1,P1,0.3067914133295225,0.6854460093896714,0.5,GLOBAL,0.5
129,1,84.15296431013529,5.97720482261859,1.0726365900656438,137.82252577129196,0,P1,2.222656711099743,0.9788732394366197,0.5,GLOBAL,0.5
133,2,84.1948018356374,7.137209737632084,5.344709769005977,137.86436329679407,1,P1,0.3481013383526199,0.6758104738154613,0.5,GLOBAL,0.5
134,1,84.25423751903256,7.365443044871477,9.112103870405262,137.92379898018925,2,P1,-0.8587977699694561,0.09272300469483569,0.5,GLOBAL,0.5
131,1,84.92429981865567,6.616164994815709,2.634523253888611,138.59386127981236,0,P3,0.16654568501389075,0.6220657276995305,0.5,GLOBAL,0.5
138,1,85.1586260614908,12.583710172586349,7.638826727805089,138.82818752264748,2,P1,-0.8461118166826682,0.09507042253521127,0.5,GLOBAL,0.5
135,4,85.3635489908118,6.309415784219644,8.98520859727672,139.03311045196847,2,BG,,,0.5,GLOBAL,0.5
137,1,86.60827260296449,7.12064772296479,7.553643404683289,140.27783406412118,2,P1,0.038608449108425355,0.5328638497652582,0.5,GLOBAL,0.5
136,3,86.97068379193531,6.992746908480573,4.790289259868439,140.640245253092,1,BG,,,0.5,GLOBAL,0.5
141,2,87.10481237049994,6.738468931736314,7.135967702535427,140.77437383165662,2,P2,-0.9183699086597029,0.09226932668329177,0.5,GLOBAL,0.5
139,2,87.35994673748043,7.822141255318165,7.501682636996408,141.0295081986371,2,P1,-0.050949158107673295,0.4688279301745636,0.5,GLOBAL,0.5
143,2,88.66503581547687,6.026737157791596,9.303209620019869,142.33459727663353,2,P1,-0.5402060744536057,0.2194513715710723,0.5,GLOBAL,0.5
140,1,89.03872962695611,7.998857672401373,2.116736515351802,142.7082910881128,0,P1,0.4387900721321173,0.7347417840375586,0.5,GLOBAL,0.5
145,2,89.90055156265727,6.91285216001015,8.885289920445752,143.57011302381395,2,P1,-0.15381887877322267,0.41895261845386533,0.5,GLOBAL,0.5
142,1,89.96186425762039,6.440481782768554,3.068097404662006,143.63142571877705,0,P1,0.19530086399954172,0.6302816901408451,0.5,GLOBAL,0.5
144,1,90.44095076946931,7.283676116130102,4.648772220302645,144.110512230626,1,P1,0.1534544702940183,0.6161971830985915,0.5,GLOBAL,0.5
146,2,92.19872679225314,5.948189756927993,6.178502237225826,145.86828825340982,1,P2,1.520362243325829,0.972568578553616,0.5,GLOBAL,0.5
147,4,96.62472168976753,5.354436733900923,7.696640273269949,150.2942831509242,2,BG,,,0.5,GLOBAL,0.5
148,2,96.9029749917594,9.014745335956206,3.4679261944516853,150.57253645291607,0,P1,-0.4931420405298429,0.24688279301745636,0.5,GLOBAL,0.5
149,3,107.6421533840544,6.779009071303292,8.684867521905574,161.31171484521107,2,BG,,,0.5,GLOBAL,0.5
150,3,108.93634461388295,4.279074433802513,4.098686269512375,162.60590607503963,1,BG,,,0.5,GLOBAL,0.5
153,6,110.15548198596998,10.251337929226427,6.560435382683043,163.82504344712666,1,P1,-1.0279774348929085,0.08333333333333333,0.5,GLOBAL,0.5
154,2,110.74836585115902,10.840945332083121,10.064208945118576,164.4179273123157,2,P1,2.2408996968360135,0.9962593516209476,0.5,GLOBAL,0.5
151,6,111.16246691612382,5.548485866659765,6.099332486205416,164.8320283772805,1,P1,0.07664600515472755,0.5729166666666666,0.5,GLOBAL,0.5
152,1,111.41864418772411,6.756164973124326,1.8947221531463556,165.08820564888077,0,P3,-0.19429714756668665,0.3955399061032864,0.5,GLOBAL,0.5
159,2,112.22387052583902,7.156189346448839,7.647966217920614,165.8934319869957,2,P1,0.41737760520258305,0.713216957605985,0.5,GLOBAL,0.5
156,1,112.96918120473033,8.391689894337102,4.349893658153681,166.638742665887,1,P3,-0.1203348420591535,0.4307511737089202,0.5,GLOBAL,0.5
160,2,113.0086527793434,6.241041697127355,9.310455864006022,166.67821424050007,2,P1,0.07052192925772473,0.5286783042394015,0.5,GLOBAL,0.5
155,1,113.79505434186527,5.308513294675691,2.1162138987361194,167.46461580302196,0,P1,0.0982874079753417,0.5762910798122066,0.5,GLOBAL,0.5
157,1,114.13934395001412,7.040885730414119,3.330323708573894,167.8089054111708,0,P1,-0.6140209055631309,0.1772300469483568,0.5,GLOBAL,0.5
158,1,114.3277724261015,4.916542749599299,4.624938429688523,167.99733388725818,1,P1,-0.0467684887123016,0.4647887323943662,0.5,GLOBAL,0.5
162,1,114.55311870507062,9.09211173709921,6.332055338300648,168.2226801662273,1,P3,-0.5490071306009539,0.21009389671361503,0.5,GLOBAL,0.5
161,6,115.49103934532354,7.5534716683452885,2.9302190485761432,169.1606008064802,0,P1,-0.6719800454593334,0.19270833333333334,0.5,GLOBAL,0.5
163,3,116.8656960385925,8.375174365851485,6.303082805748092,170.53525749974918,1,BG,,,0.5,GLOBAL,0.5
165,1,118.03429424345387,7.155803198039494,1.640243602662958,171.70385570461053,0,P1,-0.04851459534282568,0.4636150234741784,0.5,GLOBAL,0.5
166,2,118.44045521834208,7.759423981636551,9.575296624380103,172.11001667949876,2,P1,-1.1797567269277662,0.05486284289276808,0.5,GLOBAL,0.5
168,2,119.88453426365027,4.414234711581552,7.266391160664637,173.55409572480693,2,P1,0.29470967242786605,0.6483790523690773,0.5,GLOBAL,0.5
164,1,119.96355468882878,3.532255780901022,1.866847515625298,173.63311614998545,0,P1,0.08289924872680722,0.562206572769953,0.5,GLOBAL,0.5
172,2,120.01269037516846,8.131612176739413,6.892917226402483,173.68225183632512,1,P1,-0.29667174802207297,0.34413965087281795,0.5,GLOBAL,0.5
171,1,120.19226942569027,7.353290960518635,9.571981527052289,173.86183088684695,2,P2,-0.7796299483361264,0.11619718309859155,0.5,GLOBAL,0.5
167,3,120.58872738547016,6.582968471591831,4.962959290834135,174.25828884662684,1,BG,,,0.5,GLOBAL,0.5
169,1,120.77923135921264,8.2182030712459,2.2911098125029494,174.4487928203693,0,P3,-0.21932034803985564,0.38380281690140844,0.5,GLOBAL,0.5
173,1,120.80505217344123,9.99025412052621,8.967885701344887,174.47461363459792,2,P2,-0.9380370100749699,0.07511737089201878,0.5,GLOBAL,0.5
170,1,120.96875407013897,8.884481280667252,10.26523539035606,174.63831553129563,2,P3,0.340157515884801,0.6960093896713615,0.5,GLOBAL,0.5
177,1,123.4874629565584,11.57712894705678,8.86825559670833,177.1570244177151,2,P3,-0.21923113840505662,0.38497652582159625,0.5,GLOBAL,0.5
176,5,124.34749291209602,7.794828391464088,5.745511166192985,178.01705437325268,1,BG,,,0.5,GLOBAL,0.5
178,1,124.42056860769786,7.943821763679422,10.149937669384906,178.09013006885453,2,P1,-0.5677343919840117,0.20305164319248825,0.5,GLOBAL,0.5
181,1,124.52678345407976,7.932438999679766,4.025164368922921,178.19634491523644,1,P1,-0.33133283957126725,0.33098591549295775,0.5,GLOBAL,0.5
174,1,125.18472712081326,4.685328994217428,2.925582886853929,178.85428858196994,0,P1,0.08274157236808853,0.5610328638497653,0.5,GLOBAL,0.5
175,6,125.8812419433856,5.872179375830273,4.0940678355702085,179.55080340454228,1,P1,-0.37286053055403073,0.3177083333333333,0.5,GLOBAL,0.5
184,2,126.27441118953249,8.406544450755124,8.72725997755902,179.94397265068915,2,P1,0.23103514046645046,0.6209476309226932,0.5,GLOBAL,0.5
180,6,126.47640186790737,7.260326637693389,6.061685916377342,180.14596332906405,1,P1,-0.8605832433372478,0.11458333333333333,0.5,GLOBAL,0.5
182,1,126.95686642068667,4.873142393416876,7.346156346281034,180.62642788184334,2,P1,0.24351952301796084,0.6502347417840375,0.5,GLOBAL,0.5
183,1,127.37759994382176,6.448437888224907,8.349734116859548,181.04716140497845,2,P1,-0.10930432159882958,0.4354460093896714,0.5,GLOBAL,0.5
179,6,127.4773346436705,2.5234440338444473,3.714740887558294,181.1468961048272,1,P2,0.7568864703756175,0.828125,0.5,GLOBAL,0.5
186,2,127.67753015380424,5.7212779641509846,6.201688755701736,181.3470916149609,1,P1,-0.25846154041604247,0.36658354114713215,0.5,GLOBAL,0.5
185,1,129.02067548349225,6.3206406648280815,1.645831142651376,182.69023694464892,0,P1,1.3988684159299456,0.9166666666666666,0.5,GLOBAL,0.5
188,1,129.33276239511227,7.0722675379504985,5.6192126198742,183.00232385626896,1,P2,0.33185173507329546,0.6936619718309859,0.5,GLOBAL,0.5
187,2,130.64178597682718,5.588860555572434,9.818216150872015,184.31134743798384,2,P1,0.7948297461253626,0.8403990024937655,0.5,GLOBAL,0.5
189,1,131.3818463756194,6.29629072138063,8.245219180712656,185.0514078367761,2,P3,0.01697818861283294,0.5211267605633803,0.5,GLOBAL,0.5
190,1,131.77011806825172,7.628718609984782,7.254651143207608,185.4396795294084,2,P2,-0.6499639398593593,0.15845070422535212,0.5,GLOBAL,0.5
197,1,131.8788089372839,10.932901341193771,5.788825017975126,185.54837039844057,1,P1,-1.0328754839981569,0.06338028169014084,0.5,GLOBAL,0.5
195,2,132.57044820446492,5.193281270703747,9.103455983815158,186.24000966562159,2,P2,0.017220850741091556,0.5149625935162094,0.5,GLOBAL,0.5
193,2,132.59731637419793,7.935356081978652,9.225028475168177,186.2668778353546,2,P1,-0.2185737060086572,0.38902743142144636,0.5,GLOBAL,0.5
192,3,132.72430318302764,6.282606488978131,5.558260777571487,186.3938646441843,1,BG,,,0.5,GLOBAL,0.5
194,1,133.50251111158312,4.656419597955905,2.0306751730561765,187.1720725727398,0,P1,1.0352196530881972,0.8744131455399061,0.5,GLOBAL,0.5
199,2,133.64666634802785,6.267455865464637,9.737814155390254,187.3162278091845,2,P1,-0.45939896769355165,0.256857855361596,0.5,GLOBAL,0.5
206,1,134.18063630961532,8.738228586147313,7.1571049026689995,187.850197770772,2,P1,-0.43642254737698793,0.2793427230046948,0.5,GLOBAL,0.5
196,1,134.52682985829608,4.265355701728571,1.7652710093792232,188.19639131945274,0,P1,-0.4669280115465163,0.2652582159624413,0.5,GLOBAL,0.5
198,1,134.6646622028202,6.558530919543693,2.857891806516839,188.33422366397687,0,P1,0.029031912235940774,0.5269953051643192,0.5,GLOBAL,0.5
201,2,134.72103597505568,6.727502706009378,8.841083819851406,188.39059743621235,2,P1,0.8100948351530601,0.8478802992518704,0.5,GLOBAL,0.5
191,1,135.10847095353708,5.827137520636466,1.2575551825175402,188.77803241469374,0,P1,0.729883968644847,0.823943661971831,0.5,GLOBAL,0.5
202,1,136.04175557306715,7.383615633874086,4.380815529548267,189.7113170342238,1,P2,0.046478114937957,0.5363849765258216,0.5,GLOBAL,0.5
205,2,136.17613716985227,6.450924194316907,7.2013215437083655,189.84569863100893,2,P2,0.3482001910771906,0.6783042394014963,0.5,GLOBAL,0.5
200,1,136.9977114596438,4.681105213114192,1.0552246732719193,190.66727292080046,0,P3,1.7707920695890595,0.9530516431924883,0.5,GLOBAL,0.5
204,2,137.23714102203562,5.04115686006477,4.254146500914966,190.90670248319228,1,P2,0.4860543808812477,0.7456359102244389,0.5,GLOBAL,0.5
207,2,137.43036859309993,9.187665238779253,9.186289703244439,191.0999300542566,2,P1,0.1533750482202435,0.5835411471321695,0.5,GLOBAL,0.5
210,6,137.5703998105579,7.485758697298986,6.756152268683255,191.23996127171455,1,P1,-0.4163732673386033,0.265625,0.5,GLOBAL,0.5
203,1,137.74065089028818,4.928542145431086,1.5252268705106797,191.41021235144484,0,P2,-0.8097822991101512,0.1056338028169014,0.5,GLOBAL,0.5
209,2,138.42917047386976,6.302257500017118,4.518063434663631,192.09873193502642,1,P1,0.5059514364091868,0.7506234413965087,0.5,GLOBAL,0.5
208,1,139.63110237251456,5.886778017228952,1.9909363391746484,193.30066383367122,0,P2,0.8313489139927203,0.846244131455399,0.5,GLOBAL,0.5
212,1,140.3672053702985,6.587717396734223,5.726731290066057,194.03676683145517,1,P2,-0.2117566135693333,0.3884976525821596,0.5,GLOBAL,0.5
211,1,140.84036556432602,6.802955366807283,0.9059726633802054,194.50992702548268,0,P2,-1.1278348463980163,0.046948356807511735,0.5,GLOBAL,0.5
214,1,140.96166682431405,5.779819461984074,4.358448548751902,194.6312282854707,1,P2,0.10997900292121378,0.5880281690140845,0.5,GLOBAL,0.5
215,1,141.75876033155285,8.242675931909083,2.693708743163778,195.4283217927095,0,P2,0.12430027677678714,0.6009389671361502,0.5,GLOBAL,0.5
213,1,142.4008373133553,7.9201373389224266,2.11781976881835,196.07039877451197,0,P1,0.4274169475184015,0.7288732394366197,0.5,GLOBAL,0.5
217,1,143.55766832682173,7.575903361592412,4.596479637419613,197.2272297879784,1,P2,-0.17862971468899205,0.40375586854460094,0.5,GLOBAL,0.5
216,6,144.25475370514636,6.482549051462245,2.5678026741167264,197.92431516630302,0,P2,-0.16473331220060133,0.40625,0.5,GLOBAL,0.5
218,1,144.4461746629259,8.88247896855029,8.274532009518843,198.11573612408256,2,P2,-1.29893439477143,0.03286384976525822,0.5,GLOBAL,0.5
222,1,144.4911387754631,11.030633368719078,5.66848595184784,198.16070023661976,1,P1,-2.0986657101446715,0.005868544600938967,0.5,GLOBAL,0.5
219,1,144.57433831114955,9.641673855837869,6.009011222151543,198.2438997723062,1,P2,-0.2065009537037461,0.38967136150234744,0.5,GLOBAL,0.5
221,1,146.2789843833899,7.097074447355115,2.3864880119174483,199.94854584454657,0,P1,0.39271571974381475,0.7147887323943662,0.5,GLOBAL,0.5
224,1,146.36801264619632,6.900941900565005,6.2583019468660614,200.03757410735298,1,P1,-0.5488933424640275,0.2112676056338028,0.5,GLOBAL,0.5
225,1,146.42632345601956,8.457780530160392,9.580209185840504,200.09588491717622,2,P3,-0.6268178281556855,0.17253521126760563,0.5,GLOBAL,0.5
223,2,146.77607413416843,6.395071486283157,5.6916388235706314,200.4456355953251,1,P2,-0.6702588275664274,0.16458852867830423,0.5,GLOBAL,0.5
220,1,146.81931807714616,4.408816925173589,0.49234509756274125,200.48887953830283,0,P1,0.5622988607771957,0.7734741784037559,0.5,GLOBAL,0.5
226,2,146.83131470930718,5.876247524602999,5.837952444505129,200.50087617046384,1,P2,-0.753943164749461,0.14214463840399003,0.5,GLOBAL,0.5
228,1,147.4244511059681,8.044442770286416,8.926409163128868,201.09401256712476,2,P1,0.2688722921498461,0.6690140845070423,0.5,GLOBAL,0.5
227,1,148.4073995301874,5.793388952082552,4.0858336530157775,202.07696099134407,1,P3,1.793923094585948,0.954225352112676,0.5,GLOBAL,0.5
229,1,148.45285329219334,6.004690157428941,6.932080161834142,202.12241475335,1,P3,-0.391275311544346,0.3028169014084507,0.5,GLOBAL,0.5
231,2,148.564076368165,8.664025298692252,9.32105179973767,202.23363782932165,2,P2,-0.3693619617215261,0.3167082294264339,0.5,GLOBAL,0.5
230,1,148.72079792764862,7.317656165501453,6.914098920319493,202.39035938880528,1,P1,-0.22189513516289847,0.3814553990610329,0.5,GLOBAL,0.5
232,1,149.475262069109,7.507185416981994,2.5141106153929567,203.14482353026565,0,P1,0.39033883295371696,0.7136150234741784,0.5,GLOBAL,0.5
233,1,150.3309918698837,6.233055841209611,5.821626156992931,204.00055333104035,1,P2,0.32583301502306683,0.6913145539906104,0.5,GLOBAL,0.5
234,2,152.06846776531196,5.814141031929894,9.450227123272432,205.73802922646863,2,P2,1.4796161693872816,0.9650872817955112,0.5,GLOBAL,0.5
235,3,154.15088584067962,7.224759918018587,5.106703127013257,207.82044730183628,1,BG,,,0.5,GLOBAL,0.5
236,1,155.223413565871,7.3599153134521025,2.0632314399667027,208.89297502702766,0,P1,0.0,0.5005868544600939,0.5,GLOBAL,0.5
238,1,156.5840061819046,6.673239964849999,10.227888751504901,210.25356764306127,2,P1,0.3719304206069363,0.7077464788732394,0.5,GLOBAL,0.5
240,2,156.93080092820497,7.619270064592026,7.9931419266120365,210.60036238936163,2,P1,-0.6234984766922764,0.18453865336658354,0.5,GLOBAL,0.5
239,1,157.87261521738188,8.7647574388439,6.448292656529973,211.54217667853854,1,P2,-0.14946728730756503,0.4225352112676056,0.5,GLOBAL,0.5
242,2,158.23309064191915,5.819654097252662,7.871579402253941,211.9026521030758,2,P1,-0.5235610094792469,0.24189526184538654,0.5,GLOBAL,0.5
243,1,158.66056913505344,7.689827261590594,5.390858972129108,212.3301305962101,1,P3,-0.5350521788639476,0.22065727699530516,0.5,GLOBAL,0.5
241,1,159.00632171314498,6.906942605382771,3.8730145715686337,212.67588317430165,1,P2,0.4274321926499758,0.7300469483568075,0.5,GLOBAL,0.5
237,1,159.07032976856922,5.779730503257534,1.3459041409943007,212.73989122972588,0,P1,2.267548300729541,0.9823943661971831,0.5,GLOBAL,0.5
244,1,160.07962869157168,8.342413566400415,9.772141175826961,213.74919015272835,2,P1,-0.29779454447742176,0.3474178403755869,0.5,GLOBAL,0.5
245,2,161.16756619660083,7.338907906017188,7.463952000654222,214.8371276577575,2,P1,0.3826011394062995,0.6982543640897756,0.5,GLOBAL,0.5
247,1,161.5240218037167,5.997353155387542,3.6401124123771944,215.19358326487335,1,P3,-0.4440038694230659,0.2746478873239437,0.5,GLOBAL,0.5
250,1,161.96486779732683,10.289653858657266,9.77715003559253,215.6344292584835,2,P1,-0.6345385932790877,0.1643192488262911,0.5,GLOBAL,0.5
249,1,161.979157128994,8.509437465229936,4.096895309360401,215.64871859015065,1,P2,-0.95592297283456,0.07394366197183098,0.5,GLOBAL,0.5
246,6,162.20695596199198,4.808782272728221,2.4448778582188315,215.87651742314864,0,P1,0.4688823183616206,0.75,0.5,GLOBAL,0.5
255,2,162.39316041528943,6.687124869687068,7.4608118493338065,216.0627218764461,2,P2,-0.1848524026358278,0.4089775561097257,0.5,GLOBAL,0.5
252,2,162.40674105823226,7.783501508592758,7.243587408823194,216.07630251938892,2,P2,0.15307152380933567,0.5785536159600998,0.5,GLOBAL,0.5
251,1,163.19915480518105,5.730814314443407,9.493575506176253,216.8687162663377,2,P2,0.32126014750708326,0.6889671361502347,0.5,GLOBAL,0.5
257,2,163.43889382494015,7.777653532052591,8.528739363916682,217.1084552860968,2,P1,-1.0142209917970155,0.0773067331670823,0.5,GLOBAL,0.5
248,1,164.05318083553823,6.229099897000388,0.4654326102836099,217.7227422966949,0,P2,1.2067688115408575,0.8967136150234741,0.5,GLOBAL,0.5
256,2,164.05575352703062,6.043162607132276,5.396674783968039,217.72531498818728,1,P1,-0.18218767225789848,0.4114713216957606,0.5,GLOBAL,0.5
254,1,164.269946958787,5.2796503473148535,3.594830602495261,217.93950841994365,1,P1,0.0890543037212623,0.5657276995305164,0.5,GLOBAL,0.5
253,1,164.45799099733057,7.536451823542768,2.7776343320732733,218.12755245848723,0,P1,0.5910349128342183,0.784037558685446,0.5,GLOBAL,0.5
258,3,165.88176784053985,5.7736957975713885,5.076602175275893,219.5513293016965,1,BG,,,0.5,GLOBAL,0.5
259,1,166.33349507644584,8.376977008910583,1.8765744608954416,220.0030565376025,0,P2,-0.654862806026968,0.15492957746478872,0.5,GLOBAL,0.5
262,1,166.58993733102957,12.377701448278104,8.546982023933083,220.25949879218624,2,P2,0.17253260417576446,0.6255868544600939,0.5,GLOBAL,0.5
260,2,167.26218424195076,8.376051220505973,8.983988856194944,220.93174570310742,2,P1,-0.9844413970848469,0.0798004987531172,0.5,GLOBAL,0.5
265,2,168.57949462561226,8.028802604288263,8.119325055819568,222.24905608676892,2,P1,-0.24886291179475353,0.371571072319202,0.5,GLOBAL,0.5
261,1,168.74912278783515,5.783188994304617,1.570463109792344,222.4186842489918,0,P2,0.5811222487969454,0.7793427230046949,0.5,GLOBAL,0.5
263,1,168.9079768558947,6.2271822755735045,4.355356751954286,222.57753831705136,1,P1,0.006778650901726702,0.5140845070422535,0.5,GLOBAL,0.5
264,1,169.5868379929682,6.8792320289514075,4.82559779633218,223.25639945412487,1,P1,0.06810853406796404,0.545774647887324,0.5,GLOBAL,0.5
269,1,169.9027073601668,8.49849655011627,9.806872917531148,223.57226882132346,2,P3,-0.05482518583503224,0.45539906103286387,0.5,GLOBAL,0.5
267,2,170.0425659118189,8.77748237557379,7.581375270522786,223.71212737297557,2,P1,-0.11883281755982934,0.44139650872817954,0.5,GLOBAL,0.5
266,2,170.0983359581544,3.9450966228148467,3.940034209055569,223.76789741931105,1,P2,-0.3744306580492802,0.3117206982543641,0.5,GLOBAL,0.5
268,1,170.44655924829678,9.931653359450912,5.790938029405587,224.11612070945344,1,P1,-0.020071998278054726,0.4800469483568075,0.5,GLOBAL,0.5
271,2,171.99470266717393,4.886151070584297,8.083847803938216,225.6642641283306,2,P1,-0.8870926956317495,0.10723192019950124,0.5,GLOBAL,0.5
272,1,172.57046782492998,4.511576596924885,1.3210039377483238,226.24002928608664,0,P1,1.615359170474643,0.9401408450704225,0.5,GLOBAL,0.5
275,1,172.87774648646655,7.113383434883925,5.610819914686929,226.5473079476232,1,P3,0.28501953476955794,0.6725352112676056,0.5,GLOBAL,0.5
274,1,173.2062493865574,6.5406380183579,2.95548401255486,226.87581084771406,0,P2,0.1306696153438342,0.6044600938967136,0.5,GLOBAL,0.5
273,1,173.98676790771503,5.684578332376939,1.2531136699211707,227.6563293688717,0,P1,0.994558122037391,0.8673708920187794,0.5,GLOBAL,0.5
276,1,174.23847765961665,4.399763865245903,4.801007084247676,227.9080391207733,1,P1,-0.0029127022694375357,0.48826291079812206,0.5,GLOBAL,0.5
278,2,174.62980562666593,7.73533184856884,6.672488332109425,228.2993670878226,1,P1,-0.3593242321051424,0.3192019950124688,0.5,GLOBAL,0.5
270,1,174.84678731776228,4.585164259931895,10.54024051153702,228.51634877891894,2,P2,1.763822838982326,0.9507042253521126,0.5,GLOBAL,0.5
277,1,176.13714928239415,6.334744701675524,1.8259313653302158,229.8067107435508,0,P2,1.8982994988134985,0.9636150234741784,0.5,GLOBAL,0.5
280,2,176.372894515302,6.858366044918732,8.673244765610562,230.04245597645865,2,P2,-0.8264788398533812,0.12967581047381546,0.5,GLOBAL,0.5
281,2,177.05469454820863,6.806820374745432,6.956133350008765,230.7242560093653,1,P1,-1.5702840338826283,0.014962593516209476,0.5,GLOBAL,0.5
282,2,177.82034941805134,6.506946033822966,4.874477685574855,231.489910879208,1,P2,-1.0336111779596036,0.07481296758104738,0.5,GLOBAL,0.5
283,1,178.32953163252375,6.081626441434443,2.681160837383689,231.99909309368041,0,P3,-0.5689795409852076,0.20187793427230047,0.5,GLOBAL,0.5
285,2,178.32969105105815,7.268118630671345,9.211041941025254,231.9992525122148,2,P2,0.09922555522605724,0.5486284289276808,0.5,GLOBAL,0.5
284,2,178.73546159133818,6.299902748290931,6.884716860104936,232.40502305249484,1,P1,-0.20400513903013115,0.39900249376558605,0.5,GLOBAL,0.5
279,6,179.1200853464448,4.954347662932394,1.5024563511816942,232.78964680760146,0,P1,0.9505031716593895,0.859375,0.5,GLOBAL,0.5
289,1,179.57108284373246,8.205274766852904,4.817259924755248,233.24064430488912,1,P2,-0.24737596454326,0.3744131455399061,0.5,GLOBAL,0.5
294,1,179.7346973675652,8.488898054487017,4.668743132242552,233.40425882872185,1,P1,-2.064296378526358,0.014084507042253521,0.5,GLOBAL,0.5
288,1,179.77032413851035,6.8338397204976,8.597647767048707,233.439885599667,2,P1,-0.2726610898098368,0.3568075117370892,0.5,GLOBAL,0.5
290,1,179.88670545498587,8.475208454409286,10.622642456257733,233.55626691614253,2,P1,-1.2457859757576315,0.036384976525821594,0.5,GLOBAL,0.5
291,1,179.9956463908318,8.24745526068453,6.200325838091796,233.66520785198847,1,P2,-1.0598574635339983,0.05985915492957746,0.5,GLOBAL,0.5
287,1,180.20914781946374,6.944756674150582,4.002296832982449,233.8787092806204,1,P1,-1.0321918233919525,0.06455399061032864,0.5,GLOBAL,0.5
295,1,181.58532405242153,6.753011862438288,6.137028527932443,235.2548855135782,1,P1,0.09898001738209014,0.5774647887323944,0.5,GLOBAL,0.5
293,1,181.7965354533962,4.770947330806156,4.066045616322208,235.46609691455285,1,P1,-0.18385907326425605,0.4014084507042254,0.5,GLOBAL,0.5
298,1,181.90076724749312,6.757153692184508,6.920608954977348,235.57032870864978,1,P1,0.2654555123068444,0.6666666666666666,0.5,GLOBAL,0.5
297,1,182.1946078964739,7.813219931199613,6.003210092447158,235.86416935763057,1,P3,0.06208093714399157,0.5434272300469484,0.5,GLOBAL,0.5
286,1,182.56089912397633,5.934191295237394,1.0415998044348516,236.230460585133,0,P1,1.3058226141462521,0.9107981220657277,0.5,GLOBAL,0.5
304,2,182.62627052759163,7.425968654347594,9.212776593624564,236.2958319887483,2,P1,0.9208324042527485,0.8753117206982544,0.5,GLOBAL,0.5
303,1,183.02109146703722,8.39550002972873,7.076372097096995,236.69065292819388,2,P3,-0.3784410113879665,0.3086854460093897,0.5,GLOBAL,0.5
296,1,183.11449867375455,5.90451617272223,4.723744976952357,236.78406013491121,1,P2,0.7839891786813173,0.8368544600938967,0.5,GLOBAL,0.5
292,1,183.37214861638748,5.9185226858755735,2.7806213353366727,237.04171007754414,0,P1,1.2480524029810018,0.9025821596244131,0.5,GLOBAL,0.5
301,1,183.82634439271797,7.821450141001816,4.261199018186458,237.49590585387463,1,P3,-0.05229848131088069,0.45774647887323944,0.5,GLOBAL,0.5
299,1,183.94053215071145,5.232833143857262,5.62340814913413,237.6100936118681,1,P1,-1.761914035146997,0.01995305164319249,0.5,GLOBAL,0.5
302,1,184.07834957722102,7.831125090470513,5.439446832150215,237.74791103837768,1,P1,-0.4272161730713098,0.284037558685446,0.5,GLOBAL,0.5
306,1,184.59389988122473,5.670334147397932,4.320850644857636,238.2634613423814,1,P1,0.05331344932695742,0.5375586854460094,0.5,GLOBAL,0.5
300,1,184.81528606754398,4.992147023543623,4.381000695157287,238.48484752870064,1,P2,-1.9216909023663784,0.01643192488262911,0.5,GLOBAL,0.5
307,1,184.99438203058077,6.9354197356149445,6.344418810601992,238.66394349173743,1,P1,-0.35291395597865877,0.3215962441314554,0.5,GLOBAL,0.5
308,2,185.40768493375705,7.362169358969625,7.727266283172936,239.07724639491371,2,P1,-0.8344254865042277,0.12468827930174564,0.5,GLOBAL,0.5
305,1,186.00840360012882,4.798253696004751,2.1709785217238546,239.67796506128548,0,P2,0.7472222354660817,0.8309859154929577,0.5,GLOBAL,0.5
311,2,186.17335857381119,5.34472729234229,9.031901621368108,239.84292003496785,2,P2,0.3182683949976383,0.6533665835411472,0.5,GLOBAL,0.5
309,1,186.55887846721618,6.256917335659215,3.6835184731830917,240.22843992837284,1,P1,0.28535764836490773,0.6748826291079812,0.5,GLOBAL,0.5
310,2,186.7488751229158,6.535500280854975,5.947994012651278,240.41843658407245,1,P2,0.5732160332938833,0.7830423940149626,0.5,GLOBAL,0.5
313,1,186.87713555269488,5.8752308454338635,1.656973442842775,240.54669701385154,0,P3,0.25718480163029045,0.6631455399061033,0.5,GLOBAL,0.5
312,6,187.4225132640416,5.309658444773844,4.811005435083159,241.09207472519827,1,P1,-2.0043411457488767,0.026041666666666668,0.5,GLOBAL,0.5
316,1,188.48350737524856,5.443187967776838,2.7221449849570316,242.15306883640523,0,P1,0.8507350619417937,0.8485915492957746,0.5,GLOBAL,0.5
314,1,188.8601305096017,6.103813593433031,2.934164921552936,242.52969197075836,0,P2,-0.12127731693567,0.4295774647887324,0.5,GLOBAL,0.5
315,2,189.0678707459107,5.040896719277918,4.412582887697222,242.73743220706737,1,P1,-0.2791839669435054,0.35910224438902744,0.5,GLOBAL,0.5
319,1,189.30298018970237,8.727669979615447,6.151886757820575,242.97254165085903,1,P3,-0.1681387215562267,0.4119718309859155,0.5,GLOBAL,0.5
317,2,190.09826312133958,5.814374137924257,8.188949304283396,243.76782458249625,2,P1,1.164916665603947,0.9326683291770573,0.5,GLOBAL,0.5
321,1,191.12930405575864,5.905674594837791,1.518712043976311,244.7988655169153,0,P3,1.955113070722851,0.9683098591549296,0.5,GLOBAL,0.5
318,1,191.15476910755854,4.7067253934568845,4.263226890151643,244.8243305687152,1,P1,0.3578944156113823,0.704225352112676,0.5,GLOBAL,0.5
322,2,191.75872993813573,6.442576528126451,8.70106152180485,245.4282913992924,2,P1,-0.5588847388190229,0.20947630922693267,0.5,GLOBAL,0.5
320,2,192.24258509777616,4.9435049158270425,5.47183796024654,245.91214655893282,1,P1,0.3376834788311539,0.6633416458852868,0.5,GLOBAL,0.5
323,2,192.80573553489472,8.668902423952064,9.28186486685354,246.47529699605138,2,P2,-1.3036894316325447,0.032418952618453865,0.5,GLOBAL,0.5
324,2,193.8073130918946,6.004073747867822,5.018014895499704,247.47687455305126,1,P2,0.6974671190252048,0.8254364089775561,0.5,GLOBAL,0.5
326,2,193.85561583685933,4.203701357022551,4.690868765572079,247.525177298016,1,P1,0.9585404908141966,0.8827930174563591,0.5,GLOBAL,0.5
329,1,194.17665725769308,6.043851500272132,2.7359184332127144,247.84621871884974,0,P2,0.6636137679808403,0.7992957746478874,0.5,GLOBAL,0.5
328,2,194.50533037121295,5.207839960089435,9.5841498716004,248.1748918323696,2,P1,0.1277709542124433,0.5610972568578554,0.5,GLOBAL,0.5
325,6,194.72599378946376,7.1915155938631194,6.230014453720584,248.39555525062042,1,P1,1.1217876250978984,0.8697916666666666,0.5,GLOBAL,0.5
327,1,195.18185784965902,3.6377740450787988,1.7027179192226605,248.8514193108157,0,P1,1.4326843522013466,0.92018779342723,0.5,GLOBAL,0.5
330,1,195.52658855895984,7.8187189274677165,4.368139091579476,249.1961500201165,1,P3,-0.7621264356359166,0.12206572769953052,0.5,GLOBAL,0.5
331,1,195.5944435085236,6.08587381868184,8.204606902148752,249.26400496968026,2,P1,-0.7860992158984916,0.11502347417840375,0.5,GLOBAL,0.5
334,2,195.81376023354693,6.76472074514098,9.50177027587523,249.4833216947036,2,P2,0.4905927464099405,0.7481296758104738,0.5,GLOBAL,0.5
336,2,195.8382450796092,6.32617791290831,9.429156782710374,249.50780654076587,2,P1,-1.2737717808470064,0.034912718204488775,0.5,GLOBAL,0.5
332,1,196.00734600834312,6.237228864755211,4.087910154397871,249.67690746949978,1,P1,-1.1080148588591896,0.04929577464788732,0.5,GLOBAL,0.5
333,5,196.38566120219176,7.004292881267143,4.355680724877467,250.05522266334842,1,BG,,,0.5,GLOBAL,0.5
337,2,197.84207406980923,7.232730535971487,8.656705575311692,251.5116355309659,2,P1,0.36802272295601707,0.6907730673316709,0.5,GLOBAL,0.5
335,1,198.1715158687819,5.215741257999078,2.751627056835028,251.84107732993857,0,P1,1.5513242417449518,0.9330985915492958,0.5,GLOBAL,0.5
338,3,199.16772038063394,5.950168290192753,4.6490202344082325,252.8372818417906,1,BG,,,0.5,GLOBAL,0.5
339,2,199.21790614714297,7.225587552570224,8.979605972402586,252.88746760829963,2,P2,-0.2490471765185228,0.3690773067331671,0.5,GLOBAL,0.5
341,2,200.96271833002282,9.126137485479509,9.829501270210244,254.63227979117949,2,P1,-0.3114989856149131,0.33915211970074816,0.5,GLOBAL,0.5
340,1,201.6635939483204,6.541809377184035,2.284985866420096,255.33315540947706,0,P3,0.44833074564094644,0.7359154929577465,0.5,GLOBAL,0.5
345,2,201.87554652746397,5.191219763214763,3.4877550321177533,255.54510798862063,0,P1,0.23855752214045484,0.6234413965087282,0.5,GLOBAL,0.5
343,1,202.2042977071469,5.932492907933726,9.686720444590618,255.87385916830357,2,P3,-0.5365836512265363,0.21830985915492956,0.5,GLOBAL,0.5
342,2,202.31529701841387,5.588306520045129,8.317397485563449,255.98485847957053,2,P1,0.34256497793018276,0.6658354114713217,0.5,GLOBAL,0.5
344,2,203.31819338513347,7.3871788957487,5.677339044244988,256.98775484629016,1,P1,0.4194620869123226,0.7182044887780549,0.5,GLOBAL,0.5
347,1,203.35218696002207,6.7541698057017845,10.358730670801156,257.0217484211787,2,P1,-0.40456384257521527,0.29460093896713613,0.5,GLOBAL,0.5
346,1,203.43136865105004,5.028398591387204,1.6235482502678058,257.1009301122067,0,P1,0.4008478873996849,0.7183098591549296,0.5,GLOBAL,0.5
348,1,204.04598198728803,6.531962102098898,8.30420012018345,257.7155434484447,2,P2,-0.35348690839434405,0.3204225352112676,0.5,GLOBAL,0.5
349,6,206.48732199569673,6.832468811342651,4.907245597492326,260.1568834568534,1,P1,1.36677255039604,0.8958333333333334,0.5,GLOBAL,0.5
350,1,207.46691637251058,4.939874208351034,2.0887333129110703,261.13647783366724,0,P3,-0.4818324808997828,0.25234741784037557,0.5,GLOBAL,0.5
351,1,207.50068306387115,6.1466581063720485,3.465927835503418,261.1702445250278,0,P2,1.8614185317400394,0.9612676056338029,0.5,GLOBAL,0.5
353,6,208.28648502263326,6.55869974764415,6.27616671320847,261.9560464837899,1,P1,0.1554340310619443,0.6197916666666666,0.5,GLOBAL,0.5
354,1,208.2897847350427,7.754221667639309,2.412251977964521,261.95934619619936,0,P3,-0.0658578393992353,0.44835680751173707,0.5,GLOBAL,0.5
355,2,208.29996246931404,11.435793623957435,9.176371300631263,261.9695239304707,2,P2,0.5288918100251265,0.7655860349127181,0.5,GLOBAL,0.5
352,1,209.78220584678363,3.570642327741458,0.7320746132040643,263.45176730794026,0,P1,1.9324010562802074,0.965962441314554,0.5,GLOBAL,0.5
357,1,210.56035970406768,10.001501090476857,6.333315557382762,264.22992116522437,1,P2,-0.5215383370272648,0.22769953051643194,0.5,GLOBAL,0.5
356,5,212.29646471373385,5.037152532903587,4.595437065579717,265.96602617489054,1,BG,,,0.5,GLOBAL,0.5
359,2,214.83852882974213,5.619397136350845,7.270346411869298,268.5080902908988,2,P1,-0.5304348548722071,0.22693266832917705,0.5,GLOBAL,0.5
358,6,215.28960925551584,4.296351318809638,1.5199433191355503,268.9591707166725,0,P1,1.4174153652048718,0.90625,0.5,GLOBAL,0.5
361,2,215.30718712490733,7.029981301315034,4.684562107699646,268.976748586064,1,P1,0.34627943212223233,0.6708229426433915,0.5,GLOBAL,0.5
360,2,215.59891350152407,7.680846278869589,9.787249031037161,269.2684749626807,2,P1,-0.87580194523303,0.11471321695760599,0.5,GLOBAL,0.5
362,1,216.31947060084076,7.526786134700696,4.298580146374609,269.9890320619974,1,P1,0.09005649553319671,0.568075117370892,0.5,GLOBAL,0.5
363,6,218.04323342999663,6.255101842415515,3.999074922424269,271.7127948911533,1,P2,0.36149363630880565,0.703125,0.5,GLOBAL,0.5
365,1,218.59138368519464,5.320474140817518,2.8738113291081735,272.26094514635133,0,P1,-0.12973216448539018,0.4284037558685446,0.5,GLOBAL,0.5
366,6,219.5813146246559,3.613023861471085,3.835743569439433,273.2508760858126,1,P2,-0.8130428791119574,0.13020833333333334,0.5,GLOBAL,0.5
364,6,219.6878856269937,4.704912623860055,2.211030201388337,273.35744708815037,0,P2,-0.26429092802395615,0.3802083333333333,0.5,GLOBAL,0.5
367,1,219.76787105840657,8.58400942242011,5.689034515135509,273.43743251956323,1,P1,-0.5877499766840987,0.19248826291079812,0.5,GLOBAL,0.5
370,2,221.5633532216714,8.968477203229908,7.861964504389694,275.2329146828281,2,P2,1.2069289501292164,0.940149625935162,0.5,GLOBAL,0.5
368,6,222.0714574181433,4.039989486258344,1.8634834303276537,275.7410188793,0,P2,0.3178470647461912,0.6822916666666666,0.5,GLOBAL,0.5
369,6,222.49207689027756,6.699213692223924,4.187536421170092,276.16163835143425,1,P2,0.028085162536180933,0.53125,0.5,GLOBAL,0.5
371,1,224.4551328446513,6.575365700787055,5.99565389263867,278.12469430580796,1,P3,0.5173242807036162,0.7605633802816901,0.5,GLOBAL,0.5
372,1,224.61208483161587,5.557243604370052,3.4635605136523715,278.2816462927725,0,P1,-0.3300909348291406,0.33215962441314556,0.5,GLOBAL,0.5
375,1,226.63640827192103,5.932692014298473,6.060922794782526,280.3059697330777,1,P1,-0.1700829144282724,0.4084507042253521,0.5,GLOBAL,0.5
374,1,226.8254872504309,6.321366775273176,2.562084530991618,280.4950487115876,0,P1,0.5895443204266894,0.7828638497652582,0.5,GLOBAL,0.5
376,2,226.87813745125843,8.252590924001298,7.638675469125379,280.54769891241506,2,P1,0.44542246012896597,0.7256857855361596,0.5,GLOBAL,0.5
373,6,227.77124087080293,5.853853704409881,2.009755289359146,281.4408023319596,0,P1,-0.6053595951887812,0.21875,0.5,GLOBAL,0.5
379,2,228.33328075017354,6.705054236039888,8.674468271158915,282.0028422113302,2,P1,-0.9662100055995496,0.08478802992518704,0.5,GLOBAL,0.5
380,2,228.9594838329441,6.606828917820236,6.653774529308072,282.62904529410076,1,P1,0.15508359445902126,0.5860349127182045,0.5,GLOBAL,0.5
377,6,229.33330689368077,6.477730371324341,2.08921473467654,283.00286835483746,0,P1,-0.09496662999735173,0.453125,0.5,GLOBAL,0.5
378,1,229.78657781036236,7.515693639018582,4.517359626278616,283.456139271519,1,P2,1.5952017107383585,0.937793427230047,0.5,GLOBAL,0.5
381,1,230.33882630132163,4.528091726014905,4.024677469072602,284.00838776247826,1,P1,-0.7545865296228245,0.1255868544600939,0.5,GLOBAL,0.5
383,2,230.38757339173145,7.829784902370522,7.758331301896172,284.0571348528881,2,P2,-0.4099441785447606,0.29177057356608477,0.5,GLOBAL,0.5
382,1,232.02934334958832,6.06853258680843,1.794000485927027,285.698904810745,0,P1,0.8438848923786708,0.8474178403755869,0.5,GLOBAL,0.5
384,6,233.3142568592179,6.248797134292711,4.692773135512362,286.98381832037455,1,P1,0.7051090857330018,0.8229166666666666,0.5,GLOBAL,0.5
386,2,233.4268696753945,5.230284531768928,9.022782348578035,287.09643113655113,2,P1,1.658725692755186,0.9825436408977556,0.5,GLOBAL,0.5
390,2,234.45864143109551,6.425189321090406,7.489021435538621,288.12820289225215,2,P1,0.5118237774744966,0.7556109725685786,0.5,GLOBAL,0.5
387,1,234.47633030101323,6.422795351587397,2.813597100234,288.14589176216987,0,P1,1.6109593240982334,0.9389671361502347,0.5,GLOBAL,0.5
389,1,234.76254813445465,7.542205551620401,1.8979496745281121,288.43210959561134,0,P1,1.3484727226848758,0.9131455399061033,0.5,GLOBAL,0.5
385,1,236.0204824438993,6.1039266225438,10.558195777362393,289.690043905056,2,P1,2.474334453558125,0.9953051643192489,0.5,GLOBAL,0.5
391,6,236.12310083053288,5.91358587123495,8.94592794903932,289.79266229168957,2,P2,-1.1423391186083554,0.06770833333333333,0.5,GLOBAL,0.5
392,1,236.73736016442976,6.096040163759447,5.65365802618291,290.4069216255864,1,P1,0.6703634904231847,0.8028169014084507,0.5,GLOBAL,0.5
393,2,236.9620300485546,6.581627120175336,6.880663091708865,290.63159150971126,1,P1,-0.5132259670982466,0.24438902743142144,0.5,GLOBAL,0.5
394,6,237.62584844558728,6.241964866537573,4.3922805669810545,291.29540990674394,1,P1,0.21357181965391442,0.6354166666666666,0.5,GLOBAL,0.5
395,2,237.9285135044384,7.05304418779721,8.334500483935882,291.59807496559506,2,P1,-1.0592658902678498,0.06982543640897755,0.5,GLOBAL,0.5
388,1,238.4162665173008,4.562669872682511,1.1224176423462584,292.0858279784575,0,P1,0.7280926258682713,0.8204225352112676,0.5,GLOBAL,0.5
396,2,238.57226583152962,7.777568329298061,5.9509774315530075,292.24182729268625,1,P2,-0.745911399923622,0.14463840399002495,0.5,GLOBAL,0.5
398,2,239.42703517257675,5.636805236059512,9.289734061586499,293.0965966337334,2,P1,0.1268731499485396,0.5586034912718204,0.5,GLOBAL,0.5
397,2,239.62828417796146,6.927379050886647,4.5115559922867865,293.2978456391181,1,P1,0.3976813622474305,0.7057356608478803,0.5,GLOBAL,0.5
399,5,241.1346383341301,7.815951377991616,5.44660975038537,294.80419979528676,1,BG,,,0.5,GLOBAL,0.5
400,1,241.88516145155592,5.121137156553397,1.4276223401110615,295.5547229127126,0,P1,0.22036008009542124,0.636150234741784,0.5,GLOBAL,0.5
401,1,242.47700542401088,3.424394518942294,2.988662423619789,296.14656688516754,0,P1,0.28742349544796447,0.6772300469483568,0.5,GLOBAL,0.5
402,1,242.66084693141394,7.746063577057413,2.1173630812894797,296.3304083925706,0,P2,-0.5481903654294429,0.21244131455399062,0.5,GLOBAL,0.5
403,1,243.15505116420712,6.76207865076192,8.426643271286226,296.8246126253638,2,P3,0.35583865283266275,0.7030516431924883,0.5,GLOBAL,0.5
406,1,244.43583346978036,7.784616952747712,4.099285711148904,298.105394930937,1,P1,0.2480185697433657,0.6584507042253521,0.5,GLOBAL,0.5
404,1,244.8327228904822,8.952193568212364,6.554136011684571,298.5022843516389,1,P1,0.5005052044656251,0.7535211267605634,0.5,GLOBAL,0.5
405,1,245.94566866060475,6.109598239722272,2.2648837798206705,299.61523012176144,0,P1,-0.03051634014922997,0.4706572769953052,0.5,GLOBAL,0.5
408,2,246.0601214206509,6.957926356909593,8.849804021600091,299.72968288180755,2,P1,1.0872712158993008,0.9077306733167082,0.5,GLOBAL,0.5
407,6,247.17282543279669,5.684646665412304,3.292426571998681,300.84238689395335,0,P1,0.08412656183966946,0.5885416666666666,0.5,GLOBAL,0.5
410,2,247.26170578961208,7.908018871417001,8.56789171339333,300.93126725076877,2,P1,-1.1061137639616085,0.06234413965087282,0.5,GLOBAL,0.5
409,1,247.36328619481344,7.445484304531315,5.773674277472801,301.0328476559701,1,P1,0.07582623274590701,0.5516431924882629,0.5,GLOBAL,0.5
412,1,250.70284308266037,6.04112821266958,2.4165066908277035,304.372404543817,0,P1,1.4094393245911025,0.9178403755868545,0.5,GLOBAL,0.5
414,6,251.35258409897696,6.116555467678057,9.46789503929489,305.0221455601336,2,P2,0.0,0.5026041666666666,0.5,GLOBAL,0.5
416,1,252.09367229990244,8.067106845909697,6.550010041140409,305.7632337610591,1,P2,-0.750086059203668,0.1267605633802817,0.5,GLOBAL,0.5
413,1,252.24855665171395,5.2515143697475954,2.594661471934544,305.9181181128706,0,P1,1.1543691887719327,0.8908450704225352,0.5,GLOBAL,0.5
417,2,253.7141629367803,7.714067585468934,7.402593520310795,307.38372439793693,2,P1,-1.1592203734201563,0.059850374064837904,0.5,GLOBAL,0.5
415,6,253.76983056993427,4.787597409657579,5.114342476392764,307.43939203109096,1,P1,0.26650276935237344,0.6510416666666666,0.5,GLOBAL,0.5
411,1,254.48566003064872,3.6222968842731165,0.3075573233602683,308.1552214918054,0,P1,2.474334453558125,0.9953051643192489,0.5,GLOBAL,0.5
418,1,256.17897231154683,7.385809521130767,3.541727083223019,309.8485337727035,1,P3,0.13302992805138425,0.6056338028169014,0.5,GLOBAL,0.5
419,1,256.90859297072376,7.7981267781506745,4.58464915018937,310.5781544318804,1,P1,-0.22588934086018356,0.37910798122065725,0.5,GLOBAL,0.5
421,2,257.9625886549596,7.713918245279024,5.668371879393399,311.63215011611624,1,P2,-0.5780095097480049,0.19950124688279303,0.5,GLOBAL,0.5
422,5,258.74753393356417,6.082598718080311,7.492095285977869,312.41709539472083,2,BG,,,0.5,GLOBAL,0.5
420,6,258.80489892720817,4.49363806776057,1.9629492202139995,312.47446038836483,0,P1,0.3173565471686542,0.6770833333333334,0.5,GLOBAL,0.5
426,1,259.9231073340256,6.525775076806747,4.710627107714372,313.59266879518225,1,P2,-0.6990523167170258,0.13732394366197184,0.5,GLOBAL,0.5
425,1,259.9599849196898,7.956653563343677,4.779262208288634,313.6295463808465,1,P3,-0.6026086385057418,0.18661971830985916,0.5,GLOBAL,0.5
423,1,261.17192968833893,3.9019115286357744,2.7335626802728394,314.8414911494956,0,P2,0.5187848858778644,0.7617370892018779,0.5,GLOBAL,0.5
424,6,261.9640218337423,4.421203406751498,1.759696822678976,315.633583294899,0,P2,-0.41360526281940835,0.2708333333333333,0.5,GLOBAL,0.5
427,1,262.11321281810484,6.037557386091086,3.8511719967455513,315.7827742792615,1,P1,0.6002523302951103,0.7852112676056338,0.5,GLOBAL,0.5
428,1,262.58231352626336,7.868943178586194,6.171299579499985,316.25187498742,1,P1,0.1338018553664063,0.6068075117370892,0.5,GLOBAL,0.5
431,2,265.641043646974,9.10708297210445,8.76427085465348,319.3106051081307,2,P1,0.0,0.5012468827930174,0.5,GLOBAL,0.5
429,3,265.91169128645816,6.347389080417079,5.39556199838506,319.5812527476148,1,BG,,,0.5,GLOBAL,0.5
430,1,267.89549592574724,5.554337351461379,1.4966973647944661,321.5650573869039,0,P1,1.8391372265466142,0.9577464788732394,0.5,GLOBAL,0.5
432,1,269.207515502444,10.241215105769513,5.4329650754682435,322.87707696360064,1,P1,-0.447067303258228,0.27230046948356806,0.5,GLOBAL,0.5
434,6,269.92440941104326,8.703597035074585,4.127853249028478,323.5939708721999,1,P2,-0.7387947408526447,0.16666666666666666,0.5,GLOBAL,0.5
433,6,270.29762069875716,5.033762949561651,6.49006218884497,323.9671821599138,1,P1,0.1596655396749709,0.625,0.5,GLOBAL,0.5
437,1,271.4440059931659,5.73613937603154,3.902351781968809,325.11356745432255,1,P1,-0.16320415822571668,0.4166666666666667,0.5,GLOBAL,0.5
436,1,271.8195753003862,5.028784715449047,1.7196808723967771,325.48913676154285,0,P3,0.4692751728206467,0.7382629107981221,0.5,GLOBAL,0.5
435,1,271.92268820704544,8.019544635417098,7.363338329361527,325.5922496682021,2,P2,-0.9224027206251013,0.08098591549295775,0.5,GLOBAL,0.5
438,1,271.92852368734293,7.193605783233463,4.879136879491914,325.5980851484996,1,P3,-0.33252787145897417,0.3286384976525822,0.5,GLOBAL,0.5
441,1,272.3050056815788,9.995600641160383,8.498795539105364,325.97456714273545,2,P2,-1.2937740314547062,0.03403755868544601,0.5,GLOBAL,0.5
439,1,273.55811378079494,6.1297473106022276,4.304231923481914,327.2276752419516,1,P1,0.47918091757554904,0.7464788732394366,0.5,GLOBAL,0.5
444,2,275.5176779842294,9.486877842563603,7.4611446839352125,329.18723944538607,2,P1,1.2683526834858128,0.9451371571072319,0.5,GLOBAL,0.5
442,1,275.5259872382608,6.2470741169088075,10.382222578148152,329.1955486994175,2,P2,0.0,0.5005868544600939,0.5,GLOBAL,0.5
443,1,275.64146940393584,6.901402117764502,4.864094714574701,329.3110308650925,1,P1,0.23176404791480082,0.6455399061032864,0.5,GLOBAL,0.5
440,1,276.3229030615633,3.9932557646662716,1.7263130062978223,329.99246452271996,0,P3,2.1353136758147406,0.9753521126760564,0.5,GLOBAL,0.5
448,2,279.5486718672277,6.661065121651816,8.93377213724645,333.2182333283844,2,P1,1.1551523034491906,0.9276807980049875,0.5,GLOBAL,0.5
446,1,280.0934403853328,5.710781788135323,4.731039984521928,333.7630018464895,1,P2,-0.5716075163730863,0.2007042253521127,0.5,GLOBAL,0.5
452,1,281.05133733273175,7.738154662731409,3.295974773560814,334.7208987938884,0,P1,-0.6710402931613165,0.15258215962441316,0.5,GLOBAL,0.5
450,1,281.1768935300318,8.226917161875344,6.491795967112915,334.84645499118847,1,P2,-0.47867523828597136,0.2546948356807512,0.5,GLOBAL,0.5
447,6,281.4229620606248,4.502857539141194,5.040185628730623,335.09252352178146,1,P2,-0.08745696430680455,0.4583333333333333,0.5,GLOBAL,0.5
445,6,281.5076460588437,2.936733285149233,1.283781633946959,335.17720752000037,0,P1,0.9855444175738427,0.8645833333333334,0.5,GLOBAL,0.5
449,1,281.59997766233244,4.68709949393246,9.937364882987854,335.2695391234891,2,P1,0.24576432736237833,0.6549295774647887,0.5,GLOBAL,0.5
454,1,281.83392495859897,7.143100912419027,6.862062826910191,335.50348641975563,1,P3,-1.213539720978464,0.03755868544600939,0.5,GLOBAL,0.5
451,1,282.110799980438,6.383668514288917,2.544970139882891,335.78036144159466,0,P1,-0.38490958723543706,0.30633802816901406,0.5,GLOBAL,0.5
453,1,282.38148017314,6.3916594550671855,4.031584010601838,336.05104163429667,1,P2,-0.7973435488704531,0.10915492957746478,0.5,GLOBAL,0.5
455,1,282.7681271462421,8.445789722995821,7.624037050431328,336.43768860739874,2,P1,-0.16803460966570213,0.4131455399061033,0.5,GLOBAL,0.5
456,1,284.1131839759876,7.384180446284054,9.429976592611057,337.7827454371443,2,P2,-0.16784819493384248,0.41431924882629106,0.5,GLOBAL,0.5
457,2,284.7192847095165,5.614618317468172,3.771184483275312,338.38884617067316,1,P2,0.3206401309754818,0.655860349127182,0.5,GLOBAL,0.5
458,2,286.4506047995418,5.9423842998188245,8.892731694568859,340.12016626069845,2,P1,1.0858094389628439,0.9052369077306733,0.5,GLOBAL,0.5
459,6,287.3112132999921,6.368446659713708,5.7409422909504,340.9807747611488,1,P2,-0.056903727697221525,0.46875,0.5,GLOBAL,0.5
461,2,287.85897996569076,5.948610870427183,3.240073741003121,341.5285414268474,0,P1,0.8223616105573472,0.8503740648379052,0.5,GLOBAL,0.5
460,6,289.4288500506045,3.9378614480998664,1.8892045536574398,343.0984115117612,0,P1,0.1683261491536645,0.6302083333333334,0.5,GLOBAL,0.5
465,2,289.43680807736297,6.892969511671444,9.333253920864276,343.10636953851963,2,P1,-0.01121045261568381,0.48877805486284287,0.5,GLOBAL,0.5
464,2,289.652435574214,8.214332608983083,5.291038830324602,343.32199703537066,1,P2,0.04550942098633082,0.5236907730673317,0.5,GLOBAL,0.5
462,1,289.91445726966583,6.375254629824427,0.43246506207532914,343.5840187308225,0,P1,0.30143832492093986,0.6830985915492958,0.5,GLOBAL,0.5
463,6,290.7528054095765,5.231041192384445,2.850558638553901,344.4223668707332,0,P2,-0.2851039382045462,0.359375,0.5,GLOBAL,0.5
467,1,291.2661674632807,9.79745662676821,4.905061180287404,344.93572892443734,1,P1,-0.5665979524049408,0.20422535211267606,0.5,GLOBAL,0.5
468,6,291.58699822352963,5.77079644963569,8.94051004494483,345.2565596846863,2,P1,-0.6325517139594746,0.203125,0.5,GLOBAL,0.5
466,5,291.6729841526477,6.596683045186046,5.621519992756038,345.34254561380436,1,BG,,,0.5,GLOBAL,0.5
469,2,292.10591554735504,5.674577311235784,3.0740206032000086,345.7754770085117,0,P2,0.9066176011190221,0.8728179551122195,0.5,GLOBAL,0.5
470,2,293.25314040789215,5.692850576578937,5.3114774724677245,346.9227018690488,1,P1,-0.0332359910748012,0.48129675810473815,0.5,GLOBAL,0.5
471,2,294.5540343662809,5.990978360324965,3.3704100957913505,348.2235958274376,0,P1,1.088321031972563,0.9102244389027432,0.5,GLOBAL,0.5
472,2,295.00079684425316,5.573107485913447,7.355663569041654,348.6703583054098,2,P1,0.8877160244172329,0.8653366583541147,0.5,GLOBAL,0.5
474,2,295.36645063982075,8.235874852201153,9.507284978402206,349.0360121009774,2,P1,-0.4102230086873764,0.2892768079800499,0.5,GLOBAL,0.5
479,1,295.60754227977924,6.559381709657434,0.24981319787621076,349.2771037409359,0,P3,2.064799419873756,0.9741784037558685,0.5,GLOBAL,0.5
476,1,295.82956480241853,8.075500339974838,5.077279111039698,349.4991262635752,1,P2,-0.6001568617397071,0.19014084507042253,0.5,GLOBAL,0.5
473,2,296.48362866118885,5.7456397104841495,2.937164739381923,350.1531901223455,0,P2,1.1422082282591643,0.9251870324189526,0.5,GLOBAL,0.5
478,1,296.8319015567941,6.37817991433011,1.122699974332782,350.50146301795075,0,P1,0.2862528231675409,0.676056338028169,0.5,GLOBAL,0.5
475,6,297.25213110884533,4.206117438933055,6.600453199132086,350.921692570002,1,P1,0.5158528206632758,0.7708333333333334,0.5,GLOBAL,0.5
483,2,297.7107103431597,7.29052709528828,10.218851510005198,351.38027180431635,2,P1,0.6039936139963874,0.7930174563591023,0.5,GLOBAL,0.5
480,2,297.9092581608228,5.628145126058735,4.571555565951107,351.57881962197945,1,P1,0.9062208325509584,0.8703241895261845,0.5,GLOBAL,0.5
477,2,298.07500602428536,6.719076273206738,7.925822010838158,351.744567485442,2,P1,0.275439363425066,0.6384039900249376,0.5,GLOBAL,0.5
481,2,298.52457623723535,5.426396000965336,5.744543031916839,352.194137698392,1,P2,-0.5284956573653747,0.23690773067331672,0.5,GLOBAL,0.5
484,6,299.4543327352421,4.185336753354797,9.818606182236456,353.12389419639874,2,P1,0.0783109182409088,0.578125,0.5,GLOBAL,0.5
485,1,299.55076637627565,9.356344188607924,3.981927022170521,353.2203278374323,1,P3,0.2811384656420809,0.6713615023474179,0.5,GLOBAL,0.5
482,1,300.14562368500765,3.5532016145428584,2.105381134142038,353.8151851461643,0,P2,0.8856037907580226,0.8544600938967136,0.5,GLOBAL,0.5
487,1,300.16287341296163,6.685485825474417,7.3264706094789815,353.8324348741183,2,P1,0.24981139578424258,0.6596244131455399,0.5,GLOBAL,0.5
488,2,300.2775893233425,5.098041181143221,4.674162939271103,353.9471507844992,1,P1,-1.0364647837032752,0.07231920199501247,0.5,GLOBAL,0.5
486,1,300.27950008409556,4.885115078332832,2.01327521961434,353.9490615452522,0,P1,-2.0986657101446715,0.005868544600938967,0.5,GLOBAL,0.5
489,2,301.299449013589,4.490480951229891,8.99743658646246,354.9690104747457,2,P1,0.667309844937116,0.8179551122194514,0.5,GLOBAL,0.5
491,6,301.41549252834704,7.751511520411594,5.873060249618976,355.0850539895037,1,P1,-1.2931804101598,0.046875,0.5,GLOBAL,0.5
494,1,302.7382030693895,5.458876203117293,2.7015638976519956,356.40776453054616,0,P2,-0.03981192576751638,0.4694835680751174,0.5,GLOBAL,0.5
490,6,302.98326796454603,5.541712109052292,1.573223406430668,356.6528294257027,0,P1,0.039806659600702995,0.5416666666666666,0.5,GLOBAL,0.5
492,6,303.02692375375113,5.5993013459328,8.817028035374696,356.6964852149078,2,P2,0.0,0.5026041666666666,0.5,GLOBAL,0.5
496,2,303.4753000560792,4.888972713157208,3.9092334257716392,357.1448615172359,1,P1,1.0713056398159182,0.9027431421446384,0.5,GLOBAL,0.5
493,2,303.6056682182008,5.670005902452369,6.288185255823648,357.27522967935744,1,P2,-0.14202156361388205,0.42643391521197005,0.5,GLOBAL,0.5
495,2,304.89845936247906,5.260663322584157,6.242993065715571,358.5680208236357,1,P2,0.21417194095837974,0.6159600997506235,0.5,GLOBAL,0.5
498,2,305.0728486471788,4.766638596467653,9.355242532604082,358.74241010833543,2,P1,0.2648259620488152,0.6359102244389028,0.5,GLOBAL,0.5
501,1,305.48155882885595,7.017684954487389,4.216005172230033,359.1511202900126,1,P2,0.0931226280763598,0.5715962441314554,0.5,GLOBAL,0.5
499,1,305.5610152631524,8.117731063877974,2.361676590017091,359.23057672430906,0,P2,-0.4173406171923979,0.2887323943661972,0.5,GLOBAL,0.5
497,1,305.6186015044302,4.39573026961505,2.239767244287729,359.2881629655869,0,P1,-0.31793644310682206,0.3345070422535211,0.5,GLOBAL,0.5
500,1,305.92323157770517,3.8710555428897195,4.266802635056728,359.5927930388618,1,P1,0.1598352622402935,0.6197183098591549,0.5,GLOBAL,0.5
504,1,306.0093670495113,6.184008340464221,1.294552232073656,359.67892851066796,0,P3,0.10336032649553235,0.5845070422535211,0.5,GLOBAL,0.5
502,6,306.29713930671437,8.05352220340197,6.193973871992001,359.96670076787103,1,P1,0.01589684956466949,0.5260416666666666,0.5,GLOBAL,0.5
505,2,306.84094924589414,4.252985099280644,4.8711517628329934,360.5105107070508,1,P2,-0.32616793909378367,0.32917705735660846,0.5,GLOBAL,0.5
506,1,307.4516696671633,5.157615392270822,3.563364631319329,361.12123112831995,1,P2,-0.9623539158052433,0.07042253521126761,0.5,GLOBAL,0.5
509,2,309.44381833151743,8.298176911606722,7.022667431553644,363.1133797926741,2,P1,1.1638526841637744,0.9301745635910225,0.5,GLOBAL,0.5
508,1,309.8194298419913,3.600500671550432,1.643562757548312,363.48899130314794,0,P1,1.4557742695645055,0.9213615023474179,0.5,GLOBAL,0.5
507,1,310.6193271232112,4.871001745169386,0.7751423963108942,364.28888858436784,0,P2,1.8300036344344448,0.9553990610328639,0.5,GLOBAL,0.5
512,2,310.8617959391389,7.005643554799837,5.769889775962168,364.5313574002956,1,P1,-0.10232381481204984,0.4463840399002494,0.5,GLOBAL,0.5
503,6,311.1803275610324,2.442901843135564,9.700603662533318,364.8498890221891,2,P1,1.455256311988888,0.921875,0.5,GLOBAL,0.5
511,1,311.604460257999,4.651816540876356,2.8318257115855765,365.27402171915566,0,P1,0.5766317925799479,0.778169014084507,0.5,GLOBAL,0.5
514,1,311.79786398156165,7.071207984355005,4.17480212875131,365.4674254427183,1,P1,0.6857133588187634,0.8063380281690141,0.5,GLOBAL,0.5
510,1,312.0011336485089,5.021091144930237,1.1880559426558848,365.6706951096656,0,P1,0.4722046499795649,0.7406103286384976,0.5,GLOBAL,0.5
515,2,312.0806233307792,8.640952267144774,7.221487675111178,365.75018479193585,2,P2,-0.2410455671060028,0.3765586034912718,0.5,GLOBAL,0.5
513,1,312.78563682279525,5.954415268069822,3.653836022682682,366.4551982839519,1,P1,0.12268128705481494,0.5997652582159625,0.5,GLOBAL,0.5
517,1,313.1081563830792,8.84277310981415,5.520179244211999,366.77771784423584,1,P2,-0.374008796697192,0.31220657276995306,0.5,GLOBAL,0.5
516,1,313.886623001609,6.246351950423896,3.7467558470284366,367.55618446276566,1,P1,-0.30349107665492947,0.3438967136150235,0.5,GLOBAL,0.5
518,1,315.1522100854506,7.501250452574478,1.7345275194954912,368.82177154660724,0,P1,0.4167236877472591,0.7241784037558685,0.5,GLOBAL,0.5
519,2,315.6455550501296,6.124526392626269,6.198492025096988,369.31511651128625,1,P1,0.8741083567230019,0.8628428927680798,0.5,GLOBAL,0.5
520,1,315.75326558158224,9.279072035851689,3.658521949881664,369.4228270427389,1,P2,-0.321315623230937,0.3333333333333333,0.5,GLOBAL,0.5
521,6,318.19173784026015,4.875620578082783,4.820080683277104,371.8612993014168,1,P2,-0.555437865374934,0.234375,0.5,GLOBAL,0.5
522,2,318.2520918254362,7.970764685417567,7.623271785832255,371.92165328659286,2,P1,-0.5236171564184436,0.23940149625935161,0.5,GLOBAL,0.5
523,1,320.7403878994604,6.321696473879901,5.866712623173451,374.4099493606171,1,P2,0.09623459644534899,0.5751173708920188,0.5,GLOBAL,0.5
524,2,322.4806712405315,7.2245291136576695,4.060579387899994,376.15023270168814,1,P2,2.2408996968360135,0.9962593516209476,0.5,GLOBAL,0.5
525,1,323.459281205549,6.41670737572041,1.4843711992040203,377.1288426667057,0,P1,2.474334453558125,0.9953051643192489,0.5,GLOBAL,0.5
526,1,323.5108938175681,8.06834010634149,6.199083946653218,377.18045527872476,1,P3,0.24379138297320216,0.6514084507042254,0.5,GLOBAL,0.5
530,1,324.5105929553211,5.1820375177076015,3.519737290492513,378.18015441647776,1,P2,-0.8173652685902199,0.10093896713615023,0.5,GLOBAL,0.5
529,1,325.12399544563254,7.823503871132372,3.7163893293625105,378.7935569067892,1,P2,-0.01813978028344646,0.4823943661971831,0.5,GLOBAL,0.5
531,2,325.2088733945049,8.810261300546054,9.317823250656476,378.87843485566157,2,P1,-0.8954595668728329,0.10473815461346633,0.5,GLOBAL,0.5
527,1,325.6437243530899,7.144328255984031,2.6902375317460105,379.31328581424657,0,P2,1.062313423271843,0.8791079812206573,0.5,GLOBAL,0.5
528,1,326.18178897427134,7.2763799488342,4.066548941139144,379.851350435428,1,P2,0.1117932889773508,0.5892018779342723,0.5,GLOBAL,0.5
532,2,326.6109998074788,9.367620141814172,6.110847931610922,380.28056126863544,1,P2,1.4090832890498595,0.9551122194513716,0.5,GLOBAL,0.5
533,2,326.7577273402877,7.17354086772465,9.165898421601195,380.4272888014444,2,P1,-0.43416224837663325,0.27680798004987534,0.5,GLOBAL,0.5
534,1,327.8145478268754,7.351394143547663,5.37198318137864,381.4841092880321,1,P1,-0.8183387345493326,0.09859154929577464,0.5,GLOBAL,0.5
535,1,328.6888975418988,6.529996427783081,9.870266306724425,382.3584590030555,2,P2,-0.41555232349100296,0.289906103286385,0.5,GLOBAL,0.5
536,3,329.6417995649067,6.380219784363673,5.180265171894388,383.31136102606337,1,BG,,,0.5,GLOBAL,0.5
539,1,330.0381554425593,7.840564424715939,1.7483968920634865,383.70771690371595,0,P3,0.43313914850592916,0.7335680751173709,0.5,GLOBAL,0.5
537,6,330.3889828301318,4.3542243218083625,9.034908366401497,384.05854429128846,2,P1,0.10206106496769307,0.5989583333333334,0.5,GLOBAL,0.5
540,2,331.32078913069887,5.608042792826401,8.658600461982873,384.99035059185553,2,P2,1.6055466425982534,0.9800498753117207,0.5,GLOBAL,0.5
538,1,331.4165564297794,5.48616730958122,2.4808386797145863,385.08611789093607,0,P3,2.3170178596967688,0.9847417840375586,0.5,GLOBAL,0.5
545,1,332.13757412605236,6.285010926736079,3.465148804178913,385.807135587209,0,P1,-0.3963679936635142,0.2992957746478873,0.5,GLOBAL,0.5
543,2,332.3902114575792,5.405942097395648,8.123275451811352,386.05977291873586,2,P1,-1.2436873522389218,0.04239401496259352,0.5,GLOBAL,0.5
541,1,332.78323000570344,4.624022136201438,2.816748974151479,386.4527914668601,0,P1,0.08466481616540733,0.5633802816901409,0.5,GLOBAL,0.5
544,1,333.28627504839926,8.222848759962945,2.4699030046617407,386.9558365095559,0,P1,0.0605898178664488,0.5410798122065728,0.5,GLOBAL,0.5
542,1,333.4775912299562,4.67239493150192,1.7211210050666397,387.14715269111286,0,P1,0.0,0.5005868544600939,0.5,GLOBAL,0.5
546,2,333.5712409010338,4.8378503219738285,6.231046361364187,387.24080236219044,1,P1,0.3880361204508746,0.7032418952618454,0.5,GLOBAL,0.5
548,3,338.2399411730108,7.344204447368865,9.77103176527806,391.90950263416744,2,BG,,,0.5,GLOBAL,0.5
549,3,339.2267139118617,5.382523093100657,5.5430577226816595,392.89627537301834,1,BG,,,0.5,GLOBAL,0.5
550,2,339.6319131915891,8.057568726575274,8.856324835421253,393.30147465274575,2,P1,-1.1675696723976827,0.057356608478802994,0.5,GLOBAL,0.5
547,6,340.30569415810896,4.472472568851224,1.055514633821852,393.9752556192656,0,P1,2.20311818068137,0.9791666666666666,0.5,GLOBAL,0.5
553,2,340.58266774317565,8.118059292144006,9.047158289842859,394.2522292043323,2,P2,-0.8821057328884914,0.10972568578553615,0.5,GLOBAL,0.5
551,1,340.65789160458127,4.235929542209974,3.8490631397735844,394.3274530657379,1,P1,-1.1782482622333388,0.04107981220657277,0.5,GLOBAL,0.5
552,1,341.0338102112222,7.5853465800965125,2.9819801525209413,394.70337167237886,0,P1,-0.9187807189801983,0.08215962441314555,0.5,GLOBAL,0.5
554,6,341.81059379780646,5.972006112683516,8.27701947525921,395.4801552589631,2,P1,-0.5769493993978496,0.22395833333333334,0.5,GLOBAL,0.5
555,6,343.1693029725674,6.973325498656954,9.313933274682286,396.83886443372404,2,P1,-0.7938678612198654,0.140625,0.5,GLOBAL,0.5
556,3,344.2713333660843,3.9860458612362386,5.118385818057434,397.940894827241,1,BG,,,0.5,GLOBAL,0.5
557,1,344.3479043870171,7.841126794752789,1.8367883379784182,398.01746584817374,0,P1,1.6887814907409529,0.9448356807511737,0.5,GLOBAL,0.5
559,2,344.6831621847592,5.159874913583934,9.464963524357085,398.3527236459159,2,P2,0.17118715063833512,0.5960099750623441,0.5,GLOBAL,0.5
558,1,344.76135927674716,7.817473142416926,7.219673370665188,398.4309207379038,2,P1,-0.09013072843499888,0.43896713615023475,0.5,GLOBAL,0.5
560,1,345.4158474417199,4.891185477084797,8.712713656666681,399.08540890287657,2,P1,1.4744919743347165,0.9272300469483568,0.5,GLOBAL,0.5
563,1,346.23768404919207,9.51352159715686,4.003440494522227,399.90724551034873,1,P2,-0.6338983633676873,0.16549295774647887,0.5,GLOBAL,0.5
561,1,347.23570206607434,5.207438763042736,2.3876762279734787,400.905263527231,0,P1,0.1455834335723171,0.6115023474178404,0.5,GLOBAL,0.5
564,6,347.5964501099838,6.102781824734071,4.043767944019929,401.26601157114044,1,P2,-0.7361949447461088,0.17708333333333334,0.5,GLOBAL,0.5
566,2,347.6524714831857,5.986785046356748,5.951219097026801,401.32203294434237,1,P2,-0.07407110578880176,0.4613466334164589,0.5,GLOBAL,0.5
565,2,347.86357599979186,7.220015854115332,8.7080746430572,401.5331374609485,2,P1,-0.9073333861419408,0.09975062344139651,0.5,GLOBAL,0.5
567,1,348.7535764697489,5.082958999013629,5.873143574973822,402.42313793090557,1,P1,0.6303867880332128,0.7934272300469484,0.5,GLOBAL,0.5
562,1,348.86970557319773,4.9791809454542495,1.7487367978080839,402.5392670343544,0,P2,-0.11873159905822406,0.431924882629108,0.5,GLOBAL,0.5
568,3,349.52251136812305,6.223012146161022,6.779908672056533,403.1920728292797,1,BG,,,0.5,GLOBAL,0.5
571,1,351.27685080752553,6.619566410886482,4.566427995761394,404.9464122686822,1,P2,-0.37748617798494793,0.30985915492957744,0.5,GLOBAL,0.5
570,1,351.63017073029016,5.9461164685208425,3.820758987405243,405.2997321914468,1,P2,0.5080650620795035,0.755868544600939,0.5,GLOBAL,0.5
569,6,352.10474543047235,5.556728265341182,1.8741655110657354,405.774306891629,0,P1,0.6763990172638825,0.8020833333333334,0.5,GLOBAL,0.5
572,1,352.5812914110071,5.9399255927912336,5.247003262452503,406.25085287216376,1,P1,0.10197926476645046,0.5821596244131455,0.5,GLOBAL,0.5
573,1,353.1029484659033,11.901844769161924,9.22934769076459,406.77250992705996,2,P1,-0.9597654637873874,0.0715962441314554,0.5,GLOBAL,0.5
575,1,354.1399818513807,4.77549633600637,3.573476756659827,407.80954331253736,1,P3,0.09918242404724523,0.5786384976525821,0.5,GLOBAL,0.5
574,1,354.1579647396469,5.214101669459341,1.624296543696811,407.82752620080356,0,P1,0.9543402779904431,0.863849765258216,0.5,GLOBAL,0.5
577,1,354.6862862268011,8.855951459543881,6.081580458188193,408.35584768795775,1,P1,0.11539219282917176,0.5927230046948356,0.5,GLOBAL,0.5
576,2,354.7157374460063,6.741403433075332,8.867471428321977,408.38529890716296,2,P2,0.34439487585928485,0.6683291770573566,0.5,GLOBAL,0.5
578,1,356.80428646586415,4.906756607757805,1.8373163034208349,410.4738479270208,0,P1,0.5130460400798627,0.7582159624413145,0.5,GLOBAL,0.5
579,3,357.7260996637509,7.046871745689349,7.470677908220533,411.3956611249076,2,BG,,,0.5,GLOBAL,0.5
580,2,359.1477082706861,6.341622659894005,9.643941771445776,412.81726973184277,2,P1,-0.697471691034724,0.1546134663341646,0.5,GLOBAL,0.5
586,1,360.469820489474,7.96404271797908,7.972036296791589,414.13938195063065,2,P3,-0.9314824849416204,0.07746478873239436,0.5,GLOBAL,0.5
581,3,360.5203446929471,7.092843155824785,4.459329234529203,414.18990615410377,1,BG,,,0.5,GLOBAL,0.5
582,1,360.6820943793082,8.361850160198708,7.050562852793106,414.35165584046484,2,P1,-0.6099439363882427,0.1807511737089202,0.5,GLOBAL,0.5
583,1,360.76037167312967,10.283333251557446,10.21239358745215,414.42993313428633,2,P1,-1.3002200275528881,0.03169014084507042,0.5,GLOBAL,0.5
584,1,361.1996388075338,6.356074126820178,9.116674819735419,414.86920026869046,2,P3,-1.0774496677604755,0.056338028169014086,0.5,GLOBAL,0.5
585,1,361.59729682916276,8.698748843514911,9.763189636903148,415.2668582903194,2,P2,-1.164428856774876,0.04225352112676056,0.5,GLOBAL,0.5
591,1,362.8267052968912,5.815883538560357,2.6129306396567737,416.49626675804785,0,P2,1.2785680718582872,0.9061032863849765,0.5,GLOBAL,0.5
587,6,362.8644318148201,7.034988985028967,9.083885086714833,416.53399327597674,2,P1,-0.6143894210777895,0.21354166666666666,0.5,GLOBAL,0.5
590,6,363.6263686519855,7.90760153534105,6.923353953463154,417.29593011314216,1,P1,-0.3758139234760908,0.3072916666666667,0.5,GLOBAL,0.5
592,2,363.9452262281888,7.168362226941028,9.401000333091353,417.61478768934546,2,P1,-0.2881628816197152,0.3541147132169576,0.5,GLOBAL,0.5
593,2,364.34277136541385,7.016032787830695,5.342882628743516,418.0123328265705,1,P1,-0.6776637299222209,0.1596009975062344,0.5,GLOBAL,0.5
596,2,365.22815575115277,6.864064932941377,8.864527286045842,418.89771721230943,2,P2,-1.2565158983381168,0.03740648379052369,0.5,GLOBAL,0.5
588,6,365.7829993170523,5.2049656137285085,2.6084834564462986,419.452560778209,0,P2,-0.16279834551244357,0.4114583333333333,0.5,GLOBAL,0.5
589,6,365.78648077832446,5.129616201148685,4.616568151228587,419.4560422394811,1,P1,-0.13144307280495174,0.4322916666666667,0.5,GLOBAL,0.5
595,1,365.8482113617404,9.556595741358878,5.566497582797664,419.5177728228971,1,P2,-0.6733333963505203,0.14906103286384975,0.5,GLOBAL,0.5
598,1,366.5648909865289,8.221567745199389,8.427087521045694,420.23445244768556,2,P1,-0.7977092741409975,0.107981220657277,0.5,GLOBAL,0.5
594,6,366.71624458191036,4.655884180388679,5.408401174272192,420.385806043067,1,P2,-0.3069187681450728,0.34375,0.5,GLOBAL,0.5
601,1,366.7714463833698,5.1877635255883,1.8129698295977061,420.44100784452644,0,P3,1.0197117799072744,0.8732394366197183,0.5,GLOBAL,0.5
606,1,366.87503611971727,6.023218117425823,1.8043290642848464,420.5445975808739,0,P2,0.9973126997868147,0.8685446009389671,0.5,GLOBAL,0.5
600,1,367.03613340918014,9.630080435896643,7.783831515659023,420.7056948703368,2,P3,0.08123198698820103,0.5586854460093896,0.5,GLOBAL,0.5
602,1,367.0858742638839,7.345713945282003,1.7987790732797935,420.75543572504057,0,P1,-2.0986657101446715,0.005868544600938967,0.5,GLOBAL,0.5
597,1,367.9117928858135,5.955610551315509,6.531286349644363,421.58135434697016,1,P3,1.1097053010158013,0.8873239436619719,0.5,GLOBAL,0.5
599,2,368.0161152214857,4.62389682374829,5.769886302577257,421.68567668264234,1,P2,1.005451307482572,0.8977556109725686,0.5,GLOBAL,0.5
607,1,368.28690453130895,8.340372577459176,2.0107381256005654,421.9564659924656,0,P3,0.28532320007600065,0.6737089201877934,0.5,GLOBAL,0.5
603,1,368.76178800432234,6.289208703120255,2.3715310554724405,422.431349465479,0,P2,0.6337133794940554,0.7946009389671361,0.5,GLOBAL,0.5
604,6,368.8952286996255,3.849523059869953,4.557069139460576,422.56479016078214,1,P2,0.515273599717578,0.765625,0.5,GLOBAL,0.5
605,2,369.1600751255081,5.561544219575074,8.863472344630841,422.8296365866648,2,P1,1.4369829823613465,0.9600997506234414,0.5,GLOBAL,0.5
609,2,370.25384652612865,4.993026589369366,3.869658084518472,423.9234079872853,1,P1,0.09026720340120557,0.5411471321695761,0.5,GLOBAL,0.5
608,6,371.58181205404344,5.32972269632684,2.054936501369753,425.2513735152001,0,P2,1.1734126171989432,0.8802083333333334,0.5,GLOBAL,0.5
612,2,372.5520560133097,6.379937660869868,6.021015867241952,426.22161747446637,1,P2,1.535399485453248,0.9750623441396509,0.5,GLOBAL,0.5
610,1,372.74419693563704,4.94933412911943,1.6598682974158694,426.4137583967937,0,P2,0.721813907303743,0.8157276995305164,0.5,GLOBAL,0.5
614,3,373.356637612303,5.684605401393263,9.735100170042209,427.0261990734597,2,BG,,,0.5,GLOBAL,0.5
613,6,374.2499633525066,4.4772052951784245,3.1312272534655694,427.91952481366326,0,P1,-0.33847049800478807,0.328125,0.5,GLOBAL,0.5
611,6,375.23930699756494,5.0395150236067465,1.4952608843745603,428.9088684587216,0,P1,1.7253097902306322,0.9427083333333334,0.5,GLOBAL,0.5
615,1,375.73209113994375,5.359269763574453,4.051508499407867,429.4016526011004,1,P3,0.3878903256008704,0.7112676056338029,0.5,GLOBAL,0.5
616,1,376.0573587130581,4.40360657512301,3.897361797940843,429.72692017421474,1,P2,-0.054881692095232984,0.45422535211267606,0.5,GLOBAL,0.5
617,1,384.8810510445175,6.640037802077387,2.2960980105465794,438.55061250567417,0,P3,2.1721090569371957,0.9765258215962441,0.5,GLOBAL,0.5
619,1,387.96753334553836,4.559891232382355,3.0930962894165828,441.637094806695,0,P1,2.4698498893873,0.9894366197183099,0.5,GLOBAL,0.5
618,6,388.84663255030756,5.393857004971739,2.2380210887751173,442.5161940114642,0,P1,0.009594611328820744,0.5208333333333334,0.5,GLOBAL,0.5
621,1,389.07216775446255,7.2467431626494205,4.343208483843177,442.7417292156192,1,P2,-0.279922282015092,0.3532863849765258,0.5,GLOBAL,0.5
620,1,389.72093943900217,5.195246364485148,10.14609683687048,443.3905009001588,2,P2,-0.04983796537813133,0.460093896713615,0.5,GLOBAL,0.5
625,2,389.95479194599267,8.978976141318245,8.321982373315807,443.62435340714933,2,P1,-1.4678651725822858,0.022443890274314215,0.5,GLOBAL,0.5
624,1,390.5436145083848,5.931056220800083,6.167730404869553,444.21317596954145,1,P3,-0.8919763287430902,0.08568075117370892,0.5,GLOBAL,0.5
622,1,390.6470941469106,7.138888120894417,1.3215051987949693,444.31665560806726,0,P2,-0.14932526094980708,0.42370892018779344,0.5,GLOBAL,0.5
623,1,390.7637938127471,5.919394510004689,2.798042557997447,444.43335527390377,0,P2,0.408954479837096,0.721830985915493,0.5,GLOBAL,0.5
627,2,391.4765562955788,10.015179568825518,8.002810701406215,445.14611775673546,2,P2,-1.221820496999454,0.04488778054862843,0.5,GLOBAL,0.5
628,1,392.59436017412276,10.599736148390544,5.073300676136178,446.2639216352794,1,P1,-1.6068477733282884,0.022300469483568074,0.5,GLOBAL,0.5
626,1,392.93130228891465,6.556559099081247,2.69094852119205,446.6008637500713,0,P3,0.48736108253192745,0.7488262910798122,0.5,GLOBAL,0.5
630,1,397.59230753437663,9.283330300275393,6.190168731676194,451.2618689955333,1,P2,0.0,0.5005868544600939,0.5,GLOBAL,0.5
629,3,398.2109391541514,6.669044168102615,3.7440184881855028,451.88050061530805,1,BG,,,0.5,GLOBAL,0.5
631,1,398.2482286554008,8.769557701836034,9.75521923541527,451.91779011655746,2,P2,-1.570015438678651,0.023474178403755867,0.5,GLOBAL,0.5
633,1,398.57684251676534,9.250851986109446,6.13857103795336,452.246403977922,1,P2,-0.8490179478499774,0.09389671361502347,0.5,GLOBAL,0.5
632,2,400.127647207578,6.3753047461437555,5.940129247032363,453.79720866873464,1,P2,0.4782555301664238,0.7406483790523691,0.5,GLOBAL,0.5
636,1,402.18850891548266,7.381110992866478,7.362131689038509,455.8580703766393,2,P1,-0.43335654320720024,0.28169014084507044,0.5,GLOBAL,0.5
637,1,402.87986786751713,5.536677796415125,8.25981046366199,456.5494293286738,2,P2,-0.540112521595963,0.21713615023474178,0.5,GLOBAL,0.5
634,6,402.93122968447585,6.746762735369623,3.4142522264428226,456.6007911456325,0,P2,0.5145661476410216,0.7604166666666666,0.5,GLOBAL,0.5
635,6,404.24688717308345,5.339467846349915,9.544719276094241,457.9164486342401,2,P1,0.45391861425301483,0.7447916666666666,0.5,GLOBAL,0.5
638,5,404.8493663838876,7.119719914089188,5.943657023774432,458.5189278450443,1,BG,,,0.5,GLOBAL,0.5
642,1,405.1991641700761,5.925005733436997,3.7738192598366505,458.86872563123273,1,P2,-0.4361619033278063,0.2805164319248826,0.5,GLOBAL,0.5
639,1,405.4828751427443,5.051287365403381,0.2920012545955965,459.152436603901,0,P1,1.7241146790222153,0.9483568075117371,0.5,GLOBAL,0.5
640,6,405.8854970457561,8.292512697275132,2.8035079201861812,459.55505850691276,0,P2,-0.28588971891086484,0.3541666666666667,0.5,GLOBAL,0.5
641,2,406.4625463783115,5.017151902160957,6.349302717005495,460.1321078394682,1,P2,0.017220850741091556,0.5149625935162094,0.5,GLOBAL,0.5
643,1,406.5592402403807,5.659611655554083,8.784047574034098,460.22880170153735,2,P2,0.7659539667585682,0.8345070422535211,0.5,GLOBAL,0.5
644,1,406.9527292597549,5.084498451497141,5.544177595612867,460.62229072091156,1,P1,0.27470036034859996,0.67018779342723,0.5,GLOBAL,0.5
645,6,408.1197421673251,5.937524899276355,9.037376522133155,461.7893036284818,2,P1,-0.10154027290431841,0.4479166666666667,0.5,GLOBAL,0.5
646,2,408.79068955248107,6.9295549547659965,5.90489905949612,462.46025101363773,1,P1,0.019349677697036688,0.5187032418952618,0.5,GLOBAL,0.5
648,6,409.919861617775,7.457383632829082,5.081091869250895,463.58942307893165,1,P2,-0.8485376479830313,0.11979166666666667,0.5,GLOBAL,0.5
647,6,410.25863896404945,3.5051864725219244,9.515685239148628,463.9282004252061,2,P2,0.34630731666265474,0.6927083333333334,0.5,GLOBAL,0.5
650,1,410.3688786248747,8.666456056089338,7.280234026533448,464.03844008603136,2,P1,-0.029079489290833246,0.47300469483568075,0.5,GLOBAL,0.5
649,1,410.6210925272972,5.755091804570701,2.734272704470751,464.29065398845387,0,P1,0.19870547443870945,0.6314553990610329,0.5,GLOBAL,0.5
651,2,411.74522425399397,5.079120118042418,6.436484248146927,465.41478571515063,1,P1,0.36674263756636283,0.6882793017456359,0.5,GLOBAL,0.5
652,2,412.05009609498705,7.867708265887493,4.081449501230911,465.7196575561437,1,P2,-0.40013339002138903,0.2967581047381546,0.5,GLOBAL,0.5
658,1,413.1746825014322,7.720235723109189,8.851720753435451,466.84424396258885,2,P1,0.06462324779646593,0.5446009389671361,0.5,GLOBAL,0.5
653,6,413.36496383590566,6.339870396373291,6.414344920681806,467.0345252970623,1,P2,-0.28044398776975754,0.3645833333333333,0.5,GLOBAL,0.5
656,1,413.4748265159544,6.552593960343061,2.1285821730767323,467.1443879771111,0,P1,-0.1690973992547223,0.4096244131455399,0.5,GLOBAL,0.5
657,1,413.9588737514904,6.4677771855319195,3.4267217486723673,467.62843521264705,0,P1,-0.7326419148520875,0.12910798122065728,0.5,GLOBAL,0.5
654,1,414.3640433124641,5.404102797386339,1.1446679297734956,468.03360477362077,0,P1,1.014609776992271,0.8697183098591549,0.5,GLOBAL,0.5
660,2,415.0898959088622,4.808054502800941,7.799241026291938,468.7594573700189,2,P1,-0.5543864147410296,0.2144638403990025,0.5,GLOBAL,0.5
661,1,415.20375599337535,5.691505497927526,3.8985318729921046,468.873317454532,1,P1,-0.7174687775891821,0.13497652582159625,0.5,GLOBAL,0.5
655,1,415.3258128630062,6.777710592249517,3.91055271387596,468.99537432416287,1,P1,-0.6798826877515401,0.14553990610328638,0.5,GLOBAL,0.5
659,1,415.8251639901906,5.784920433811679,4.863607515318084,469.4947254513473,1,P2,-0.3156757597398167,0.33568075117370894,0.5,GLOBAL,0.5
662,1,416.1413377604359,7.0381388058095995,3.392826218999464,469.81089922159254,0,P2,-0.33830941094134637,0.32511737089201875,0.5,GLOBAL,0.5
664,1,416.9640403907301,9.732508943614441,8.050141547196363,470.63360185188674,2,P3,0.6839359630896302,0.8051643192488263,0.5,GLOBAL,0.5
663,2,417.2710337475127,7.119969766771122,5.531653967057823,470.9405952086694,1,P1,0.016448620504735615,0.5112219451371571,0.5,GLOBAL,0.5
666,1,418.5558764500746,6.625695663159774,3.7612429350284757,472.22543791123127,1,P2,-0.00869756661132674,0.48708920187793425,0.5,GLOBAL,0.5
665,1,418.6350585882412,7.554351087000062,1.4974880424168364,472.30462004939784,0,P1,0.7231811442173172,0.8169014084507042,0.5,GLOBAL,0.5
667,2,418.63821587503764,8.023700563016765,6.569589231082637,472.3077773361943,1,P1,-0.2838218342608803,0.3566084788029925,0.5,GLOBAL,0.5
668,2,419.534025400976,6.088536950609595,5.876629731608422,473.2035868621327,1,P1,0.4718388497152091,0.7381546134663342,0.5,GLOBAL,0.5
670,2,420.46966192996103,6.66032710291398,8.959924134438173,474.1392233911177,2,P2,2.2408996968360135,0.9962593516209476,0.5,GLOBAL,0.5
669,1,421.2831496309506,7.3884965132611455,1.8391239153412478,474.9527110921073,0,P1,2.2609134867954634,0.9812206572769953,0.5,GLOBAL,0.5
672,2,421.5734076329552,6.613624562103155,8.810551114589751,475.24296909411186,2,P2,0.21526404946417502,0.6184538653366584,0.5,GLOBAL,0.5
671,1,421.872850897666,7.381642693658124,5.628623567887676,475.5424123588227,1,P2,-0.30418799608810154,0.3427230046948357,0.5,GLOBAL,0.5
673,1,422.1675781215423,7.009585427080432,4.452748054499997,475.83713958269897,1,P2,-0.05065196330817708,0.45892018779342725,0.5,GLOBAL,0.5
674,1,423.24819815786867,7.800561995196977,2.8453954689375482,476.91775961902533,0,P1,-0.09996347533618058,0.43779342723004694,0.5,GLOBAL,0.5
678,2,424.106890526081,8.440282788983954,9.400599185586254,477.77645198723764,2,P1,-0.4541291832665913,0.26184538653366585,0.5,GLOBAL,0.5
676,1,424.19379083352936,7.242691765281356,3.091035556078412,477.863352294686,0,P3,-0.8883163943039427,0.0880281690140845,0.5,GLOBAL,0.5
681,2,424.67849607176265,7.09815986177976,7.987260752415336,478.3480575329193,2,P1,-0.4579404726942557,0.2593516209476309,0.5,GLOBAL,0.5
677,1,425.11215709100816,6.595073350275004,0.8577994857306496,478.7817185521648,0,P1,-0.021928393615531422,0.4788732394366197,0.5,GLOBAL,0.5
679,1,425.2647370596456,8.668984774991,1.9811025913996954,478.93429852080226,0,P1,-0.9728291830397267,0.06807511737089202,0.5,GLOBAL,0.5
683,1,425.4880016134673,5.061457996715007,4.294325121113172,479.15756307462397,1,P3,0.5377315962949818,0.7664319248826291,0.5,GLOBAL,0.5
682,3,426.49951211813135,5.192461753735084,6.478074893327242,480.169073579288,1,BG,,,0.5,GLOBAL,0.5
675,4,426.83711094498955,5.268102920293998,2.887495010012608,480.5066724061462,0,BG,,,0.5,GLOBAL,0.5
684,2,427.94936232859385,3.9994063186153683,9.91738735224063,481.6189237897505,2,P1,2.231189640282258,0.9900249376558603,0.5,GLOBAL,0.5
680,1,428.2693898049314,4.373226016486374,0.7619246294604408,481.93895126608805,0,P1,2.474334453558125,0.9953051643192489,0.5,GLOBAL,0.5
685,6,428.79164783133706,5.112636257653735,9.27519400932033,482.4612092924937,2,P1,-1.6536624713657155,0.03125,0.5,GLOBAL,0.5
686,3,429.9129513334684,4.933714486376339,6.86248265546219,483.5825127946251,1,BG,,,0.5,GLOBAL,0.5
688,1,430.68032073740636,4.98337948161276,9.959549733587513,484.349882198563,2,P2,0.32950710541667033,0.6924882629107981,0.5,GLOBAL,0.5
689,1,430.8499839075075,8.030831084313155,10.03340691819789,484.5195453686642,2,P3,0.12830148632489322,0.602112676056338,0.5,GLOBAL,0.5
687,1,431.84135415476055,3.8247386247745148,10.65520449969173,485.5109156159172,2,P1,0.9470220641744205,0.8626760563380281,0.5,GLOBAL,0.5
698,1,431.96146955086834,8.413143618613496,5.586334580503748,485.631031012025,1,P1,-0.6539343690518844,0.15610328638497653,0.5,GLOBAL,0.5
693,1,432.380159703645,5.476657445313781,3.73068517694307,486.04972116480167,1,P3,0.14556064547060832,0.6103286384976526,0.5,GLOBAL,0.5
692,2,432.7274916231676,10.5892078857573,7.211963563437339,486.3970530843243,2,P2,-0.7664054556310892,0.1396508728179551,0.5,GLOBAL,0.5
691,6,432.75645693484705,3.895612506425207,1.496387387204269,486.4260183960037,0,P2,1.7402637478722291,0.9479166666666666,0.5,GLOBAL,0.5
690,2,433.5,8.705181791677685,9.013892674258381,487.16956146115666,2,P2,0.6252924868219314,0.8054862842892768,0.5,GLOBAL,0.5
694,6,433.58234894487737,3.649946966550037,5.167143062283765,487.251910406034,1,P1,-0.4073642782210249,0.28125,0.5,GLOBAL,0.5
695,1,433.6957582485904,5.980195553220757,4.438553071346832,487.36531970974704,1,P1,-0.6263478388375884,0.17370892018779344,0.5,GLOBAL,0.5
697,2,434.0069057483023,5.349087996087354,9.303792468939802,487.67646720945896,2,P1,-0.12565978757210508,0.43640897755610975,0.5,GLOBAL,0.5
696,1,434.1696674966367,4.729663341827679,3.6205438962591407,487.83922895779335,1,P1,-0.4783647445526482,0.25586854460093894,0.5,GLOBAL,0.5
703,1,434.5621730733322,4.154910160344231,8.188008798131285,488.23173453448885,2,P1,1.0712727382447482,0.8814553990610329,0.5,GLOBAL,0.5
702,1,434.91561092459625,6.450008792509253,3.0234197499151305,488.5851723857529,0,P1,0.41717252182813036,0.7265258215962441,0.5,GLOBAL,0.5
700,1,434.9771494376888,6.715791985652271,4.372271653870418,488.64671089884547,1,P3,-0.3669186104514844,0.3145539906103286,0.5,GLOBAL,0.5
699,2,435.02703705434203,3.6140804393419446,6.638540469426974,488.6965985154987,1,P1,0.14706389579626905,0.571072319201995,0.5,GLOBAL,0.5
701,6,435.85389041700216,6.139826964493949,3.521331283046879,489.5234518781588,1,P1,-2.0598524289402724,0.015625,0.5,GLOBAL,0.5
704,3,436.2739806959267,5.884213153998732,9.567014486061373,489.94354215708336,2,BG,,,0.5,GLOBAL,0.5
705,1,436.31973634641037,5.560601254173806,0.6942702178836955,489.989297807567,0,P3,1.1548667915871953,0.892018779342723,0.5,GLOBAL,0.5
706,2,437.05385700050897,4.939110118417741,5.983286914086235,490.72341846166563,1,P1,0.9731475477269729,0.8927680798004988,0.5,GLOBAL,0.5
707,1,438.08056018051735,4.146678262968782,5.120999449422282,491.750121641674,1,P3,0.22365721358641663,0.6384976525821596,0.5,GLOBAL,0.5
710,1,438.14577222663087,2.965993745280066,5.200364219769002,491.81533368778753,1,P1,-0.8020262714782063,0.1068075117370892,0.5,GLOBAL,0.5
708,2,438.8421887941727,4.756827985538523,6.636979377171871,492.5117502553294,1,P1,0.16140738678134783,0.5935162094763092,0.5,GLOBAL,0.5
713,2,439.41905192528105,5.51086870711392,8.864146412991637,493.0886133864377,2,P1,0.35675732445222313,0.683291770573566,0.5,GLOBAL,0.5
709,2,439.5619614724835,6.359053046920527,4.609367861932998,493.2315229336402,1,P1,0.054920002371798275,0.5261845386533666,0.5,GLOBAL,0.5
715,2,440.2130192519186,6.682837651698509,6.613872646393862,493.88258071307524,1,P1,-0.7871900030009867,0.13466334164588528,0.5,GLOBAL,0.5
714,2,440.61205483887994,4.854485990598423,9.25417119875757,494.2816163000366,2,P1,0.9695258105741139,0.885286783042394,0.5,GLOBAL,0.5
712,1,440.74587338708835,3.4474523449381222,2.9177206625883447,494.415434848245,0,P1,1.9540316993942397,0.9671361502347418,0.5,GLOBAL,0.5
711,6,441.28606638623586,2.9676449022029487,1.777136475475108,494.9556278473925,0,P1,0.9275261362010203,0.8541666666666666,0.5,GLOBAL,0.5
716,2,441.335923864529,5.383438409573577,8.601735640980142,495.00548532568564,2,P1,-2.081835902965241,0.006234413965087282,0.5,GLOBAL,0.5
718,5,441.612202400373,4.882488075517896,5.14952385449299,495.28176386152967,1,BG,,,0.5,GLOBAL,0.5
717,6,442.5343511764611,2.462588812909726,2.602523085521378,496.20391263761775,0,P2,0.7872989451721147,0.8385416666666666,0.5,GLOBAL,0.5
721,2,442.5808862962145,5.257768021691778,9.270102617679846,496.25044775737115,2,P2,0.6144907404031963,0.7980049875311721,0.5,GLOBAL,0.5
720,1,442.6697033638282,5.280933076295193,3.777649596845579,496.33926482498487,1,P1,0.04208808329803842,0.5352112676056338,0.5,GLOBAL,0.5
724,2,442.8361909190346,5.014649594434157,6.691458551792251,496.50575238019127,1,P1,-1.416590354402938,0.02493765586034913,0.5,GLOBAL,0.5
723,1,443.1783470567099,6.362959227173247,4.529717003604526,496.8479085178666,1,P2,-0.8913529745879664,0.08685446009389672,0.5,GLOBAL,0.5
719,1,443.3849644082419,6.344839118174932,6.124159762882365,497.05452586939856,1,P1,0.028847220585500783,0.5258215962441315,0.5,GLOBAL,0.5
725,2,443.696659805582,4.541911767935999,9.396268794153352,497.36622126673865,2,P1,-0.08891833200921928,0.4513715710723192,0.5,GLOBAL,0.5
722,1,444.0210132395693,6.448719830913109,4.155188726702964,497.69057470072596,1,P1,1.1762302284844661,0.8943661971830986,0.5,GLOBAL,0.5
726,1,444.5477268796652,6.613829920302348,4.490484917943326,498.2172883408219,1,P3,-0.5337041558492401,0.22183098591549297,0.5,GLOBAL,0.5
732,1,444.83311701200125,6.774297549027109,4.135283780411665,498.5026784731579,1,P3,-0.07802384482206673,0.4424882629107981,0.5,GLOBAL,0.5
729,6,444.890440963641,6.522588013654108,6.098305806196755,498.5600024247977,1,P2,-0.8678277229127876,0.109375,0.5,GLOBAL,0.5
728,2,444.973712188119,6.933061811916419,8.631171289738967,498.64327364927567,2,P1,0.6150593182448207,0.800498753117207,0.5,GLOBAL,0.5
727,1,445.5955445091602,5.5812731910240965,2.2495888986554435,499.2651059703169,0,P1,0.5464282547672944,0.7687793427230047,0.5,GLOBAL,0.5
733,1,445.76794659473495,8.557252616598046,4.724443920175873,499.4375080558916,1,P1,0.020138829820444643,0.5246478873239436,0.5,GLOBAL,0.5
730,2,445.8994236640297,5.487530649659143,5.911435141904901,499.5689851251864,1,P1,1.4153397168999406,0.9576059850374065,0.5,GLOBAL,0.5
731,1,446.3755464333523,5.63819406156109,2.073246282915737,500.045107894509,0,P1,0.36417885935316785,0.7065727699530516,0.5,GLOBAL,0.5
734,6,446.51798060774564,5.859282576620412,8.743129839198831,500.1875420689023,2,P2,1.3357216059380035,0.890625,0.5,GLOBAL,0.5
738,2,447.13583317979936,6.810107802611517,9.784138752026875,500.805394640956,2,P1,-0.23814606677226616,0.3790523690773067,0.5,GLOBAL,0.5
736,1,447.15929525254876,6.210627987608395,1.5147650760335778,500.8288567137054,0,P2,0.5196081369918976,0.7629107981220657,0.5,GLOBAL,0.5
737,2,447.23424316791414,4.8109722161295405,6.227039568380884,500.9038046290708,1,P1,-0.3268247154389562,0.3266832917705736,0.5,GLOBAL,0.5
735,1,447.5313568025645,6.672090042628989,1.993046920167368,501.2009182637212,0,P2,-0.17688779941328595,0.4061032863849765,0.5,GLOBAL,0.5
741,1,447.5477778970394,7.064668094784764,4.774461721025427,501.21733935819606,1,P3,-0.5121116988430091,0.2300469483568075,0.5,GLOBAL,0.5
742,1,448.24757497335133,5.332743278623067,3.554865897978622,501.917136434508,1,P2,-0.023191072618658118,0.47769953051643194,0.5,GLOBAL,0.5
744,2,448.2664609884176,7.913359133000005,5.960398941249967,501.93602244957424,1,P1,-1.2142243353901578,0.04738154613466334,0.5,GLOBAL,0.5
739,1,448.3115180775572,5.351388318309871,2.2260658540767055,501.98107953871386,0,P1,-0.5250421359402433,0.22652582159624413,0.5,GLOBAL,0.5
746,2,449.0895463239778,6.6887056279983135,9.381673409794391,502.75910778513446,2,P2,0.8472856817499196,0.8603491271820449,0.5,GLOBAL,0.5
743,1,449.37922674151014,4.715209876398648,3.757721618812335,503.0487882026668,1,P2,1.0193726887373418,0.8720657276995305,0.5,GLOBAL,0.5
747,1,450.18038504399027,6.494349696849713,4.000524488505896,503.84994650514693,1,P2,-1.3769450704157857,0.028169014084507043,0.5,GLOBAL,0.5
740,1,450.28336814668745,4.2820279421757785,3.6596209377559847,503.9529296078441,1,P1,0.03966448878148974,0.534037558685446,0.5,GLOBAL,0.5
745,1,450.47865788251215,6.9006090383833785,1.2661271095390763,504.1482193436688,0,P1,0.6431145394802911,0.7981220657276995,0.5,GLOBAL,0.5
748,3,451.1244566983416,5.251622861525255,5.640974859927867,504.79401815949825,1,BG,,,0.5,GLOBAL,0.5
749,2,452.32919314479284,6.840490116404721,9.075331776037094,505.9987546059495,2,P2,1.094493265030766,0.912718204488778,0.5,GLOBAL,0.5
751,6,454.23091569706924,5.773271564839399,4.46979462572233,507.9004771582259,1,P2,1.2043886443984422,0.8854166666666666,0.5,GLOBAL,0.5
752,2,454.7911009469339,6.280015530817388,6.484712346767397,508.46066240809057,1,P2,0.6932363052091408,0.8229426433915212,0.5,GLOBAL,0.5
755,1,455.8936919635513,5.680721022778689,5.57922297936735,509.56325342470797,1,P2,0.11572459306750202,0.5938967136150235,0.5,GLOBAL,0.5
750,6,455.89765956599103,2.3080528253625117,3.279791551058198,509.5672210271477,0,P2,1.6337291302893318,0.9322916666666666,0.5,GLOBAL,0.5
754,2,456.0513538246499,7.107159625725019,7.14208944250868,509.72091528580654,2,P1,0.9758290085882274,0.8952618453865336,0.5,GLOBAL,0.5
756,2,456.92841054887356,5.0456016840516416,5.9708317343115,510.5979720100302,1,P1,-0.5303298301491697,0.22942643391521197,0.5,GLOBAL,0.5
753,2,457.0684587263266,4.758273865870642,8.722342486294025,510.73802018748324,2,P1,0.9209459595727005,0.8778054862842892,0.5,GLOBAL,0.5
759,1,457.4133228602277,6.380309475869593,3.2316363570205846,511.08288432138437,0,P1,-0.1908925701965567,0.39906103286384975,0.5,GLOBAL,0.5
760,1,457.77427175791496,4.405068079251365,3.0779087287921736,511.4438332190716,0,P2,-0.5803939055019872,0.1960093896713615,0.5,GLOBAL,0.5
757,1,457.93881034682164,3.7513555079574807,1.6279487497606329,511.6083718079783,0,P2,0.8310771028620715,0.8450704225352113,0.5,GLOBAL,0.5
758,2,458.3111764451901,5.941836856656444,7.617264989255405,511.98073790634675,2,P2,0.8094300737748776,0.8453865336658354,0.5,GLOBAL,0.5
762,1,458.65720674967434,5.518230707801045,5.102681541023661,512.326768210831,1,P1,-0.35564292740567865,0.318075117370892,0.5,GLOBAL,0.5
766,2,458.9931364767454,5.203037990793931,9.270279235483839,512.6626979379021,2,P2,-0.4613524581354809,0.2543640897755611,0.5,GLOBAL,0.5
765,1,459.1810723627094,4.159122592925531,0.7110755177775493,512.850633823866,0,P1,-0.42457020012751706,0.2863849765258216,0.5,GLOBAL,0.5
761,6,459.56441252330154,4.6145434157241425,2.9200116540466663,513.2339739844582,0,P1,0.3771689913647853,0.7135416666666666,0.5,GLOBAL,0.5
764,6,459.6468186423826,5.989306751031427,4.695458570828867,513.3163801035392,1,P1,0.5444890841768479,0.7760416666666666,0.5,GLOBAL,0.5
763,1,459.7246814677137,5.6952480840055175,6.294156963277651,513.3942429288704,1,P1,-0.42563052655920214,0.2852112676056338,0.5,GLOBAL,0.5
770,1,459.80612662525743,10.160555805501208,5.6281258399332375,513.475688086414,1,P1,-0.2657797800419399,0.36502347417840375,0.5,GLOBAL,0.5
767,1,460.3412497077304,6.91467847934299,0.9979767144733238,514.0108111688871,0,P1,1.1060754504570205,0.8849765258215962,0.5,GLOBAL,0.5
769,1,461.7420139025291,5.583682700414907,4.978764189742583,515.4115753636858,1,P3,0.7118098495721497,0.812206572769953,0.5,GLOBAL,0.5
772,1,461.7751715574697,5.831492720982233,3.768350629486464,515.4447330186264,1,P3,-1.0911059901520834,0.05516431924882629,0.5,GLOBAL,0.5
771,2,461.91146200795146,4.148903261240601,8.643719663499162,515.5810234691081,2,P2,0.37896902816224176,0.6957605985037406,0.5,GLOBAL,0.5
768,1,461.931440987413,5.415413117178676,3.672833053989749,515.6010024485697,1,P1,-0.6331759760027409,0.16666666666666666,0.5,GLOBAL,0.5
773,2,462.4665409203071,4.8936439198494,5.762747125324973,516.1361023814638,1,P1,-1.5188900069644296,0.017456359102244388,0.5,GLOBAL,0.5
774,1,464.4150515075703,5.57807475271054,1.9819130372794322,518.084612968727,0,P1,0.3528409273381653,0.6995305164319249,0.5,GLOBAL,0.5
775,6,464.506824446026,7.358235573681327,4.196738620937665,518.1763859071826,1,P2,-0.0508646731203468,0.4739583333333333,0.5,GLOBAL,0.5
779,1,465.244320034289,11.141149167976726,6.09964344217536,518.9138814954456,1,P3,0.1595926889811361,0.6185446009389671,0.5,GLOBAL,0.5
776,5,465.29441466362204,5.5260640579867495,8.739604183930666,518.9639761247787,2,BG,,,0.5,GLOBAL,0.5
777,1,465.9463609792387,5.9705539636304,1.4391234353221627,519.6159224403954,0,P1,0.10003965095917705,0.5809859154929577,0.5,GLOBAL,0.5
778,1,466.0383557285385,8.363702259775518,5.500712557114756,519.7079171896951,1,P1,-0.6305848885579207,0.16901408450704225,0.5,GLOBAL,0.5
780,2,466.9122187076525,5.776479007848301,6.783596740507771,520.5817801688092,1,P1,-0.10106858473898485,0.4488778054862843,0.5,GLOBAL,0.5
781,1,467.8877749409431,5.40240062858127,5.283146001557131,521.5573364020997,1,P3,-0.4330141549587428,0.2828638497652582,0.5,GLOBAL,0.5
785,2,469.00237979841836,8.587107694144839,9.34355671720661,522.6719412595751,2,P1,0.621886309545947,0.8029925187032418,0.5,GLOBAL,0.5
783,2,469.59068108907957,6.481779869840202,5.518832308360447,523.2602425502362,1,P1,0.6614787493970737,0.8129675810473815,0.5,GLOBAL,0.5
782,1,470.3271256065461,5.892272109173357,1.5884889232360213,523.9966870677027,0,P1,1.2635627882389393,0.903755868544601,0.5,GLOBAL,0.5
784,2,470.3517460773443,7.058872467366621,8.057524233990982,524.0213075385009,2,P1,-0.2128844806505634,0.3915211970074813,0.5,GLOBAL,0.5
787,1,470.92082887986953,4.859729731919221,2.921206196705448,524.5903903410263,0,P2,2.474334453558125,0.9953051643192489,0.5,GLOBAL,0.5
786,1,472.1149399748924,6.440925836517902,2.033906628856137,525.7845014360491,0,P1,-0.030402947838752737,0.47183098591549294,0.5,GLOBAL,0.5
788,2,472.571914468151,5.538661460885833,4.371611741214966,526.2414759293076,1,P2,0.8419439664326721,0.85785536159601,0.5,GLOBAL,0.5
790,6,473.4463535472696,5.800697785110899,9.017746606030785,527.1159150084263,2,P1,0.05972648681359728,0.5572916666666666,0.5,GLOBAL,0.5
789,6,474.56149518773435,4.360187961646318,2.423986985115755,528.231056648891,0,P1,1.4257940207732755,0.9114583333333334,0.5,GLOBAL,0.5
793,1,475.0617639667107,9.888726482774976,6.777341864660485,528.7313254278674,1,P2,-0.2872406558056478,0.35093896713615025,0.5,GLOBAL,0.5
791,6,475.79532058588825,5.535517781142115,5.108105605096551,529.464882047045,1,P1,1.4524114675103585,0.9166666666666666,0.5,GLOBAL,0.5
792,1,476.6725660275131,4.770320885113541,2.6573538361861577,530.3421274886698,0,P1,2.2338130971437713,0.9800469483568075,0.5,GLOBAL,0.5
794,1,480.83733279558385,4.345213981616308,1.6872718632505808,534.5068942567405,0,P1,1.8573466772432725,0.960093896713615,0.5,GLOBAL,0.5
795,1,482.36053017364384,5.302886285540204,2.482757881980527,536.0300916348006,0,P1,0.6406539016981435,0.795774647887324,0.5,GLOBAL,0.5
797,1,486.2367754972206,9.582152652889471,8.146948488161856,539.9063369583773,2,P2,0.0,0.5005868544600939,0.5,GLOBAL,0.5
796,6,487.7500353951514,5.2925182330588365,4.316439058149923,541.4195968563081,1,P1,-1.281423056566872,0.052083333333333336,0.5,GLOBAL,0.5
798,1,488.5830958446404,7.601245655780458,6.71232137060847,542.2526573057971,1,P1,-0.22907466835415546,0.3779342723004695,0.5,GLOBAL,0.5
800,1,488.9068059276155,7.604223164600549,9.442234380534119,542.5763673887722,2,P1,0.35175461123103335,0.6983568075117371,0.5,GLOBAL,0.5
801,1,489.60408580741097,6.753675498186278,8.47563228041837,543.2736472685676,2,P3,-1.3029580774225895,0.03051643192488263,0.5,GLOBAL,0.5
799,5,489.926309108839,5.8210829012278165,6.316146952772099,543.5958705699957,1,BG,,,0.5,GLOBAL,0.5
804,2,491.7038288279912,5.917521213138028,9.352838735755672,545.3733902891479,2,P2,0.08268075899138717,0.5361596009975063,0.5,GLOBAL,0.5
802,6,492.0733313881445,6.975730222398332,6.397750033215144,545.7428928493011,1,P2,-0.9241876722998281,0.09895833333333333,0.5,GLOBAL,0.5
806,1,492.80906337271534,10.123505083589372,8.001123726567426,546.478624833872,2,P2,-0.47615158325775636,0.2605633802816901,0.5,GLOBAL,0.5
803,1,492.9018356724959,5.226674993872904,1.893002427393841,546.5713971336526,0,P3,0.0,0.5005868544600939,0.5,GLOBAL,0.5
805,1,493.14806502088516,5.68013274800451,9.10476524245584,546.8176264820418,2,P3,-0.21742202003286404,0.38615023474178406,0.5,GLOBAL,0.5
809,3,493.86750280483807,5.333544686238018,3.894800924702808,547.5370642659948,1,BG,,,0.5,GLOBAL,0.5
807,1,494.08553452658583,8.880108361525654,8.330571194678265,547.7550959877425,2,P3,-0.5423584799872999,0.2147887323943662,0.5,GLOBAL,0.5
808,1,494.2928476743794,7.334633126597235,7.896345974295049,547.9624091355361,2,P2,-1.044971313784512,0.062206572769953054,0.5,GLOBAL,0.5
812,1,494.30968117263694,9.044080705027877,9.45582290282865,547.9792426337935,2,P1,0.011218233686841902,0.5176056338028169,0.5,GLOBAL,0.5
810,1,494.92898763375337,7.199033693737743,7.066119303011966,548.59854909491,2,P1,-0.31483383518134356,0.3368544600938967,0.5,GLOBAL,0.5
811,1,495.45683656125124,9.033564996689929,8.883406622237807,549.1263980224079,2,P1,0.20626863817816535,0.6338028169014085,0.5,GLOBAL,0.5
813,1,495.79335645915154,6.625266392536998,1.8786748425551405,549.4629179203082,0,P1,0.2946109265544919,0.6784037558685446,0.5,GLOBAL,0.5
815,2,496.2160310272892,8.255465072371852,8.988950076208914,549.8855924884458,2,P2,-1.2453857558487145,0.0399002493765586,0.5,GLOBAL,0.5
814,1,497.6041283378107,5.295596451490584,6.350946528806849,551.2736897989673,1,P1,-0.026969145639355267,0.4753521126760563,0.5,GLOBAL,0.5
816,1,498.04818036516434,4.55295783589561,1.4325579558990362,551.717741826321,0,P1,0.797250702881712,0.8403755868544601,0.5,GLOBAL,0.5
818,2,498.18150402602913,6.354525453403173,5.96999340965477,551.8510654871858,1,P1,-0.13019145414744684,0.4314214463840399,0.5,GLOBAL,0.5
817,1,498.84130379203185,5.538414812884496,4.417829774494355,552.5108652531885,1,P1,0.09504372389646305,0.5727699530516432,0.5,GLOBAL,0.5
819,6,499.56270431383945,6.464022285191182,8.055797694125458,553.2322657749961,2,P1,0.03132693490300127,0.5364583333333334,0.5,GLOBAL,0.5
820,2,499.712897365807,6.96116376766954,5.281779979854299,553.3824588269637,1,P1,0.15314508009282385,0.5810473815461347,0.5,GLOBAL,0.5
821,6,500.2003764826417,4.276399781975549,3.727395194338361,553.8699379437983,1,P2,-1.1136740037942923,0.07291666666666667,0.5,GLOBAL,0.5
822,5,502.3243477105386,7.280269611548843,4.689047876347138,555.9939091716952,1,BG,,,0.5,GLOBAL,0.5
823,1,504.4645414498032,6.458878820330307,10.065374146903665,558.1341029109599,2,P1,0.0,0.5005868544600939,0.5,GLOBAL,0.5
824,1,505.0736385007887,6.8996143358787245,2.0401990934388925,558.7431999619454,0,P1,0.0,0.5005868544600939,0.5,GLOBAL,0.5
826,1,507.1359477084411,6.355324200690825,3.977724921514419,560.8055091695978,1,P2,0.5466415456379322,0.7699530516431925,0.5,GLOBAL,0.5
827,2,507.3561943632277,6.574899710129673,8.94982819154642,561.0257558243843,2,P1,0.4092127207899587,0.7082294264339152,0.5,GLOBAL,0.5
828,1,507.59861358467276,7.436332331815151,5.577135918415861,561.2681750458294,1,P1,0.8547478347472254,0.8509389671361502,0.5,GLOBAL,0.5
825,6,508.14128622380014,6.870333532878816,2.084434945398737,561.8108476849568,0,P1,0.8205924263989438,0.8489583333333334,0.5,GLOBAL,0.5
829,1,508.3736530838117,5.880793110055482,4.3912692130422535,562.0432145449684,1,P1,0.14633714470913714,0.6126760563380281,0.5,GLOBAL,0.5
830,1,508.6783349261674,6.170668852436749,9.168334629288474,562.347896387324,2,P1,-0.04068362507802169,0.46830985915492956,0.5,GLOBAL,0.5
834,1,509.12648820515324,7.641407723869321,5.104900410127028,562.79604966631,1,P2,0.08005283314240513,0.5563380281690141,0.5,GLOBAL,0.5
832,2,509.15086730098136,7.7062112925074455,7.437599943496937,562.820428762138,2,P1,-0.6796114415227467,0.1571072319201995,0.5,GLOBAL,0.5
831,1,509.1898964499624,9.919403436213518,2.837342174289333,562.8594579111191,0,P2,-0.5041835210853683,0.2347417840375587,0.5,GLOBAL,0.5
833,6,511.0975613006577,4.067342906882404,3.4608316525883036,564.7671227618143,0,P1,0.43523722783093144,0.734375,0.5,GLOBAL,0.5
836,6,514.941735529111,5.568549409843407,6.0703410296271185,568.6112969902676,1,P2,0.0,0.5026041666666666,0.5,GLOBAL,0.5
837,2,515.0416904836976,6.703231143301281,9.003682392747317,568.7112519448542,2,P1,2.2408996968360135,0.9962593516209476,0.5,GLOBAL,0.5
835,3,515.2310127836398,5.701234878505213,2.9171362510141385,568.9005742447964,0,BG,,,0.5,GLOBAL,0.5
838,2,516.563171624756,6.345021238759479,9.08755514992925,570.2327330859127,2,P1,-0.4863607818046067,0.2518703241895262,0.5,GLOBAL,0.5
839,5,516.8954086091395,7.046018998927562,5.573594344112049,570.5649700702961,1,BG,,,0.5,GLOBAL,0.5
840,6,518.997347267347,4.6007289831948155,2.6290913069393937,572.6669087285037,0,P1,-0.761199992141595,0.15625,0.5,GLOBAL,0.5
842,1,520.4479924361652,5.775039920321115,3.23770556928561,574.117553897322,0,P2,-0.1614135434185107,0.41784037558685444,0.5,GLOBAL,0.5
841,2,520.4611792805703,7.389803461344843,8.759841084325794,574.130740741727,2,P1,1.2353477975463785,0.942643391521197,0.5,GLOBAL,0.5
844,1,520.6838375207228,5.409468149745467,3.787023377137383,574.3533989818795,1,P3,0.24781658085858843,0.6572769953051644,0.5,GLOBAL,0.5
846,2,521.9299025794127,6.303901159579928,8.305667963166467,575.5994640405694,2,P2,0.3257342137293424,0.6583541147132169,0.5,GLOBAL,0.5
849,1,522.0937289902366,9.273563754915214,2.940754207996021,575.7632904513933,0,P2,0.120203539935191,0.596244131455399,0.5,GLOBAL,0.5
845,6,522.1394538837535,5.091020315818353,4.180487874282579,575.8090153449102,1,P2,0.3191621169128521,0.6875,0.5,GLOBAL,0.5
848,2,522.6707508817177,5.7222269531873815,8.935300124924671,576.3403123428744,2,P2,-0.38069049096765245,0.3092269326683292,0.5,GLOBAL,0.5
851,1,522.7172173067911,4.811639951672088,10.021204526042906,576.3867787679478,2,P2,-1.4389719581058449,0.025821596244131457,0.5,GLOBAL,0.5
843,6,523.0742890458513,3.1052928783982483,1.8022702767940826,576.743850507008,0,P2,1.3754684746911736,0.9010416666666666,0.5,GLOBAL,0.5
847,1,523.5694004000402,7.21947298785956,5.339707992313006,577.2389618611969,1,P2,0.09225828362610236,0.5692488262910798,0.5,GLOBAL,0.5
850,1,523.9198359911727,6.7121501350934505,9.353486810330324,577.5893974523294,2,P2,0.07743995203451544,0.5539906103286385,0.5,GLOBAL,0.5
853,2,524.0708567887158,7.133958205211058,6.815911467245416,577.7404182498725,1,P1,-0.40811938840252615,0.2942643391521197,0.5,GLOBAL,0.5
852,2,524.8841951754948,4.217188562931462,4.20209855801717,578.5537566366515,1,P1,0.7784152228135309,0.8354114713216958,0.5,GLOBAL,0.5
854,2,525.5098964805634,8.867985241233706,7.314199770292536,579.1794579417201,2,P1,-0.7839165855636763,0.1371571072319202,0.5,GLOBAL,0.5
855,1,525.5563564315617,7.429877735107837,5.53293347188164,579.2259178927184,1,P1,-0.6098412143941049,0.18192488262910797,0.5,GLOBAL,0.5
857,1,525.9941218700634,8.408166694642201,1.2530447932840234,579.6636833312201,0,P3,1.0826303659818461,0.8826291079812206,0.5,GLOBAL,0.5
860,2,526.6754600782446,6.004613363539206,7.6632414101447965,580.3450215394013,2,P1,0.6663142182956417,0.8154613466334164,0.5,GLOBAL,0.5
858,6,527.1268907051108,6.530748755711838,4.474234874672303,580.7964521662675,1,P1,0.3094895115590557,0.6666666666666666,0.5,GLOBAL,0.5
861,1,527.3816659366992,5.047134026523061,5.992748352350188,581.0512273978559,1,P3,0.0554547155442444,0.5387323943661971,0.5,GLOBAL,0.5
859,1,527.6113046325903,4.497832279175837,2.6557974944716074,581.280866093747,0,P3,1.8309073065036838,0.9565727699530516,0.5,GLOBAL,0.5
856,1,527.653399296762,4.2234353828583515,1.1826047776412947,581.3229607579187,0,P3,1.3529956167301527,0.9143192488262911,0.5,GLOBAL,0.5
864,1,528.3061194082748,7.137325159926298,6.677909778773277,581.9756808694315,1,P2,0.0727818712575342,0.5492957746478874,0.5,GLOBAL,0.5
865,2,528.3752052704216,5.716802185757006,7.856141384823244,582.0447667315783,2,P1,0.1190626660210317,0.5561097256857855,0.5,GLOBAL,0.5
867,2,528.9450421169304,6.496828676028146,5.09008800652851,582.6146035780871,1,P1,0.5302706038045547,0.7680798004987531,0.5,GLOBAL,0.5
863,6,529.1790698127447,4.2842103610930895,1.9569896023680171,582.8486312739014,0,P2,-0.019656493956068104,0.4791666666666667,0.5,GLOBAL,0.5
866,1,529.7092046249747,4.928597217684933,9.577687322956734,583.3787660861315,2,P2,0.7347875949405767,0.8262910798122066,0.5,GLOBAL,0.5
868,6,530.3021741702822,4.373450688552537,4.161890231071112,583.971735631439,1,P2,-0.37543359196041093,0.3125,0.5,GLOBAL,0.5
870,2,530.8061764856741,5.792998809473455,9.725211588065465,584.4757379468308,2,P1,0.2835231213852511,0.6458852867830424,0.5,GLOBAL,0.5
869,1,531.1240332440253,7.159560917734597,2.3554671453298197,584.793594705182,0,P1,0.8950204520440646,0.8568075117370892,0.5,GLOBAL,0.5
873,1,531.2326920729085,8.242436631001034,8.027567711457507,584.9022535340653,2,P1,-0.4671137926768536,0.2640845070422535,0.5,GLOBAL,0.5
872,6,532.1690754293521,7.063108869452779,5.894761640541615,585.8386368905088,1,P1,-0.5504413758472155,0.23958333333333334,0.5,GLOBAL,0.5
862,1,532.223127015027,3.599458105970076,1.1144080319520095,585.8926884761837,0,P1,2.3909641949139293,0.9870892018779343,0.5,GLOBAL,0.5
877,1,532.438959591369,6.969661137012252,9.14016010905779,586.1085210525257,2,P1,0.31769186621099477,0.687793427230047,0.5,GLOBAL,0.5
879,1,532.514326899599,6.2462813597072655,4.895209546309097,586.1838883607558,1,P2,-0.3051219322088739,0.3403755868544601,0.5,GLOBAL,0.5
871,1,532.5543346890149,5.926535446878842,2.9207183488270214,586.2238961501716,0,P2,-0.5908283636082488,0.19131455399061034,0.5,GLOBAL,0.5
875,1,532.5812845471334,7.830217652212352,2.433576731201046,586.2508460082901,0,P2,-0.02719300824769908,0.47417840375586856,0.5,GLOBAL,0.5
882,1,532.6536807274582,5.544118999396855,8.725160984422645,586.3232421886149,2,P2,-0.4800100216070103,0.2535211267605634,0.5,GLOBAL,0.5
874,1,532.6896547880813,6.023156358599053,4.983967405810332,586.359216249238,1,P1,-0.7758509716963935,0.11737089201877934,0.5,GLOBAL,0.5
881,2,532.8335305003042,6.998529047954356,8.88058850138478,586.5030919614609,2,P1,0.29615096535686614,0.6508728179551122,0.5,GLOBAL,0.5
876,6,533.528172657074,5.353270309798682,4.656724575556195,587.1977341182308,1,P1,0.5545250358554665,0.78125,0.5,GLOBAL,0.5
880,6,533.8441668227954,4.750195161323542,4.795319390120136,587.5137282839521,1,P2,-0.2776568100870148,0.3697916666666667,0.5,GLOBAL,0.5
883,2,534.203719145956,6.51941271679908,7.654939092804123,587.8732806071127,2,P1,0.7720682524758576,0.8329177057356608,0.5,GLOBAL,0.5
878,6,535.189582212249,4.163216710096337,1.2078691151623802,588.8591436734057,0,P1,2.280632132383338,0.984375,0.5,GLOBAL,0.5
884,6,535.5065426395385,5.065065938377781,4.564917724705535,589.1761041006952,1,P1,-0.20355520074440653,0.390625,0.5,GLOBAL,0.5
885,1,535.6285650689566,5.087989865069045,3.2689363598060632,589.2981265301133,0,P1,0.7366901884249256,0.8274647887323944,0.5,GLOBAL,0.5
886,1,536.4942322226542,5.734801154578216,4.05401240597316,590.1637936838109,1,P1,1.0159078032458304,0.8708920187793427,0.5,GLOBAL,0.5
887,3,536.8084898933562,6.323670049286969,8.319258318992835,590.4780513545129,2,BG,,,0.5,GLOBAL,0.5
888,1,537.2671085426381,4.606361691893685,1.5280146354348294,590.9366700037948,0,P2,1.5702252788893958,0.9342723004694836,0.5,GLOBAL,0.5
889,1,537.7631665227383,6.4434998089068385,2.9250660248358265,591.432727983895,0,P1,-0.14035461941621166,0.426056338028169,0.5,GLOBAL,0.5
890,1,537.8849507765137,5.73303804838722,5.17366119660347,591.5545122376705,1,P1,0.07557201858477694,0.5504694835680751,0.5,GLOBAL,0.5
891,2,538.9438021635051,3.8039316429958623,5.451282508385598,592.6133636246618,1,P2,0.1794124756574394,0.600997506234414,0.5,GLOBAL,0.5
892,2,539.5809651848701,5.593048894136223,2.8702730603743993,593.2505266460269,0,P1,0.8991581064565506,0.8678304239401496,0.5,GLOBAL,0.5
893,2,540.0034241980939,4.777988587773926,6.622029005432214,593.6729856592506,1,P1,0.14689334732223075,0.5685785536159601,0.5,GLOBAL,0.5
895,1,540.7602527336402,6.5976571732854605,4.184760620010529,594.4298141947969,1,P1,0.7288817438246706,0.8215962441314554,0.5,GLOBAL,0.5
897,1,540.9833030119905,6.830517740093983,8.481643046037233,594.6528644731472,2,P1,0.49488323345402996,0.7511737089201878,0.5,GLOBAL,0.5
896,1,541.5108034194686,4.329770816540286,2.830454020896912,595.1803648806253,0,P2,0.7151083323366917,0.8133802816901409,0.5,GLOBAL,0.5
894,2,541.6734061907337,4.649549640069301,5.9425962498417855,595.3429676518904,1,P2,0.13701425637706177,0.5660847880299252,0.5,GLOBAL,0.5
898,1,542.0589044571566,5.947233852931074,2.9925969562188883,595.7284659183133,0,P1,-0.6489255805601793,0.1596244131455399,0.5,GLOBAL,0.5
900,2,542.0644954318749,8.458802649216938,8.769130537216771,595.7340568930316,2,P2,-0.6747300517261983,0.16209476309226933,0.5,GLOBAL,0.5
899,2,543.0131304366597,4.954345684570823,6.453614779776092,596.6826918978164,1,P1,0.4668480286570548,0.7356608478802993,0.5,GLOBAL,0.5
901,1,543.2165075509466,6.029132331412779,8.774618446925137,596.8860690121033,2,P3,-0.14509451539547158,0.42488262910798125,0.5,GLOBAL,0.5
902,1,544.4768166881221,6.175231631808905,1.896466015610832,598.1463781492788,0,P3,0.39457950618926824,0.715962441314554,0.5,GLOBAL,0.5
903,6,545.5768829055763,3.636500688470458,3.5895494680615374,599.246444366733,1,P1,-0.15280074601938157,0.4166666666666667,0.5,GLOBAL,0.5
904,1,545.5957675306171,8.577615643092415,1.4716117808834843,599.2653289917738,0,P1,1.314595413801074,0.9119718309859155,0.5,GLOBAL,0.5
905,1,545.6952932944299,6.305527035978478,5.2046208142739125,599.3648547555866,1,P1,1.2850416747620013,0.9072769953051644,0.5,GLOBAL,0.5
906,1,546.3166822973313,4.4463633143142305,6.038209770886754,599.9862437584881,1,P3,0.9168150748509976,0.857981220657277,0.5,GLOBAL,0.5
907,1,546.4345361660003,5.6462699689032005,6.252516337398382,600.104097627157,1,P2,-1.6296383106607293,0.02112676056338028,0.5,GLOBAL,0.5
910,1,546.6588395434821,5.880554639553537,8.032221032534878,600.3284010046389,2,P2,-0.2594367797768906,0.3685446009389671,0.5,GLOBAL,0.5
908,1,547.1998305576385,5.643223494498671,4.641267290099041,600.8693920187952,1,P3,-0.5266754554449928,0.22535211267605634,0.5,GLOBAL,0.5
914,2,549.3361478911265,6.900551476355371,6.826709436134007,603.0057093522832,1,P1,0.5110065088285402,0.7531172069825436,0.5,GLOBAL,0.5
913,1,549.4641806563994,4.407189590280631,3.6453496266396805,603.1337421175562,1,P2,0.8578066275005121,0.852112676056338,0.5,GLOBAL,0.5
909,6,549.9812902470561,5.492151716916869,9.430482789529691,603.6508517082128,2,P2,-0.33419630466459554,0.3333333333333333,0.5,GLOBAL,0.5
911,6,550.5758465080121,3.8078102670103426,1.2486315291629353,604.2454079691688,0,P2,0.3129768753166478,0.671875,0.5,GLOBAL,0.5
916,1,550.973562018203,6.45591766488686,3.651337527224458,604.6431234793597,1,P2,0.6271420952213395,0.7922535211267606,0.5,GLOBAL,0.5
917,1,551.5046727530499,8.323018970389475,6.201603188787519,605.1742342142066,1,P1,0.2533473494578666,0.6619718309859155,0.5,GLOBAL,0.5
915,1,551.5603493466139,5.078118991570545,2.901801451775081,605.2299108077706,0,P1,-0.048630199771506295,0.4624413145539906,0.5,GLOBAL,0.5
912,6,551.9490165939568,5.699103593267873,8.906497107929635,605.6185780551135,2,P1,-0.17145068763177565,0.4010416666666667,0.5,GLOBAL,0.5
919,1,552.3737331047464,8.367370327540243,7.119089206161804,606.0432945659031,2,P2,-0.9274175942984613,0.07981220657276995,0.5,GLOBAL,0.5
918,2,552.6670056265285,6.336935933064479,5.086395002023986,606.3365670876852,1,P1,0.5284093378004567,0.7605985037406484,0.5,GLOBAL,0.5
922,1,554.4585018372143,8.558832783804613,8.16691802290006,608.128063298371,2,P3,-0.9917942988047233,0.06690140845070422,0.5,GLOBAL,0.5
921,6,554.7518819689525,6.271854247340686,4.215161260684743,608.4214434301092,1,P1,-0.4073861384501236,0.2760416666666667,0.5,GLOBAL,0.5
924,1,554.9135614380843,8.69002653447997,5.925274749779876,608.5831228992411,1,P1,-0.600503822691619,0.18896713615023475,0.5,GLOBAL,0.5
923,1,555.0273417462411,7.529334201828374,5.952577744633238,608.6969032073978,1,P1,0.2625534124782438,0.6643192488262911,0.5,GLOBAL,0.5
927,2,555.3063963635952,8.520179503635564,8.621856761126434,608.975957824752,2,P2,-2.081835902965241,0.006234413965087282,0.5,GLOBAL,0.5
920,1,555.328174991546,5.516245184178507,2.6834044976897773,608.9977364527027,0,P2,0.46961262050326247,0.7394366197183099,0.5,GLOBAL,0.5
926,2,556.2433476233155,6.298680873821403,5.853403131790806,609.9129090844722,1,P1,-0.3456414319852397,0.32418952618453867,0.5,GLOBAL,0.5
925,1,556.5764999474869,6.291535111172616,0.4937116139000748,610.2460614086436,0,P1,1.5248821562785004,0.9295774647887324,0.5,GLOBAL,0.5
931,1,556.6682380237206,9.970263668756731,8.563535010046682,610.3377994848773,2,P1,-0.5079773545888171,0.2323943661971831,0.5,GLOBAL,0.5
932,1,557.0695112612914,10.360462148565775,8.356330899091496,610.7390727224481,2,P2,-0.6794256630047254,0.1467136150234742,0.5,GLOBAL,0.5
930,1,557.8337544759312,5.540087641264397,3.371322744198861,611.5033159370879,0,P2,0.5062580160232668,0.7546948356807511,0.5,GLOBAL,0.5
929,1,557.8463521594201,6.805062877648142,2.3523905759607473,611.5159136205768,0,P1,1.458454388137905,0.9225352112676056,0.5,GLOBAL,0.5
933,2,558.1569962886017,8.734172022187778,7.403613818267336,611.8265577497584,2,P2,-0.13516423449477788,0.428927680798005,0.5,GLOBAL,0.5
928,1,558.1875095261745,7.0658778161641544,4.5249634359949695,611.8570709873312,1,P2,0.23903980864587945,0.6490610328638498,0.5,GLOBAL,0.5
936,2,558.2085016056295,5.6115346016748076,7.403795507645668,611.8780630667862,2,P2,-0.5853604917836918,0.1970074812967581,0.5,GLOBAL,0.5
934,1,558.3657717294583,5.660203598261107,2.746995377975239,612.035333190615,0,P1,-2.0865586888876204,0.011737089201877934,0.5,GLOBAL,0.5
935,1,559.0188636046435,7.878594192361059,1.529989985885356,612.6884250658002,0,P2,0.31200102039410454,0.6866197183098591,0.5,GLOBAL,0.5
938,1,560.0707831885394,7.959390737520047,4.052356983674966,613.7403446496961,1,P1,-0.05747050658700357,0.45305164319248825,0.5,GLOBAL,0.5
939,2,560.0813931392518,6.826629560591918,6.110389298715093,613.7509546004085,1,P1,-0.9206766604500567,0.08977556109725686,0.5,GLOBAL,0.5
940,1,560.1927477184615,7.1056516017155875,8.58896667841674,613.8623091796183,2,P1,-0.251379803060088,0.3720657276995305,0.5,GLOBAL,0.5
937,1,560.8655180222003,3.966273729159978,3.2625185446581315,614.535079483357,0,P1,0.6035211587358401,0.7863849765258216,0.5,GLOBAL,0.5
942,6,561.2342127151904,6.099662560556686,9.040382988851517,614.9037741763472,2,P1,-0.7414419847639775,0.16145833333333334,0.5,GLOBAL,0.5
941,2,561.2750504442047,7.175256516128651,5.338372717931156,614.9446119053614,1,P1,-0.0833839106272417,0.456359102244389,0.5,GLOBAL,0.5
946,2,562.1784487931943,6.4496655219760815,8.079468067017649,615.848010254351,2,P1,0.4460552486839231,0.7281795511221946,0.5,GLOBAL,0.5
947,2,562.245726336631,6.037608187330676,5.403811087218506,615.9152877977878,1,P1,-0.9074849374129835,0.09725685785536159,0.5,GLOBAL,0.5
943,1,563.1140284716695,4.155029881791513,0.6573602163357982,616.7835899328262,0,P2,2.3471169398961695,0.9859154929577465,0.5,GLOBAL,0.5
944,1,563.4230061946342,7.094249818354677,2.7308016229723697,617.092567655791,0,P2,-0.26438193356330136,0.36619718309859156,0.5,GLOBAL,0.5
945,1,563.492458047919,6.044936328210328,4.365379065232876,617.1620195090757,1,P3,-0.05900243472074099,0.4518779342723005,0.5,GLOBAL,0.5
948,1,563.5345961847831,5.335040534966823,5.305075979020244,617.2041576459399,1,P1,-0.8113077881971092,0.10446009389671361,0.5,GLOBAL,0.5
949,1,564.0890252237496,5.644264129043376,5.114570115504461,617.7585866849063,1,P1,-0.457877887271931,0.2676056338028169,0.5,GLOBAL,0.5
951,1,564.2192033375156,6.161250001512825,2.936013126333305,617.8887647986724,0,P1,-0.4869910722223126,0.24882629107981222,0.5,GLOBAL,0.5
953,1,565.0276008412728,7.595102383831115,3.8606456533656024,618.6971623024295,1,P1,-2.0728862347018033,0.012910798122065728,0.5,GLOBAL,0.5
954,2,565.3574929455336,6.8041009140752555,6.151745178891481,619.0270544066904,1,P1,1.5761165614616064,0.9775561097256857,0.5,GLOBAL,0.5
950,1,565.4975937014134,6.034165573109071,0.9052547102434849,619.1671551625701,0,P1,1.6426959103629348,0.9413145539906104,0.5,GLOBAL,0.5
958,1,566.5752016973915,6.912974393788451,5.789784288323609,620.2447631585483,1,P3,-0.7308498570335723,0.13145539906103287,0.5,GLOBAL,0.5
957,1,566.9073706330636,6.273879240730001,4.81762550680155,620.5769320942203,1,P1,-0.4082752659745557,0.29225352112676056,0.5,GLOBAL,0.5
956,1,567.0593580187514,6.258108405967783,3.554856571790826,620.7289194799081,1,P1,-0.072609180444066,0.4460093896713615,0.5,GLOBAL,0.5
959,4,567.5750430018965,6.151289346133299,9.115466381424431,621.2446044630532,2,BG,,,0.5,GLOBAL,0.5
952,1,567.9315802948398,5.57714873206403,1.3336440436010877,621.6011417559965,0,P3,1.295217277919406,0.9084507042253521,0.5,GLOBAL,0.5
955,1,568.1331209052394,5.6345069526264595,1.4420903613027185,621.8026823663961,0,P1,1.6671875855035792,0.9424882629107981,0.5,GLOBAL,0.5
961,3,569.1020956614115,6.369727611982313,5.268093907222185,622.7716571225682,1,BG,,,0.5,GLOBAL,0.5
960,1,569.675681320688,2.3194220066161586,1.295094794157539,623.3452427818447,0,P1,1.5321094930008379,0.9307511737089202,0.5,GLOBAL,0.5
962,1,570.0113020014184,6.9458513232316115,2.644405081949211,623.6808634625751,0,P2,0.9777312519370494,0.8661971830985915,0.5,GLOBAL,0.5
963,3,570.6862988519251,5.789506131281916,8.287687907359004,624.3558603130818,2,BG,,,0.5,GLOBAL,0.5
964,2,571.0729028155849,6.655879450372609,4.394763837105416,624.7424642767417,1,P1,-0.24593236805349078,0.3740648379052369,0.5,GLOBAL,0.5
970,1,572.289615023645,5.926937529671198,10.517974371070848,625.9591764848017,2,P1,0.7060005829369109,0.8110328638497653,0.5,GLOBAL,0.5
965,3,573.818635572565,3.870983814263654,4.382197038899757,627.4881970337217,1,BG,,,0.5,GLOBAL,0.5
966,1,573.938921879068,7.588193061642222,0.6576984772143762,627.6084833402247,0,P1,0.6798492060347929,0.8039906103286385,0.5,GLOBAL,0.5
969,2,574.3855073319586,6.786259447446764,9.552968285443058,628.0550687931153,2,P2,-0.39385182360296234,0.29925187032418954,0.5,GLOBAL,0.5
968,2,575.0550636554949,4.706188467048148,8.300704490981893,628.7246251166516,2,P2,0.15303782781044512,0.5760598503740648,0.5,GLOBAL,0.5
967,6,575.5661378752691,4.236224854660216,2.261564034471641,629.2356993364258,0,P2,-0.3308976464677384,0.3385416666666667,0.5,GLOBAL,0.5
973,2,576.0795473370772,5.502705255952168,7.31207042076834,629.7491087982339,2,P2,-0.4496624119221286,0.26932668329177056,0.5,GLOBAL,0.5
971,1,577.2570399922794,3.879432072697172,8.870888643363841,630.9266014534361,2,P1,-0.026809272204966976,0.4765258215962441,0.5,GLOBAL,0.5
976,2,577.5840463031125,7.857763692469199,5.609405837549892,631.2536077642692,1,P1,0.7159314221942855,0.827930174563591,0.5,GLOBAL,0.5
978,2,577.661661377302,6.640039949424646,9.119999709732308,631.3312228384588,2,P1,-1.1799055785467039,0.05236907730673317,0.5,GLOBAL,0.5
975,2,578.4234195736901,4.680303435966026,3.6877891220174854,632.0929810348468,1,P1,1.1201233823947383,0.9177057356608479,0.5,GLOBAL,0.5
974,6,578.8143809982731,5.487755819468455,1.5776016209899726,632.4839424594298,0,P1,0.6913424548446604,0.8125,0.5,GLOBAL,0.5
972,6,578.8174348559058,3.642171615325879,1.5627940925911143,632.4869963170626,0,P1,0.675800073855666,0.796875,0.5,GLOBAL,0.5
980,1,579.0919339129289,5.37377963006795,6.281344886907736,632.7614953740856,1,P2,-1.0925786303831635,0.0528169014084507,0.5,GLOBAL,0.5
977,1,579.1423051273516,5.905079834230328,6.136570766982413,632.8118665885083,1,P1,0.5367098179929147,0.7652582159624414,0.5,GLOBAL,0.5
979,1,579.739385874996,8.579917244046673,7.662268249709259,633.4089473361527,2,P2,1.2117404362449802,0.897887323943662,0.5,GLOBAL,0.5
983,5,580.3059829605162,5.837884003502588,9.062410575893567,633.9755444216729,2,BG,,,0.5,GLOBAL,0.5
985,1,580.318325764306,7.085698928832871,6.992574761685469,633.9878872254627,1,P2,-0.018557878729391897,0.4812206572769953,0.5,GLOBAL,0.5
982,2,580.3195968805146,5.179486207464646,4.290540236688516,633.9891583416713,1,P1,-0.20591130244562908,0.39650872817955113,0.5,GLOBAL,0.5
981,1,581.2584061394934,4.504215984406746,3.4923508425786167,634.9279676006502,0,P3,0.6638043542555964,0.8004694835680751,0.5,GLOBAL,0.5
986,2,581.471649006165,4.766032046353161,7.234326420443461,635.1412104673217,2,P2,-0.529650112946917,0.2344139650872818,0.5,GLOBAL,0.5
987,1,581.597590056358,5.604066601830719,3.8466828436607563,635.2671515175147,1,P1,-1.3961563049170758,0.02699530516431925,0.5,GLOBAL,0.5
988,1,581.803249535293,5.461709321503927,5.080110251817201,635.4728109964498,1,P3,-0.4761676313583044,0.25938967136150237,0.5,GLOBAL,0.5
984,1,582.2552633671605,6.4431033199487295,3.465607665068594,635.9248248283172,0,P1,-1.2641499815346056,0.035211267605633804,0.5,GLOBAL,0.5
991,2,582.9893319352574,6.0331327306413245,7.3301805461634775,636.6588933964141,2,P1,0.24384541274822996,0.6259351620947631,0.5,GLOBAL,0.5
989,6,583.1828695658872,5.1821382371489095,4.584075204417177,636.852431027044,1,P1,-0.8757658361015065,0.10416666666666667,0.5,GLOBAL,0.5
992,2,583.3112468315288,6.153925530967008,9.249367279138408,636.9808082926855,2,P1,-0.3925478722118938,0.30174563591022446,0.5,GLOBAL,0.5
993,1,583.9334831057879,5.336758137614725,6.241329660433708,637.6030445669446,1,P1,-0.2727988335741009,0.35563380281690143,0.5,GLOBAL,0.5
990,1,584.6456365834681,4.388399221880823,0.9839284636025771,638.3151980446248,0,P1,1.6870844087119445,0.9436619718309859,0.5,GLOBAL,0.5
996,6,585.938169415753,6.085709723957063,5.208837038823651,639.6077308769097,1,P1,-0.38847683292220725,0.296875,0.5,GLOBAL,0.5
994,1,587.2966010872842,4.560605592482515,2.176366266261951,640.9661625484409,0,P1,0.7525267176678989,0.8321596244131455,0.5,GLOBAL,0.5
997,2,587.6673601928908,4.896149507935476,5.262488845887158,641.3369216540475,1,P1,-0.32481867315921575,0.3316708229426434,0.5,GLOBAL,0.5
998,1,587.8135575274151,6.4683424858567085,3.5196484669257617,641.4831189885718,1,P1,-0.9334949756401806,0.07629107981220658,0.5,GLOBAL,0.5
999,1,587.956677713646,6.470301889292694,3.6286632698664985,641.6262391748027,1,P1,-2.0986657101446715,0.005868544600938967,0.5,GLOBAL,0.5
995,1,588.0774466734186,5.187764323600165,1.8012422538015325,641.7470081345754,0,P1,1.5778225606498566,0.9354460093896714,0.5,GLOBAL,0.5
1002,2,588.4438878947828,6.121706176052843,8.48084331329437,642.1134493559396,2,P1,1.8422981241493452,0.9875311720698254,0.5,GLOBAL,0.5
1001,1,588.7658028610352,7.752736527427604,3.316554457570619,642.435364322192,0,P1,-0.28773376951668256,0.34976525821596244,0.5,GLOBAL,0.5
1003,2,589.5802177314715,7.756055417161681,6.844534156569689,643.2497791926282,1,P1,-1.3639505655180213,0.02743142144638404,0.5,GLOBAL,0.5
1000,6,590.294144071604,3.651212757728177,9.28450199402329,643.9637055327607,2,P1,-0.10482839916905623,0.4427083333333333,0.5,GLOBAL,0.5
1004,1,590.5380255285486,5.995009613520135,4.771700537191942,644.2075869897053,1,P3,0.5720488110983502,0.7758215962441315,0.5,GLOBAL,0.5
1007,1,592.6604599184737,6.906458871477961,4.685268828699052,646.3300213796305,1,P1,-2.0986657101446715,0.005868544600938967,0.5,GLOBAL,0.5
1006,1,592.6849895951206,8.274872546074716,4.800489500187556,646.3545510562773,1,P1,-0.7146252067469235,0.13615023474178403,0.5,GLOBAL,0.5
1005,1,593.2679782282257,4.046732536145111,1.9886353916506585,646.9375396893824,0,P1,1.4168319637331863,0.9190140845070423,0.5,GLOBAL,0.5
1009,1,593.7207523570231,6.524684892565282,6.144646880649075,647.3903138181798,1,P1,-0.6946875661530544,0.14084507042253522,0.5,GLOBAL,0.5
1010,1,594.0358569961923,5.69429547875256,4.8071032042544815,647.705418457349,1,P1,-0.33979048508946536,0.323943661971831,0.5,GLOBAL,0.5
1012,1,594.1846443813763,7.535622842821569,8.85074162710034,647.854205842533,2,P1,-0.22003357092039863,0.3826291079812207,0.5,GLOBAL,0.5
1008,1,594.6664341675653,7.5726310960741685,5.415127865722845,648.335995628722,1,P1,-0.7665423569126582,0.11971830985915492,0.5,GLOBAL,0.5
1011,1,594.9321714399032,6.203953511589529,6.407098527733767,648.6017329010599,1,P2,-0.585346489657624,0.1936619718309859,0.5,GLOBAL,0.5
1014,1,595.514886392085,9.862409033724582,8.324661320861965,649.1844478532417,2,P3,-0.7319094142414597,0.13028169014084506,0.5,GLOBAL,0.5
1017,1,596.1011482236962,7.043301610515143,7.913483354209193,649.7707096848529,2,P1,-0.5209003201832435,0.22887323943661972,0.5,GLOBAL,0.5
1013,6,596.1126801517461,5.902521981262673,6.337136764793784,649.7822416129028,1,P1,-0.7294475023452099,0.18229166666666666,0.5,GLOBAL,0.5
1016,1,596.4563176439653,8.940132150960789,9.489977162655226,650.1258791051221,2,P2,-0.601759157604967,0.18779342723004694,0.5,GLOBAL,0.5
1015,6,596.6137101937811,5.4769131575168215,2.7519372240197786,650.2832716549378,0,P2,0.04283528828119287,0.546875,0.5,GLOBAL,0.5
1018,2,597.4369381851797,6.267071492278774,8.058113308821609,651.1064996463364,2,P2,-0.29023403425512134,0.3491271820448878,0.5,GLOBAL,0.5
1020,1,599.311657347416,6.824216744916269,5.725947590605581,652.9812188085727,1,P1,0.08123198698820103,0.5586854460093896,0.5,GLOBAL,0.5
1019,2,599.5415938433698,5.81736089140205,4.054186323594242,653.2111553045265,1,P2,0.8347645957031596,0.8553615960099751,0.5,GLOBAL,0.5
1021,2,599.8702787238943,9.101279618428409,8.454249025173834,653.539840185051,2,P1,-0.03775653860012375,0.4763092269326683,0.5,GLOBAL,0.5
1023,2,601.9556576169919,7.978909459544376,7.124838472152619,655.6252190781486,2,P1,0.2444073306607928,0.628428927680798,0.5,GLOBAL,0.5
1022,6,601.9567824986941,4.910025307590283,2.5943853778094326,655.6263439598508,0,P1,2.173955397696528,0.96875,0.5,GLOBAL,0.5
1025,2,603.1959300203157,5.273185271382505,9.425536820406839,656.8654914814724,2,P2,0.8333349003715821,0.8528678304239401,0.5,GLOBAL,0.5
1024,2,604.0033483362807,7.1463840132967125,3.830130151662693,657.6729097974375,1,P2,-0.22417996941858406,0.3865336658354115,0.5,GLOBAL,0.5
1028,1,604.2098662197881,8.977076720814317,5.691148936843545,657.8794276809448,1,P2,0.17145287366501982,0.6232394366197183,0.5,GLOBAL,0.5
1027,2,604.3644977311187,5.0578056143788555,7.701629728844444,658.0340591922754,2,P1,-0.2770814851890347,0.36159600997506236,0.5,GLOBAL,0.5
1029,1,605.1581501782006,4.834245996222814,5.394866031949401,658.8277116393573,1,P1,-0.054133399158723276,0.4565727699530516,0.5,GLOBAL,0.5
1026,1,605.2792124388899,4.472169881393198,0.9961196156611775,658.9487739000466,0,P3,2.474334453558125,0.9953051643192489,0.5,GLOBAL,0.5
1031,2,605.5305706061729,7.245792188301005,6.914915570898127,659.2001320673296,1,P1,0.4285849541821515,0.7231920199501247,0.5,GLOBAL,0.5
1033,1,606.1061972269655,5.68291139186928,8.83517276020081,659.7757586881222,2,P3,-0.6249245883090457,0.17488262910798122,0.5,GLOBAL,0.5
1030,6,606.2822062877716,4.300852173195164,5.677749578944298,659.9517677489283,1,P1,-0.3013616023806568,0.3489583333333333,0.5,GLOBAL,0.5
1034,2,607.2821192959315,6.097031628835959,9.078730137326666,660.9516807570882,2,P1,-0.3855993155819081,0.30423940149625933,0.5,GLOBAL,0.5
1032,2,607.339416882859,4.095780050611536,4.348522311672951,661.0089783440158,1,P2,0.5390344663102509,0.773067331670823,0.5,GLOBAL,0.5
1036,1,608.5758970560892,7.459483387829254,8.750039168061969,662.2454585172459,2,P1,-0.4387453958675923,0.27699530516431925,0.5,GLOBAL,0.5
1035,2,608.7599730425549,5.8388186512347655,6.535834046141066,662.4295345037116,1,P2,0.5978669853539414,0.7905236907730673,0.5,GLOBAL,0.5
1038,2,608.9676912533613,5.535244385982855,2.973926010934818,662.637252714518,0,P1,-0.4494204989330277,0.2718204488778055,0.5,GLOBAL,0.5
1037,2,609.7576916866484,6.953723515365387,9.58041748645276,663.4272531478051,2,P1,0.38492061283045764,0.7007481296758105,0.5,GLOBAL,0.5
1041,1,611.5018628404309,6.299062288478573,2.9869576830390465,665.1714243015876,0,P1,1.7199190896167753,0.9460093896713615,0.5,GLOBAL,0.5
1042,2,611.5701773215164,6.457153795111922,5.933993111541072,665.2397387826732,1,P2,0.5770029711773826,0.7880299251870324,0.5,GLOBAL,0.5
1044,1,611.9384869150496,7.272072470042355,8.914545257714757,665.6080483762063,2,P2,-0.6965620457341968,0.1396713615023474,0.5,GLOBAL,0.5
1045,2,612.8716460928512,5.710423880602417,8.451227325558516,666.5412075540079,2,P1,0.20016035071298469,0.6059850374064838,0.5,GLOBAL,0.5
1039,6,612.970083524179,4.998411298939084,2.388545750671673,666.6396449853357,0,P1,-0.001210047612842351,0.484375,0.5,GLOBAL,0.5
1040,6,613.4790326405,3.5805802387939814,3.6488006095372216,667.1485941016567,1,P1,-0.37025128846007427,0.3229166666666667,0.5,GLOBAL,0.5
1043,6,613.5185775919963,5.355141261626765,3.772876910831087,667.188139053153,1,P1,-1.4494980607698,0.036458333333333336,0.5,GLOBAL,0.5
1046,2,614.1132816683602,5.706845975334096,6.593865703955819,667.7828431295169,1,P1,-0.16716634971341024,0.4139650872817955,0.5,GLOBAL,0.5
1047,1,615.6130643945942,6.016552410710661,1.5850867721298247,669.2826258557509,0,P3,0.41571531204152434,0.7230046948356808,0.5,GLOBAL,0.5
1048,1,617.4853143101665,5.74634681754922,1.5178540502686733,671.1548757713232,0,P1,0.23430480349923336,0.6467136150234741,0.5,GLOBAL,0.5
1049,6,618.7473717626929,4.630930072726934,4.841149041930492,672.4169332238496,1,P2,0.5647417231485031,0.7864583333333334,0.5,GLOBAL,0.5
1051,1,619.0380920138753,7.26775119785225,2.3197749576028706,672.707653475032,0,P2,0.41684413873747844,0.7253521126760564,0.5,GLOBAL,0.5
1050,6,619.4715903382112,6.014715389852117,7.0722214850056195,673.1411517993679,2,P2,-0.7966546994970692,0.13541666666666666,0.5,GLOBAL,0.5
1052,1,621.3426147807832,7.528733885603333,4.091279629674749,675.0121762419399,1,P2,0.05971281224478025,0.539906103286385,0.5,GLOBAL,0.5
1053,1,621.7440536053873,6.8884315070828945,6.691876473064383,675.413615066544,1,P3,0.24757607620414726,0.6561032863849765,0.5,GLOBAL,0.5
1054,2,622.9922992470882,9.380130251263418,5.552238909235068,676.661860708245,1,P2,-0.5717165783774778,0.20199501246882792,0.5,GLOBAL,0.5
1055,2,623.769195330467,7.504854277906766,8.562063486865929,677.4387567916237,2,P2,-0.124852087907174,0.4389027431421446,0.5,GLOBAL,0.5
1056,1,624.9560754351625,5.405422129258262,1.7153870821925676,678.6256368963192,0,P1,-0.6987663059744689,0.13849765258215962,0.5,GLOBAL,0.5
1057,1,625.0362805950729,6.915169876965478,3.064056695278793,678.7058420562296,0,P1,0.7748940986585715,0.8356807511737089,0.5,GLOBAL,0.5
1058,1,625.2630077979613,5.3280956386945455,5.953282355547005,678.932569259118,1,P1,-0.4977563095438863,0.24061032863849766,0.5,GLOBAL,0.5
1059,2,625.8203790047525,6.893936022077643,3.925182788898505,679.4899404659092,1,P2,-0.15497141098108294,0.4164588528678304,0.5,GLOBAL,0.5
1060,1,627.340969286357,6.733434225524025,2.567464812870997,681.0105307475137,0,P1,-0.06264525147086994,0.4495305164319249,0.5,GLOBAL,0.5
1061,1,633.8997259477447,8.285906823827887,5.928612591267671,687.5692874089015,1,P1,0.0,0.5005868544600939,0.5,GLOBAL,0.5
1063,1,634.6559308400806,7.023769334623004,4.2030973175429,688.3254923012373,1,P3,-1.3243767701685654,0.029342723004694836,0.5,GLOBAL,0.5
1062,6,636.8002069177006,5.71437703081656,2.1868510234078573,690.4697683788573,0,P1,0.0,0.5026041666666666,0.5,GLOBAL,0.5
1064,1,637.1657201239528,6.454636305694056,4.3305979577919755,690.8352815851096,1,P3,-0.013453897587183499,0.4847417840375587,0.5,GLOBAL,0.5
1065,1,638.3211579055329,7.000092464930728,4.390460597445084,691.9907193666896,1,P1,-0.29897111774132984,0.34624413145539906,0.5,GLOBAL,0.5
1066,1,639.224968207342,6.474196843974164,2.0060753595209873,692.8945296684988,0,P1,-0.6730309817495868,0.15023474178403756,0.5,GLOBAL,0.5
1070,1,639.5256555411344,9.611164353694985,7.471722736424401,693.1952170022911,2,P1,0.0,0.5005868544600939,0.5,GLOBAL,0.5
1068,1,639.7660048845738,7.153442026218679,5.819475473900931,693.4355663457305,1,P1,0.7233524672883681,0.818075117370892,0.5,GLOBAL,0.5
1069,2,640.2916308210903,8.508897267887356,8.042424761627611,693.961192282247,2,P1,-0.8651420796891397,0.11970074812967581,0.5,GLOBAL,0.5
1067,1,640.3191786894979,6.840688204029182,4.049577749646778,693.9887401506546,1,P1,-0.6520813027074923,0.1572769953051643,0.5,GLOBAL,0.5
1073,2,641.5005655069871,7.394020516770933,7.836995508140371,695.1701269681438,2,P1,-0.31266300278726017,0.33665835411471323,0.5,GLOBAL,0.5
1071,2,641.6523630788719,6.897807611524807,5.446118823037555,695.3219245400286,1,P1,-0.5696122294018351,0.20698254364089774,0.5,GLOBAL,0.5
1072,1,641.7213168031398,5.784554733185238,9.687443562485319,695.3908782642965,2,P1,0.006819555237487649,0.5152582159624414,0.5,GLOBAL,0.5
1074,1,641.9352267005867,9.8912083473751,2.3311715243341933,695.6047881617434,0,P3,-0.8864962929591014,0.0892018779342723,0.5,GLOBAL,0.5
1076,2,644.7728286268363,6.856530108726179,9.03832241355976,698.442390087993,2,P2,0.8027438478415281,0.8428927680798005,0.5,GLOBAL,0.5
1075,1,645.0754316569619,7.006591717983664,5.104261450812522,698.7449931181186,1,P1,0.43009844907006745,0.7323943661971831,0.5,GLOBAL,0.5
1077,1,645.1488883603174,10.19636305532535,6.218116859890138,698.8184498214741,1,P1,0.402133756872185,0.7194835680751174,0.5,GLOBAL,0.5
1078,6,646.6932185131253,6.650075497403889,4.807467697153352,700.362779974282,1,P2,-0.17444590024895518,0.3958333333333333,0.5,GLOBAL,0.5
1082,1,647.5007841923847,9.503757174488173,6.411488316309823,701.1703456535414,1,P1,-0.9110374079360335,0.08333333333333333,0.5,GLOBAL,0.5
1079,6,647.9279231840467,5.673244661873044,3.043278087547634,701.5974846452034,0,P1,-0.1358770084343037,0.4270833333333333,0.5,GLOBAL,0.5
1083,6,648.445074342086,6.301714426148927,6.936695938418852,702.1146358032427,1,P2,-0.7368711826139821,0.171875,0.5,GLOBAL,0.5
1080,6,648.8742711207583,7.148367031134712,4.436492859722617,702.543832581915,1,P1,-1.064330498627048,0.078125,0.5,GLOBAL,0.5
1081,1,649.0333478836466,8.944038435344297,6.47420351914057,702.7029093448033,1,P2,-0.15302207904644266,0.42018779342723006,0.5,GLOBAL,0.5
1086,6,650.169591495385,8.830206843850261,6.483876781856433,703.8391529565417,1,P1,-0.7730710893294764,0.14583333333333334,0.5,GLOBAL,0.5
1084,1,650.5080268786616,7.232121885190692,2.6915528458613696,704.1775883398183,0,P2,0.11514348523153273,0.5915492957746479,0.5,GLOBAL,0.5
1085,6,650.8270061869855,4.692289657200179,4.360150135567882,704.4965676481422,1,P1,-0.9985872691426583,0.09375,0.5,GLOBAL,0.5
1087,2,650.9919992024872,7.341982505617116,8.421421526629343,704.661560663644,2,P1,1.1932635705284114,0.9376558603491272,0.5,GLOBAL,0.5
1088,1,651.8767410308361,7.325452651963471,8.22902872885372,705.5463024919928,2,P1,-0.3920367250933394,0.30164319248826293,0.5,GLOBAL,0.5
1090,1,652.4498831901547,9.922107988972916,7.706205374126528,706.1194446513114,2,P3,-0.6172043500215261,0.176056338028169,0.5,GLOBAL,0.5
1089,3,653.737573759585,5.853800831800745,3.9734897369799427,707.4071352207417,1,BG,,,0.5,GLOBAL,0.5
1097,1,653.7569179428388,7.211089420131575,6.209936606705937,707.4264794039955,1,P1,-0.5057779232778066,0.2335680751173709,0.5,GLOBAL,0.5
1091,2,653.7801785563471,6.60991710071138,7.818089972743566,707.4497400175038,2,P1,-0.5298208979186814,0.23192019950124687,0.5,GLOBAL,0.5
1094,1,654.7173415359414,7.799607806885227,7.7055892849317775,708.3869029970981,2,P2,-0.501786155844122,0.23943661971830985,0.5,GLOBAL,0.5
1098,1,654.9348079159797,8.477297055811913,6.6987661491738235,708.6043693771364,1,P3,-0.8590801229214824,0.09154929577464789,0.5,GLOBAL,0.5
1096,2,655.0255978248211,9.018282991411482,8.982551286132393,708.6951592859779,2,P1,-0.07695497472332598,0.45885286783042395,0.5,GLOBAL,0.5
1099,2,656.1375926154394,6.812406147441908,8.673822622837395,709.8071540765961,2,P1,-0.7043233750286135,0.15211970074812967,0.5,GLOBAL,0.5
1093,1,656.2571562868173,6.147169877200826,2.591105504740397,709.9267177479741,0,P2,0.20728847035103945,0.6349765258215962,0.5,GLOBAL,0.5
1092,1,656.3384241732952,4.9236531276985325,1.0370529570063907,710.0079856344519,0,P1,0.3557248716069472,0.7018779342723005,0.5,GLOBAL,0.5
1101,2,656.3634903074795,5.312508205990334,6.47078286671271,710.0330517686363,1,P2,0.3737688471158371,0.6932668329177057,0.5,GLOBAL,0.5
1100,2,657.6751961715408,8.023949889357585,7.749768514502227,711.3447576326976,2,P2,-0.7175738555749234,0.14962593516209477,0.5,GLOBAL,0.5
1095,1,657.8843749748785,4.548444884481762,1.605742926876927,711.5539364360352,0,P2,1.2184637448150197,0.8990610328638498,0.5,GLOBAL,0.5
1103,1,659.289875029398,7.030742714844155,7.856607351442634,712.9594364905547,2,P1,-1.1315117533039247,0.045774647887323945,0.5,GLOBAL,0.5
1105,1,660.2584805207047,9.491423833402111,7.619783179552127,713.9280419818614,2,P3,0.019774083056494442,0.5234741784037559,0.5,GLOBAL,0.5
1104,6,660.5519217408886,5.366364458130302,5.93270966868606,714.2214832020453,1,P1,-0.5629551905983549,0.22916666666666666,0.5,GLOBAL,0.5
1107,1,661.024110853747,8.946996812439801,2.116162231551792,714.6936723149037,0,P2,0.14792157007601373,0.6150234741784038,0.5,GLOBAL,0.5
1108,1,661.0993924575255,7.081765329504881,8.91693145900591,714.7689539186822,2,P1,-0.6031748997881057,0.18544600938967137,0.5,GLOBAL,0.5
1109,1,661.6711833592483,9.032658907551365,4.411404516338614,715.340744820405,1,P1,-0.23493839845243272,0.3767605633802817,0.5,GLOBAL,0.5
1110,1,661.7396605522753,9.920228360349101,5.359814189337129,715.409222013432,1,P1,-0.1736702734712907,0.4072769953051643,0.5,GLOBAL,0.5
1102,6,662.2345425431156,4.245841014771965,2.906767466970434,715.9041040042723,0,P1,0.6279741188251521,0.7916666666666666,0.5,GLOBAL,0.5
1117,1,663.1763859366365,7.595547622401214,10.40751157245014,716.8459473977932,2,P2,-1.0616471773842504,0.05868544600938967,0.5,GLOBAL,0.5
1114,1,663.3550266438326,5.473945706504475,8.942624576583125,717.0245881049893,2,P1,-0.583035994211303,0.19483568075117372,0.5,GLOBAL,0.5
1112,1,663.494691188716,3.9326301686863223,1.464658364506235,717.1642526498728,0,P2,1.465852279348344,0.9248826291079812,0.5,GLOBAL,0.5
1113,3,664.1188104376122,5.180120505769677,7.645771481216151,717.7883718987689,2,BG,,,0.5,GLOBAL,0.5
1106,1,664.6688383141533,3.7249669815137403,1.0801825871909407,718.33839977531,0,P1,1.7644900333190712,0.9518779342723005,0.5,GLOBAL,0.5
1111,6,664.6939149706777,3.968543975020627,3.578549644099411,718.3634764318344,1,P1,2.311865526659825,0.9973958333333334,0.5,GLOBAL,0.5
1116,2,665.3230432315399,5.810686408594572,6.116177195217267,718.9926046926967,1,P1,0.3477302244952613,0.6733167082294265,0.5,GLOBAL,0.5
1118,2,665.5174404875128,4.621629297504729,10.061698203761953,719.1870019486695,2,P1,-0.35377257394221717,0.32169576059850374,0.5,GLOBAL,0.5
1115,2,665.629938375305,3.288923125653678,3.5540410380455634,719.2994998364617,1,P1,-0.8037455698041752,0.13216957605985039,0.5,GLOBAL,0.5
1120,1,666.7661790203036,7.392018961585158,4.950820893050422,720.4357404814604,1,P1,0.10299671854331638,0.5833333333333334,0.5,GLOBAL,0.5
1121,1,667.4581182593698,5.264146111456563,5.27620759892282,721.1276797205265,1,P1,-0.2726192458308553,0.357981220657277,0.5,GLOBAL,0.5
1124,2,667.7555205376655,2.3326906489783483,9.385219863607478,721.4250819988222,2,P2,-0.5867415593145346,0.19451371571072318,0.5,GLOBAL,0.5
1119,6,667.8317071840534,4.460628530413006,4.846011483440379,721.5012686452101,1,P1,-0.618948875599628,0.20833333333333334,0.5,GLOBAL,0.5
1123,2,667.8669749030804,6.866194423239328,8.540203627874057,721.5365363642371,2,P1,-1.2024548163986242,0.04987531172069826,0.5,GLOBAL,0.5
1122,2,667.9066610626672,4.261072891342096,5.661624502685562,721.576222523824,1,P2,-1.4921172616621636,0.0199501246882793,0.5,GLOBAL,0.5
1126,1,668.2855804085676,6.602282037195888,0.7629209321584267,721.9551418697243,0,P1,1.2273886219160421,0.9002347417840375,0.5,GLOBAL,0.5
1125,2,668.9643585863533,5.370810089958134,9.903881157459793,722.6339200475101,2,P2,0.10790007046563975,0.5511221945137157,0.5,GLOBAL,0.5
1129,6,670.6761379457096,5.115682404976679,7.159583232584646,724.3456994068663,2,P1,-0.2723134628334847,0.375,0.5,GLOBAL,0.5
1127,6,670.7102378715986,6.256594110937532,3.353554834425213,724.3797993327553,0,P1,0.8155223660413672,0.84375,0.5,GLOBAL,0.5
1128,1,671.000622190604,5.5767784453754885,0.9527287378482311,724.6701836517607,0,P1,0.5676689539046708,0.7746478873239436,0.5,GLOBAL,0.5
1131,1,671.3164220797726,5.841297288867237,1.8943286227640503,724.9859835409293,0,P2,-0.7566172052754933,0.12441314553990611,0.5,GLOBAL,0.5
1130,2,671.5416458151423,4.487869025967523,5.793434868797223,725.211207276299,1,P1,0.21282841053266827,0.6134663341645885,0.5,GLOBAL,0.5
1135,1,671.876422948118,10.989779139963156,9.405818794318222,725.5459844092748,2,P2,-1.0724259169013621,0.057511737089201875,0.5,GLOBAL,0.5
1136,1,672.2013592179884,8.063678460535625,1.8666870691458175,725.8709206791451,0,P1,-0.5750384779487854,0.1983568075117371,0.5,GLOBAL,0.5
1134,1,672.5974314730757,8.840012204813528,3.3515815404557943,726.2669929342325,0,P3,-0.01236913849283383,0.4859154929577465,0.5,GLOBAL,0.5
1133,2,672.6348481690661,5.401745824244972,5.573796445514846,726.3044096302228,1,P1,1.1397288992965078,0.9226932668329177,0.5,GLOBAL,0.5
1132,1,672.8042552475981,7.375951361072079,3.482082445085949,726.4738167087548,0,P1,-0.6717646434315432,0.15140845070422534,0.5,GLOBAL,0.5
1137,1,673.0974522114756,7.038815722053967,8.78290218347674,726.7670136726323,2,P2,-0.1381014279830767,0.4272300469483568,0.5,GLOBAL,0.5
1138,2,674.1035376901503,5.005251740794168,3.3220933734708735,727.7730991513071,0,P2,0.9451904665875107,0.8802992518703242,0.5,GLOBAL,0.5
1140,1,674.6966318956402,7.778993027769557,9.993799430107238,728.3661933567969,2,P3,-0.3320892002949923,0.32981220657276994,0.5,GLOBAL,0.5
1139,1,674.8607958906008,6.91189940924561,5.608942940901421,728.5303573517575,1,P1,0.030341378022113903,0.528169014084507,0.5,GLOBAL,0.5
1141,1,675.18790239622,7.885322767500141,4.451827827759661,728.8574638573767,1,P1,0.12151364091118683,0.5985915492957746,0.5,GLOBAL,0.5
1145,1,675.70961273644,5.595768335663056,6.375053933657032,729.3791741975967,1,P3,0.408456084150678,0.7206572769953051,0.5,GLOBAL,0.5
1144,1,676.1432904326067,5.780063498169861,4.2376173864355975,729.8128518937634,1,P1,-0.11344590747647786,0.43309859154929575,0.5,GLOBAL,0.5
1143,1,676.316905858225,7.3696658187845685,3.746672756110782,729.9864673193817,1,P2,0.557357469755357,0.7723004694835681,0.5,GLOBAL,0.5
1142,6,676.3861832539436,6.286104455259824,2.5113340439673633,730.0557447151003,0,P1,-0.14110135705801138,0.421875,0.5,GLOBAL,0.5
1146,1,677.2232371399058,6.5866220979702375,8.47045563541461,730.8927986010625,2,P2,1.8457021545316519,0.9589201877934272,0.5,GLOBAL,0.5
1149,2,677.9339182365774,6.008696033155055,8.889560963591492,731.6034796977341,2,P1,-0.2363106734337266,0.38154613466334164,0.5,GLOBAL,0.5
1148,1,678.5619555376505,7.8573046274621365,1.949542057569804,732.2315169988073,0,P3,0.14791631965853738,0.613849765258216,0.5,GLOBAL,0.5
1150,1,678.5822618175404,7.071280328319035,6.785477071103939,732.2518232786971,1,P1,0.42306218043597016,0.7276995305164319,0.5,GLOBAL,0.5
1147,6,679.1807684699533,4.424462356355665,1.0470867280881782,732.85032993111,0,P2,0.1419094935368887,0.6145833333333334,0.5,GLOBAL,0.5
1151,2,679.2493237414187,7.1863145460160744,5.969217236255904,732.9188852025754,1,P2,0.15750579932168696,0.5885286783042394,0.5,GLOBAL,0.5
1154,2,680.515123488117,6.490776022554639,6.74093333575173,734.1846849492737,1,P1,-0.6179015672412093,0.18952618453865336,0.5,GLOBAL,0.5
1152,1,680.6944147342691,5.167989576652988,3.4133027606299486,734.3639761954258,0,P3,1.1235102365338614,0.8896713615023474,0.5,GLOBAL,0.5
1153,1,681.4069439152722,4.377041662548366,1.7603260143750499,735.0765053764289,0,P2,1.0553772470773923,0.8767605633802817,0.5,GLOBAL,0.5
1156,1,681.9287252591297,7.821265182816621,4.099753369572752,735.5982867202864,1,P2,0.5149703798119485,0.7593896713615024,0.5,GLOBAL,0.5
1158,1,681.9520979768922,6.179612238997361,9.166617742216577,735.6216594380489,2,P2,1.1932509247969805,0.8955399061032864,0.5,GLOBAL,0.5
1155,1,682.8426966156185,5.2868853618514295,0.938818581947009,736.5122580767752,0,P1,0.7199657778021997,0.8145539906103286,0.5,GLOBAL,0.5
1157,2,683.1050048501797,6.197335719699666,6.326375103273238,736.7745663113365,1,P1,0.086179186669976,0.5386533665835411,0.5,GLOBAL,0.5
1162,6,683.2173981010444,7.413392313222418,8.875626764547581,736.8869595622011,2,P1,-0.43764517475665893,0.2604166666666667,0.5,GLOBAL,0.5
1160,1,683.5856064647996,5.80542427494203,2.082703144458337,737.2551679259564,0,P2,-0.10963896325660581,0.43427230046948356,0.5,GLOBAL,0.5
1163,2,684.2193954685447,5.918011684373967,8.750874044198536,737.8889569297014,2,P1,-0.5571373072643752,0.2119700748129676,0.5,GLOBAL,0.5
1159,1,684.397235614822,3.6819629298879475,3.041212286433085,738.0667970759787,0,P1,0.6053849311068334,0.7887323943661971,0.5,GLOBAL,0.5
1161,1,684.461855594614,5.9554019312419095,2.331920370563417,738.1314170557707,0,P1,0.15611739845813385,0.6173708920187794,0.5,GLOBAL,0.5
1164,3,686.8694913975157,5.891311132791443,3.900790863483524,740.5390528586724,1,BG,,,0.5,GLOBAL,0.5
1166,3,687.8312939928315,6.227926691291537,9.368443783882212,741.5008554539883,2,BG,,,0.5,GLOBAL,0.5
1165,1,689.3936164234334,2.5710864746325934,0.999679980883415,743.0631778845901,0,P2,2.474334453558125,0.9953051643192489,0.5,GLOBAL,0.5
1167,2,689.9672585238475,5.313709323634427,4.34818666725528,743.6368199850042,1,P1,1.483092404490098,0.9675810473815462,0.5,GLOBAL,0.5
1169,1,690.497948203934,8.238194666950735,8.71910455986942,744.1675096650907,2,P1,-0.815652446045337,0.10328638497652583,0.5,GLOBAL,0.5
1170,1,690.5271682158042,7.7328710372562135,4.882721387155992,744.1967296769609,1,P1,0.37639579028166614,0.710093896713615,0.5,GLOBAL,0.5
1168,1,690.9272590178581,8.530773039893015,7.027184194828705,744.5968204790148,2,P3,-0.37506219206932995,0.31103286384976525,0.5,GLOBAL,0.5
1171,2,691.9916886752906,5.013478959921513,9.428058082789157,745.6612501364473,2,P2,-0.30475803041146843,0.341645885286783,0.5,GLOBAL,0.5
1173,1,692.4100992139605,8.245733625153164,7.450184886063942,746.0796606751172,2,P1,-0.7879039801102109,0.11267605633802817,0.5,GLOBAL,0.5
1172,2,692.7803954376004,6.351135777089662,5.163734497334375,746.4499568987571,1,P1,-0.6662421415500768,0.16957605985037408,0.5,GLOBAL,0.5
1174,1,692.8370011517968,8.947603469626577,3.0290204251229045,746.5065626129535,0,P1,-0.49523344201103137,0.24530516431924881,0.5,GLOBAL,0.5
1175,1,692.8966273043396,8.41470851979357,1.8045812362963702,746.5661887654963,0,P1,-0.04096415963474657,0.4671361502347418,0.5,GLOBAL,0.5
1177,2,694.4231200467387,6.695119712381887,4.758096080943438,748.0926815078955,1,P1,-0.11641356652315775,0.44389027431421446,0.5,GLOBAL,0.5
1176,2,694.5169875038755,5.729220239915866,4.906441813298148,748.1865489650322,1,P1,-0.531377076005759,0.22443890274314215,0.5,GLOBAL,0.5
1179,1,695.7619047256702,7.481399094822296,6.612342682242068,749.4314661868269,1,P1,-0.5356757446114598,0.21948356807511737,0.5,GLOBAL,0.5
1181,1,697.13107479551,7.031305982189692,6.812678435140391,750.8006362566667,1,P3,-0.4841685092265463,0.25,0.5,GLOBAL,0.5
1178,2,697.295352152132,5.733111729693201,4.846313672118527,750.9649136132887,1,P1,0.6876956154536153,0.8204488778054863,0.5,GLOBAL,0.5
1180,1,698.0057266989775,6.093207569291323,1.9198342107965793,751.6752881601342,0,P2,1.7420486782824938,0.9495305164319249,0.5,GLOBAL,0.5
1184,2,699.2484531245229,8.14002848173046,8.552184798952247,752.9180145856797,2,P1,1.5029789654903876,0.970074812967581,0.5,GLOBAL,0.5
1185,1,700.5281884327853,8.536530627681827,5.590754475899444,754.197749893942,1,P1,0.508271739346153,0.7570422535211268,0.5,GLOBAL,0.5
1182,1,700.5549812320731,5.89895544724666,3.0856437433189527,754.2245426932299,0,P3,1.3042536668882225,0.9096244131455399,0.5,GLOBAL,0.5
1183,1,700.6568961132365,6.100513209497587,3.335020605944224,754.3264575743932,0,P1,-2.0986657101446715,0.005868544600938967,0.5,GLOBAL,0.5
1186,2,701.4850494394732,6.577990252318607,3.7681159464314353,755.1546109006299,1,P2,0.5340999733456514,0.770573566084788,0.5,GLOBAL,0.5
1187,1,701.5499043522591,8.325448541965134,6.408375698380909,755.2194658134158,1,P1,-0.8318169304329015,0.09624413145539906,0.5,GLOBAL,0.5
1188,1,702.0167732728178,7.836958406142759,1.1869828361435937,755.6863347339745,0,P1,0.6044419216948272,0.7875586854460094,0.5,GLOBAL,0.5
1190,2,702.9308830019979,6.560793261703923,4.906582218153266,756.6004444631546,1,P1,0.48477745324091326,0.743142144638404,0.5,GLOBAL,0.5
1189,2,703.746182968591,6.597500391475116,8.08466403582344,757.4157444297477,2,P1,1.3614690664260563,0.9526184538653366,0.5,GLOBAL,0.5
1191,1,704.3659221082037,8.365478106881076,9.105067673076453,758.0354835693604,2,P3,0.2970285871497057,0.681924882629108,0.5,GLOBAL,0.5
1192,1,705.1312886681479,6.688795616933004,5.923239421656838,758.8008501293046,1,P1,0.007310111413943661,0.5164319248826291,0.5,GLOBAL,0.5
1193,2,705.3813799169218,5.475686275259908,4.137969535326257,759.0509413780785,1,P1,0.5285807156232125,0.7630922693266833,0.5,GLOBAL,0.5
1194,1,705.6538814982471,5.795123207138577,1.7475944856831662,759.3234429594038,0,P2,1.085133475707301,0.8838028169014085,0.5,GLOBAL,0.5
1195,1,705.733420500196,5.463286604720526,5.740007917912826,759.4029819613527,1,P1,0.17752565232610473,0.6279342723004695,0.5,GLOBAL,0.5
1196,1,705.8884931528066,6.042431676606911,6.16520456450692,759.5580546139633,1,P2,-0.7210734069619781,0.13380281690140844,0.5,GLOBAL,0.5
1197,3,705.961401560327,7.617167997920542,9.456932323846617,759.6309630214837,2,BG,,,0.5,GLOBAL,0.5
1198,1,708.5428980764315,8.051401377415067,3.757970754059017,762.2124595375882,1,P2,-0.16856038434428572,0.4107981220657277,0.5,GLOBAL,0.5
1200,1,709.0424769818688,7.218782489156176,8.275549341614477,762.7120384430256,2,P1,-0.3568243739233113,0.31690140845070425,0.5,GLOBAL,0.5
1199,1,709.0634038449206,6.166007946700516,1.4819348143959805,762.7329653060773,0,P2,1.2302038874217818,0.9014084507042254,0.5,GLOBAL,0.5
1202,1,709.2123155371362,8.47052905559021,4.234086336132724,762.8818769982929,1,P1,-0.6802427858175882,0.1443661971830986,0.5,GLOBAL,0.5
1201,2,709.4366619418937,6.9268842349215625,7.527102085655224,763.1062234030504,2,P1,-0.916629016426366,0.09476309226932668,0.5,GLOBAL,0.5
1203,6,710.9375078586422,7.244808042558624,6.2119367193924715,764.6070693197989,1,P1,-0.8428019259994007,0.125,0.5,GLOBAL,0.5
1205,1,711.8667167109359,7.258717910612697,3.6777096215562075,765.5362781720926,1,P3,0.07000292722991402,0.5469483568075117,0.5,GLOBAL,0.5
1206,1,712.0071213446984,9.731001728020559,3.575504395278622,765.6766828058551,1,P2,-0.643198289954714,0.1619718309859155,0.5,GLOBAL,0.5
1204,1,712.7430546076686,5.460415454595567,0.9364154586682885,766.4126160688253,0,P2,1.7220785177232842,0.9471830985915493,0.5,GLOBAL,0.5
1208,1,712.9233814136666,7.044098963839216,9.594570152616104,766.5929428748233,2,P1,0.17422687580604684,0.6267605633802817,0.5,GLOBAL,0.5
1209,3,712.9415646923558,5.67831848927641,6.076977281706828,766.6111261535125,1,BG,,,0.5,GLOBAL,0.5
1211,1,713.6324966819285,6.734794948433465,2.9769309042918737,767.3020581430852,0,P1,-0.7349667787427642,0.12793427230046947,0.5,GLOBAL,0.5
1207,6,714.2108881085392,2.4734443591775315,8.801118387956802,767.8804495696959,2,P2,-0.726585739729073,0.1875,0.5,GLOBAL,0.5
1210,1,714.8787956858648,5.126769059550554,4.45321214914193,768.5483571470215,1,P2,-0.4030724058927434,0.29694835680751175,0.5,GLOBAL,0.5
1215,2,715.1284489777616,6.790767919709191,8.709517841615314,768.7980104389184,2,P1,-0.8804248014793052,0.11221945137157108,0.5,GLOBAL,0.5
1212,1,715.1940768836436,7.302612202661689,1.9045892403105424,768.8636383448003,0,P2,0.012052845007570444,0.5187793427230047,0.5,GLOBAL,0.5
1214,1,715.9751122075402,7.390777455242925,3.500200054991318,769.6446736686969,1,P1,-0.43822377906997584,0.27816901408450706,0.5,GLOBAL,0.5
1213,1,716.4061894849767,4.784335729709528,0.9995615862053185,770.0757509461334,0,P1,0.46716829147115346,0.7370892018779343,0.5,GLOBAL,0.5
1216,1,717.6638016023394,6.706722717056225,5.119742587868252,771.3333630634961,1,P1,0.0009444987396111486,0.5105633802816901,0.5,GLOBAL,0.5
1219,1,719.1138710645878,7.054743953613003,9.32576595353375,772.7834325257445,2,P1,1.1232902426983236,0.8884976525821596,0.5,GLOBAL,0.5
1222,2,719.3490664521472,6.371958944393446,5.818438146243762,773.0186279133039,1,P1,-0.6417355077336855,0.1770573566084788,0.5,GLOBAL,0.5
1218,1,719.3710076605214,3.3228042297856306,1.4740070326968753,773.0405691216781,0,P1,0.8128355145061045,0.8427230046948356,0.5,GLOBAL,0.5
1221,1,719.7450696795115,5.371323073510297,1.5213971713285595,773.4146311406682,0,P1,-2.0986657101446715,0.005868544600938967,0.5,GLOBAL,0.5
1223,2,720.4756256910088,8.348276130659624,8.978291138352303,774.1451871521655,2,P1,-0.4326650383882702,0.2793017456359102,0.5,GLOBAL,0.5
1224,1,720.7217759381007,8.201606600551532,10.449815320886199,774.3913373992574,2,P2,-0.3909775537979942,0.3039906103286385,0.5,GLOBAL,0.5
1220,4,720.8173286476824,4.682564223796806,5.826427698976732,774.4868901088391,1,BG,,,0.5,GLOBAL,0.5
1227,1,721.8171702715695,9.57602269180574,8.942763010064239,775.4867317327262,2,P1,0.8619292006384476,0.8532863849765259,0.5,GLOBAL,0.5
1225,2,722.4012836323824,5.194116912556999,8.442703213303538,776.0708450935391,2,P1,-0.29551207102424015,0.34663341645885287,0.5,GLOBAL,0.5
1217,6,722.4604260688723,1.9492185982254828,0.954501905972132,776.129987530029,0,P1,2.1884259401534774,0.9739583333333334,0.5,GLOBAL,0.5
1231,1,722.7295101847686,6.516851422639721,9.979625459156626,776.3990716459253,2,P3,-0.6754711509998923,0.14788732394366197,0.5,GLOBAL,0.5
1229,2,723.6176507557327,6.833252131178839,4.1958770114226835,777.2872122168894,1,P1,-0.025282644432557205,0.486284289276808,0.5,GLOBAL,0.5
1228,2,723.6275910903041,3.2265718825713807,9.42296880917045,777.2971525514608,2,P1,0.5687432437812437,0.7805486284289277,0.5,GLOBAL,0.5
1226,6,724.6751074198387,3.953863610476412,2.703931634597313,778.3446688809954,0,P1,0.11291931651437898,0.6041666666666666,0.5,GLOBAL,0.5
1232,2,724.8719256079613,5.90949416324007,5.382551549588891,778.541487069118,1,P1,-0.6670643702794681,0.16708229426433915,0.5,GLOBAL,0.5
1233,1,725.0654899343169,6.733609625254444,8.393435236969333,778.7350513954736,2,P1,0.5421427615097086,0.7676056338028169,0.5,GLOBAL,0.5
1230,1,725.3674379444794,4.69783761750378,8.762350702518093,779.0369994056362,2,P1,-0.17933292437524387,0.4025821596244131,0.5,GLOBAL,0.5
1237,1,726.312619696595,6.121146178927508,2.5422875634538773,779.9821811577517,0,P2,0.2525817283342442,0.6607981220657277,0.5,GLOBAL,0.5
1235,2,726.337353714626,4.613342867642945,5.989427861561958,780.0069151757828,1,P2,0.361120191080522,0.685785536159601,0.5,GLOBAL,0.5
1238,1,726.4962580254706,4.928866036960007,0.9865808118903534,780.1658194866274,0,P2,0.5537898959419082,0.7711267605633803,0.5,GLOBAL,0.5
1236,2,726.6778639307963,4.29599721101194,3.6626001846345897,780.347425391953,1,P2,0.2127482596070825,0.6109725685785536,0.5,GLOBAL,0.5
1234,6,727.6005663024579,3.990823354063764,7.270807150086244,781.2701277636146,2,P1,0.07936689040717619,0.5833333333333334,0.5,GLOBAL,0.5
1241,2,728.0899327106509,4.476221700988033,5.112240617940138,781.7594941718077,1,P1,-0.026642982998119135,0.4837905236907731,0.5,GLOBAL,0.5
1239,2,728.307916145199,5.195758892052254,9.209667078363122,781.9774776063557,2,P1,0.9723186813901776,0.8902743142144638,0.5,GLOBAL,0.5
1242,2,728.3949447076287,5.542577549946296,3.1569660779430695,782.0645061687854,0,P1,-0.21031393333036366,0.3940149625935162,0.5,GLOBAL,0.5
1240,2,729.4150359956398,5.4307422236882585,9.018197393791239,783.0845974567965,2,P2,0.18381131593152053,0.6034912718204489,0.5,GLOBAL,0.5
1246,3,730.1370673480659,4.751006227021096,3.2115522276581716,783.8066288092226,0,BG,,,0.5,GLOBAL,0.5
1243,1,730.3240135943632,4.154594298398853,7.88704554749483,783.99357505552,2,P3,-0.2698893368582995,0.36032863849765256,0.5,GLOBAL,0.5
1245,2,730.5459113460728,4.543686282503984,8.971895402945904,784.2154728072295,2,P1,-0.5939244392087367,0.19201995012468828,0.5,GLOBAL,0.5
1244,2,730.6876392490371,5.388451565514536,6.899773955705024,784.3572007101939,1,P1,0.25166937412722196,0.6309226932668329,0.5,GLOBAL,0.5
1247,1,730.734501460529,6.922696811624306,1.2550605106906076,784.4040629216857,0,P1,0.5862054316137665,0.7816901408450704,0.5,GLOBAL,0.5
1249,2,732.0455972561994,4.471060881762468,8.552049899684976,785.7151587173561,2,P1,-0.05304728533026993,0.46384039900249374,0.5,GLOBAL,0.5
1250,2,732.6850057921347,6.492765601826221,1.6924959059987845,786.3545672532914,0,P2,-0.033473666020873497,0.47880299251870323,0.5,GLOBAL,0.5
1251,2,733.0804620441935,6.504806294245111,8.861390127071763,786.7500235053502,2,P1,-0.4502684883500133,0.26683291770573564,0.5,GLOBAL,0.5
1248,6,733.7690967653481,6.313777728533804,3.762528900123033,787.4386582265048,1,P1,-0.2230856072564372,0.3854166666666667,0.5,GLOBAL,0.5
1254,6,733.7853489644244,5.396172430932558,3.8720721795094923,787.4549104255811,1,P2,-1.3536920536865273,0.041666666666666664,0.5,GLOBAL,0.5
1252,1,734.0728520399668,5.006163281730808,3.411906415389065,787.7424135011236,0,P1,-0.002839344283250013,0.4894366197183099,0.5,GLOBAL,0.5
1253,6,735.6885562984376,6.8137556373686365,4.898069531199349,789.3581177595943,1,P1,0.1258356674346628,0.609375,0.5,GLOBAL,0.5
1255,1,737.2802639854239,4.193315438726871,1.4745002714245348,790.9498254465806,0,P1,2.276140052255599,0.9835680751173709,0.5,GLOBAL,0.5
1257,1,737.6255729742809,8.446702327499581,8.721070387639452,791.2951344354376,2,P1,-0.26326096441396624,0.3673708920187793,0.5,GLOBAL,0.5
1256,6,740.4076714430993,3.7316345179986907,1.8088064165676485,794.077232904256,0,P1,1.485409921882314,0.9270833333333334,0.5,GLOBAL,0.5
1259,2,741.2696803761241,6.864099556494352,9.317046551824767,794.9392418372809,2,P1,0.6077907119181343,0.7955112219451371,0.5,GLOBAL,0.5
1260,2,741.2751050309729,8.735046992160276,6.216573958197316,794.9446664921296,1,P1,0.9709459925911637,0.8877805486284289,0.5,GLOBAL,0.5
1261,1,742.923038578629,8.267024467776011,8.62957353161415,796.5926000397857,2,P1,-0.2674302327556857,0.3626760563380282,0.5,GLOBAL,0.5
1262,1,745.0143133861466,5.796974490000101,4.461818237452142,798.6838748473033,1,P1,-0.4734251312323479,0.26173708920187794,0.5,GLOBAL,0.5
1263,1,745.3484607644912,7.041389944349648,3.540844674184878,799.0180222256479,1,P2,-0.3991477759970293,0.2981220657276995,0.5,GLOBAL,0.5
1258,1,746.6816938610255,2.1151882090498892,1.0587111409054855,800.3512553221822,0,P1,2.474334453558125,0.9953051643192489,0.5,GLOBAL,0.5
1265,3,750.2039177289632,5.339804084493187,3.8804081486056012,803.87347919012,1,BG,,,0.5,GLOBAL,0.5
1267,1,750.6693722359196,11.038796747566021,6.698478841342305,804.3389336970763,1,P1,-2.0986657101446715,0.005868544600938967,0.5,GLOBAL,0.5
1269,1,750.828443170984,8.498151362873084,7.80208454272209,804.4980046321407,2,P1,-2.0021379972745326,0.015258215962441314,0.5,GLOBAL,0.5
1270,1,750.8547425391301,7.134346545382275,6.52349964605239,804.5243040002869,1,P1,-0.49526379855361313,0.24413145539906103,0.5,GLOBAL,0.5
1264,6,751.2089720807991,4.859369859727128,9.475604356508148,804.8785335419558,2,P1,0.06405186464540602,0.5677083333333334,0.5,GLOBAL,0.5
1268,1,752.1572666738667,5.845331013546674,2.114764207035888,805.8268281350234,0,P1,0.48202874260639694,0.7476525821596244,0.5,GLOBAL,0.5
1266,6,752.6785327063977,5.415560536524874,8.648441200515116,806.3480941675544,2,P2,0.5142582585360719,0.7552083333333334,0.5,GLOBAL,0.5
1274,2,753.6913690455625,9.59635163294689,6.418779530367002,807.3609305067192,1,P2,-0.6634410884483579,0.17206982543640897,0.5,GLOBAL,0.5
1271,1,753.88828922678,7.623679829930349,4.143003386847427,807.5578506879367,1,P1,0.09244627178042363,0.5704225352112676,0.5,GLOBAL,0.5
1273,1,755.0995113979498,5.180675868076979,9.07551518516013,808.7690728591065,2,P1,0.7978217736343208,0.8415492957746479,0.5,GLOBAL,0.5
1275,1,755.1007826140014,6.0053676609520155,4.169719333726271,808.7703440751582,1,P1,-0.6296842259355176,0.17136150234741784,0.5,GLOBAL,0.5
1276,2,755.4127715206023,4.560020978483439,8.208438764331062,809.082332981759,2,P2,-0.4149588330472443,0.28428927680798005,0.5,GLOBAL,0.5
1277,2,755.6083487493183,7.0401082827325245,6.101255596726239,809.277910210475,1,P1,-0.9050151316392607,0.10224438902743142,0.5,GLOBAL,0.5
1272,6,756.2628857987488,4.021301515765689,2.151466925395599,809.9324472599055,0,P1,1.1327409807551037,0.875,0.5,GLOBAL,0.5
1278,1,756.760347744885,6.701857607918923,4.798958300062922,810.4299092060418,1,P2,-1.1263538108291131,0.04812206572769953,0.5,GLOBAL,0.5
1279,2,756.8132816913518,5.910760856060538,8.603707685836653,810.4828431525085,2,P1,-0.868448450244718,0.1172069825436409,0.5,GLOBAL,0.5
1281,1,757.9098452933122,10.532860123389403,5.595248889353278,811.5794067544689,1,P1,-0.5452213102875764,0.2136150234741784,0.5,GLOBAL,0.5
1280,1,758.6653470809724,4.734764376923491,2.4367051154290893,812.3349085421291,0,P1,1.0522662474920985,0.8755868544600939,0.5,GLOBAL,0.5
1282,1,759.8119820030697,5.407001459911661,8.473383313711565,813.4815434642264,2,P2,0.7912424237610237,0.8392018779342723,0.5,GLOBAL,0.5
1283,1,760.6054025148909,3.859005001984641,1.484670584278096,814.2749639760476,0,P2,1.9956068694353783,0.9706572769953051,0.5,GLOBAL,0.5
1284,2,761.3368936336393,5.665930305471361,8.960794085257458,815.006455094796,2,P2,0.028676517918592024,0.5211970074812967,0.5,GLOBAL,0.5
1286,3,762.1450565666947,5.800688536359186,5.198530497118922,815.8146180278515,1,BG,,,0.5,GLOBAL,0.5
1287,2,762.8229111769318,7.032869263913441,2.4913123727340714,816.4924726380885,0,P1,1.1081230779138738,0.9152119700748129,0.5,GLOBAL,0.5
1288,1,762.9281964932499,5.873961955216111,9.685724363283684,816.5977579544066,2,P1,-0.07322326946731265,0.4448356807511737,0.5,GLOBAL,0.5
1289,1,763.1659334792301,6.392867855031738,9.568427454282467,816.8354949403869,2,P2,-0.33487991608888296,0.3274647887323944,0.5,GLOBAL,0.5
1292,2,763.6147018981726,7.570017329769044,7.504866616693432,817.2842633593293,2,P1,-0.7333147186875557,0.14713216957605985,0.5,GLOBAL,0.5
1285,1,763.7099428158441,3.7415866284950834,0.7768706328888244,817.3795042770008,0,P2,1.1080157540556568,0.886150234741784,0.5,GLOBAL,0.5
1293,1,763.966578419313,5.790755393864881,2.8088967924779586,817.6361398804697,0,P1,1.2769317214070215,0.9049295774647887,0.5,GLOBAL,0.5
1290,1,764.2561463933536,5.584150930004185,2.0015081018700087,817.9257078545103,0,P1,-0.15065496291786823,0.4213615023474178,0.5,GLOBAL,0.5
1291,2,764.4462115384149,6.60054057274707,8.700473590814589,818.1157729995716,2,P1,0.4244174693890784,0.7206982543640897,0.5,GLOBAL,0.5
1295,1,765.8297442125374,7.113874459791516,7.3475792202115215,819.4993056736942,2,P1,-0.49374198397673313,0.24647887323943662,0.5,GLOBAL,0.5
1294,3,766.0421259720962,6.09716319889383,4.71083956036897,819.7116874332529,1,BG,,,0.5,GLOBAL,0.5
1297,1,766.4070429238851,6.495324314012874,9.044400996665138,820.0766043850418,2,P1,-0.5040632461661719,0.23591549295774647,0.5,GLOBAL,0.5
1296,6,767.4011697293789,5.656147888406946,2.210153510743471,821.0707311905356,0,P2,0.0907687924582812,0.59375,0.5,GLOBAL,0.5
1301,2,767.9019599873791,5.318698043814717,7.3638914253632075,821.5715214485358,2,P1,-0.038845092608329156,0.47381546134663344,0.5,GLOBAL,0.5
1299,1,768.4114855241623,5.590914253075179,1.3205788319050995,822.0810469853191,0,P2,-0.0867429816731097,0.44014084507042256,0.5,GLOBAL,0.5
1300,6,768.8931366987694,3.3343629357436626,3.590597259384246,822.5626981599261,1,P2,-0.07025108227516626,0.4635416666666667,0.5,GLOBAL,0.5
1304,1,769.0663358521283,7.191557097096619,8.316221771403287,822.735897313285,2,P1,-0.5107672655237502,0.2312206572769953,0.5,GLOBAL,0.5
1298,6,769.3064421694429,3.7411307395689337,9.002292016947408,822.9760036305996,2,P1,-0.10611876090963498,0.4375,0.5,GLOBAL,0.5
1302,1,769.7449797701221,6.9022002999363465,1.785472015068231,823.4145412312788,0,P2,0.4295334319453368,0.7312206572769953,0.5,GLOBAL,0.5
1311,1,769.8994713618142,7.967874019302923,5.895396185986742,823.5690328229709,1,P1,-0.3481936225969217,0.3227699530516432,0.5,GLOBAL,0.5
1303,2,770.3425943878931,5.498510025620983,4.453584261430185,824.0121558490498,1,P1,0.6256107817618252,0.8079800498753117,0.5,GLOBAL,0.5
1306,1,770.739614070215,5.283931027727175,10.243129803778052,824.4091755313717,2,P1,0.22857481950070416,0.6408450704225352,0.5,GLOBAL,0.5
1307,2,771.3202978582408,3.9752370049033763,8.799058022572101,824.9898593193975,2,P1,-0.385341369507999,0.30673316708229426,0.5,GLOBAL,0.5
1309,1,771.5492514725748,7.08888984921723,6.421491978584371,825.2188129337316,1,P1,-0.6936144894311586,0.1431924882629108,0.5,GLOBAL,0.5
1305,6,772.2896147695101,3.745782103636836,1.3193113070596885,825.9591762306668,0,P1,-0.4412266571093182,0.2552083333333333,0.5,GLOBAL,0.5
1308,2,772.302208273917,5.743088534274688,5.670602453348422,825.9717697350737,1,P1,0.5430748248995237,0.7780548628428927,0.5,GLOBAL,0.5
1310,6,772.6142593561489,5.454082347274479,3.196967886880829,826.2838208173056,0,P1,0.4266822083099651,0.7291666666666666,0.5,GLOBAL,0.5
1317,1,772.8840562145324,7.281318362188785,9.05460950500856,826.5536176756891,2,P1,-0.8179758951473107,0.09976525821596244,0.5,GLOBAL,0.5
1313,1,773.0572017052203,6.840811017568239,3.82689133142622,826.726763166377,1,P1,-0.4182991019062346,0.2875586854460094,0.5,GLOBAL,0.5
1320,1,773.1659953512228,6.6684774175725945,9.136828891357364,826.8355568123795,2,P3,-0.19134396467038506,0.397887323943662,0.5,GLOBAL,0.5
1315,2,773.3618689269601,4.44714305703103,6.854111855250933,827.0314303881169,1,P2,1.2747805998018387,0.9476309226932669,0.5,GLOBAL,0.5
1314,1,773.3986242046276,7.011360413324812,3.3462369429378334,827.0681856657843,0,P1,0.759242143128297,0.8333333333333334,0.5,GLOBAL,0.5
1319,2,774.1042901404373,5.312731870443744,9.317225122969152,827.7738516015941,2,P2,0.652125687209837,0.8104738154613467,0.5,GLOBAL,0.5
1316,2,774.497648448104,4.542723336966113,4.841150432676798,828.1672099092607,1,P1,0.0,0.5012468827930174,0.5,GLOBAL,0.5
1312,1,774.9414370970333,2.735667883685103,0.5149441847135956,828.61099855819,0,P1,1.5208858915570842,0.9284037558685446,0.5,GLOBAL,0.5
1321,1,774.9643971391498,5.969397763174614,3.4899071766748544,828.6339586003065,0,P3,-0.4971519859180845,0.24178403755868544,0.5,GLOBAL,0.5
1318,1,775.0335118540695,6.018730963076571,2.499844285451419,828.7030733152262,0,P1,0.24566654518406503,0.653755868544601,0.5,GLOBAL,0.5
1324,2,775.2709424810176,4.593152332329713,9.057348163620375,828.9405039421744,2,P2,-0.04560811736941263,0.4713216957605985,0.5,GLOBAL,0.5
1325,2,775.7875030062207,6.001891258552572,5.7011802976402395,829.4570644673774,1,P1,1.4628472340570038,0.9625935162094763,0.5,GLOBAL,0.5
1323,2,776.1069193060481,5.062806665315824,5.848754180199452,829.7764807672048,1,P1,0.781659930006911,0.8379052369077307,0.5,GLOBAL,0.5
1326,2,776.4872114276837,6.786689955061055,4.067615023340753,830.1567728888405,1,P2,-0.14701105289648284,0.4239401496259352,0.5,GLOBAL,0.5
1322,1,776.7842174766953,4.3078975430334205,1.2884599549865885,830.453778937852,0,P1,0.9369273489561206,0.8603286384976526,0.5,GLOBAL,0.5
1327,1,777.176772598672,6.404843731787162,2.6558834383121694,830.8463340598287,0,P2,-1.8940397343067048,0.017605633802816902,0.5,GLOBAL,0.5
1330,3,777.2243275803754,6.374280102623769,9.14721804773551,830.8938890415321,2,BG,,,0.5,GLOBAL,0.5
1329,1,778.0313910462663,7.554761904058842,4.015554231237983,831.700952507423,1,P3,0.29688512921625304,0.6807511737089202,0.5,GLOBAL,0.5
1331,1,778.3479492965016,4.8621331258238385,1.8140852472471836,832.0175107576583,0,P2,0.13856299711317974,0.607981220657277,0.5,GLOBAL,0.5
1332,5,778.4007411346591,6.329533766384979,6.4847838650864915,832.0703025958159,1,BG,,,0.5,GLOBAL,0.5
1333,1,778.4922744554644,4.950409563059593,2.0091329952420214,832.1618359166212,0,P1,0.10437318178404664,0.5856807511737089,0.5,GLOBAL,0.5
1335,1,778.8070848383657,5.681291039409812,3.8896478652078996,832.4766462995224,1,P2,-1.4561076298507376,0.02464788732394366,0.5,GLOBAL,0.5
1328,1,779.0502414440564,5.356963959542012,1.0782774324443902,832.7198029052131,0,P2,0.9733993320819413,0.8650234741784038,0.5,GLOBAL,0.5
1337,1,779.066490139276,5.954040155936754,3.862271399255468,832.7360516004327,1,P3,-0.04923078871927295,0.4612676056338028,0.5,GLOBAL,0.5
1336,1,779.4400779939855,4.294794873602257,2.8611076878692656,833.1096394551422,0,P1,0.4771601328190856,0.7453051643192489,0.5,GLOBAL,0.5
1339,2,779.5537090730021,10.034370134184892,6.133409920055702,833.2232705341588,1,P2,-2.081835902965241,0.006234413965087282,0.5,GLOBAL,0.5
1344,2,779.590652535016,4.644661798076424,9.482265854980444,833.2602139961728,2,P1,0.2554545505504175,0.6334164588528678,0.5,GLOBAL,0.5
1334,1,780.3148915442392,4.89649370619373,1.5065742908194133,833.984453005396,0,P2,1.8940010868767467,0.9624413145539906,0.5,GLOBAL,0.5
1340,1,780.6720578085817,5.874444296904771,4.033164929076066,834.3416192697384,1,P2,-0.016543293334575146,0.4835680751173709,0.5,GLOBAL,0.5
1343,6,781.2117059002519,7.847686676334102,8.551431540315706,834.8812673614086,2,P2,-1.0004002127735938,0.08854166666666667,0.5,GLOBAL,0.5
1338,6,782.1126178116036,4.706144236523584,3.0348196570209685,835.7821792727603,0,P1,-0.3973798719088177,0.2864583333333333,0.5,GLOBAL,0.5
1342,1,782.1265218193515,6.470886742367263,4.5683252085546515,835.7960832805082,1,P1,0.7344171732277656,0.8251173708920188,0.5,GLOBAL,0.5
1341,6,782.6403208491249,3.5337132924318277,1.5630709341056679,836.3098823102816,0,P1,0.43693724606646717,0.7395833333333334,0.5,GLOBAL,0.5
1345,1,783.1953464796034,7.351747119471114,4.706930614385492,836.8649079407601,1,P1,-0.2788103580223769,0.3544600938967136,0.5,GLOBAL,0.5
1348,1,783.3535003133237,8.610323155249878,5.3089332375948795,837.0230617744804,1,P2,0.2657954884705134,0.6678403755868545,0.5,GLOBAL,0.5
1347,1,783.4806092837657,6.922901641708627,5.316328333578245,837.1501707449224,1,P2,0.6182798761689738,0.789906103286385,0.5,GLOBAL,0.5
1346,1,783.4836673751314,3.7017786787016833,4.488834071363658,837.1532288362881,1,P1,0.0026630808924891303,0.5117370892018779,0.5,GLOBAL,0.5
1349,1,783.9222487859633,7.568923077649435,5.75355256668111,837.5918102471201,1,P1,-0.07762502747842157,0.44366197183098594,0.5,GLOBAL,0.5
1350,6,784.8789283301039,5.609479976055631,5.971067394233073,838.5484897912606,1,P1,0.3946457973863065,0.7239583333333334,0.5,GLOBAL,0.5
1352,6,786.0019063140466,7.081047425438206,9.276966397606557,839.6714677752033,2,P2,0.6817716263889274,0.8072916666666666,0.5,GLOBAL,0.5
1351,2,786.5534502189089,4.002414478975763,5.752113147099143,840.2230116800656,1,P1,0.41812789058688454,0.71571072319202,0.5,GLOBAL,0.5
1353,1,788.5198030540907,6.1047463537298,6.8658819842713115,842.1893645152475,1,P2,1.058842031344892,0.8779342723004695,0.5,GLOBAL,0.5
1355,2,788.548789676715,6.3415694690928195,5.719586630388756,842.2183511378718,1,P1,0.094820364445317,0.543640897755611,0.5,GLOBAL,0.5
1354,1,789.2804835505445,6.025415127708156,4.2313153908295265,842.9500450117013,1,P3,-0.1548755463945059,0.41901408450704225,0.5,GLOBAL,0.5
1357,2,791.5382348713432,6.330843930877715,5.646510225266352,845.2077963324999,1,P1,0.282623911635574,0.6408977556109726,0.5,GLOBAL,0.5
1356,6,792.9224207697182,5.553877161004513,9.221018609361034,846.5919822308749,2,P1,-0.5049835108779257,0.24479166666666666,0.5,GLOBAL,0.5
1360,2,794.0928636831253,5.669013983327566,5.505307038375652,847.762425144282,1,P1,0.15175491955237397,0.57356608478803,0.5,GLOBAL,0.5
1358,6,794.3746983171866,4.946427101821983,2.7392383687496102,848.0442597783433,0,P1,0.0,0.5026041666666666,0.5,GLOBAL,0.5
1361,2,794.5874579228307,5.465115981558046,8.411838195722686,848.2570193839874,2,P1,0.011222069182915703,0.5087281795511222,0.5,GLOBAL,0.5
1364,2,795.6405515671091,6.5678124232205715,7.70829882187959,849.3101130282658,2,P2,-0.829605671618828,0.12718204488778054,0.5,GLOBAL,0.5
1363,2,796.5163420474227,4.5498464865788195,5.258188665135028,850.1859035085794,1,P2,0.13018795204047562,0.5635910224438903,0.5,GLOBAL,0.5
1365,1,797.2005115783642,5.904243032939649,7.511816181214116,850.8700730395209,2,P1,-0.253705634604765,0.37089201877934275,0.5,GLOBAL,0.5
1362,1,797.4515173424951,5.31545893542647,4.022945690504896,851.1210788036518,1,P1,-0.336943577972078,0.32629107981220656,0.5,GLOBAL,0.5
1359,6,797.9697124075323,3.0883103711916173,1.285868666395386,851.639273868689,0,P1,1.81832445218255,0.953125,0.5,GLOBAL,0.5
1366,2,798.280481385165,5.171063680199341,8.527712687149007,851.9500428463217,2,P2,0.5429726020162067,0.7755610972568578,0.5,GLOBAL,0.5
1368,1,798.957502535238,8.428606995035846,3.8766442081456236,852.6270639963947,1,P1,-0.06229243769005017,0.4507042253521127,0.5,GLOBAL,0.5
1367,1,799.5274217930233,3.513272117581674,2.2705597607808286,853.19698325418,0,P1,1.1580936124197687,0.8931924882629108,0.5,GLOBAL,0.5
1371,2,799.5518132549416,5.043135856980006,8.7993781025106,853.2213747160984,2,P1,-0.05127915522428318,0.46633416458852867,0.5,GLOBAL,0.5
1369,1,799.8960214123721,4.731188962077299,4.316744103733265,853.5655828735288,1,P1,0.14500387702429993,0.6091549295774648,0.5,GLOBAL,0.5
1370,6,800.9308336551585,6.1009201164227,3.109980903979853,854.6003951163152,0,P1,0.30806742099133655,0.6614583333333334,0.5,GLOBAL,0.5
1373,2,801.3141792128796,5.25510704999407,8.981505839869342,854.9837406740363,2,P2,0.11224140610240561,0.5536159600997507,0.5,GLOBAL,0.5
1372,3,802.185323689558,6.907309912696598,5.995027318384869,855.8548851507147,1,BG,,,0.5,GLOBAL,0.5
1374,2,802.5228370560122,7.605266080250074,9.36369110851414,856.192398517169,2,P2,-0.8590001738092896,0.12219451371571072,0.5,GLOBAL,0.5
1376,1,803.00381405069,6.961133119828476,2.876201397478341,856.6733755118468,0,P1,-0.37916306199692823,0.3075117370892019,0.5,GLOBAL,0.5
1375,6,803.4993635242288,6.825792940607425,9.105918015790994,857.1689249853855,2,P1,0.04621180220808655,0.5520833333333334,0.5,GLOBAL,0.5
1377,2,804.6276305872859,5.796032226335353,9.051393759363512,858.2971920484426,2,P1,0.5754852909277368,0.7855361596009975,0.5,GLOBAL,0.5
1379,1,805.422386696084,10.29122061755732,5.57448635055841,859.0919481572407,1,P3,-0.565442596274316,0.20539906103286384,0.5,GLOBAL,0.5
1380,1,805.5026991758187,8.141471714343401,5.429954680385511,859.1722606369755,1,P1,-0.6300539075336302,0.17018779342723006,0.5,GLOBAL,0.5
1382,1,805.535341727148,8.876494173572999,4.431878303908542,859.2049031883047,1,P1,-1.1430004751298244,0.04460093896713615,0.5,GLOBAL,0.5
1378,2,805.8274280684096,7.935485115370286,7.292209576837458,859.4969895295663,2,P2,-0.623255079643969,0.18703241895261846,0.5,GLOBAL,0.5
1381,2,806.5608335857669,5.719701916233314,4.562170999636204,860.2303950469236,1,P1,0.5256102694919895,0.7581047381546134,0.5,GLOBAL,0.5
1383,1,807.5814758805684,5.9898964397826955,5.585162769957529,861.2510373417251,1,P1,-0.40689525538231724,0.2934272300469484,0.5,GLOBAL,0.5
1385,1,809.6933247498436,7.163130192889444,3.898048628054497,863.3628862110003,1,P1,-0.476876341498995,0.25821596244131456,0.5,GLOBAL,0.5
1386,1,809.7312896121068,7.943306353606612,6.850622626292287,863.4008510732635,1,P1,-0.23608692986015786,0.3755868544600939,0.5,GLOBAL,0.5
1384,1,809.7950425556795,5.760474590112314,4.000238527058088,863.4646040168362,1,P2,-0.4507247900658055,0.2711267605633803,0.5,GLOBAL,0.5
1388,1,810.3012754194422,7.1769164546300415,8.190325146266257,863.9708368805989,2,P1,0.1828378472560467,0.6291079812206573,0.5,GLOBAL,0.5
1389,1,810.4082628426528,7.958873284965407,2.0907363977817868,864.0778243038095,0,P1,1.07127014997868,0.8802816901408451,0.5,GLOBAL,0.5
1387,1,810.4266715317019,8.316215697921022,6.123613981887045,864.0962329928586,1,P3,0.358193873474936,0.7053990610328639,0.5,GLOBAL,0.5
1390,1,811.5839124006376,5.971040583858861,2.2661252693255567,865.2534738617943,0,P2,0.10646141067861789,0.5868544600938967,0.5,GLOBAL,0.5
1391,1,811.6942007638218,4.089552851155378,3.841646470031365,865.3637622249785,1,P2,-0.5019396833481884,0.23826291079812206,0.5,GLOBAL,0.5
1392,1,811.8725230627421,7.013974753148761,3.872610243482146,865.5420845238988,1,P1,-0.8807683337583078,0.0903755868544601,0.5,GLOBAL,0.5
1394,1,812.2570739268499,5.922144486555757,8.587423994836525,865.9266353880066,2,P2,-0.7654999548653111,0.12089201877934272,0.5,GLOBAL,0.5
1393,1,812.6791434908878,5.376564003587315,5.7989333704753845,866.3487049520445,1,P1,-0.4441601723572681,0.2734741784037559,0.5,GLOBAL,0.5
1397,1,813.2730626129503,6.813965760225472,7.872290547145115,866.942624074107,2,P1,-0.24747305881189463,0.3732394366197183,0.5,GLOBAL,0.5
1395,2,813.5316594906772,3.5133182342614577,3.6655387238918458,867.2012209518339,1,P1,-0.3208321869375916,0.3341645885286783,0.5,GLOBAL,0.5
1398,2,813.6931354800537,5.063535040241073,9.06609055331006,867.3626969412104,2,P1,-0.4147955712770376,0.286783042394015,0.5,GLOBAL,0.5
1405,1,814.2552617824064,7.3624422214110945,6.945232071427712,867.9248232435631,1,P2,-0.725308363549859,0.13262910798122066,0.5,GLOBAL,0.5
1396,6,814.2553676268254,7.276281126622095,2.590724385127983,867.9249290879822,0,P2,-0.3910560042375551,0.2916666666666667,0.5,GLOBAL,0.5
1401,1,815.1939792705659,8.486792044683348,5.2367621923458145,868.8635407317227,1,P1,-0.19974831299475385,0.3931924882629108,0.5,GLOBAL,0.5
1406,6,815.3226816402189,7.396573289178264,9.091984126141197,868.9922431013756,2,P1,-0.6462823481437894,0.19791666666666666,0.5,GLOBAL,0.5
1399,1,815.3273317356656,7.4103084850780085,5.276279413155092,868.9968931968223,1,P3,-0.5552460261629459,0.20657276995305165,0.5,GLOBAL,0.5
1407,1,815.7999617161629,6.825995876224823,7.491605101627613,869.4695231773196,2,P1,-0.5271840018412002,0.22417840375586853,0.5,GLOBAL,0.5
1402,1,815.993912368947,6.528464561082054,4.279515026620237,869.6634738301037,1,P2,0.22943518833090998,0.642018779342723,0.5,GLOBAL,0.5
1400,1,816.0413311405915,5.5576188273443945,3.2981356309769745,869.7108926017482,0,P3,-0.27176267077196786,0.3591549295774648,0.5,GLOBAL,0.5
1404,6,816.0720246276074,6.32753240804435,6.125903669879927,869.7415860887642,1,P1,-2.0708990381624184,0.0078125,0.5,GLOBAL,0.5
1408,1,816.6485876267643,3.427961504179624,2.3313256986332727,870.318149087921,0,P3,0.30657020443117194,0.6842723004694836,0.5,GLOBAL,0.5
1403,1,816.7140126490307,4.010700397123414,2.1978572909706338,870.3835741101874,0,P3,0.3548121270328818,0.7007042253521126,0.5,GLOBAL,0.5
1409,1,817.686621833238,4.181380687682162,1.3683423497743645,871.3561832943947,0,P1,-0.16369147967584757,0.4154929577464789,0.5,GLOBAL,0.5
1411,1,818.2636158785351,5.964550900765124,3.717400912665265,871.9331773396918,1,P1,0.38959432547346856,0.7124413145539906,0.5,GLOBAL,0.5
1410,1,818.364311244987,6.070517029174733,1.8303626557914043,872.0338727061437,0,P3,0.23171705040412258,0.6443661971830986,0.5,GLOBAL,0.5
1412,1,818.5770603098251,6.664556763032139,1.7644990917401318,872.2466217709818,0,P2,0.061570168138235744,0.5422535211267606,0.5,GLOBAL,0.5
1414,1,819.0917706528751,6.738950797042347,4.511032533508919,872.7613321140318,1,P3,0.16367521383813688,0.6208920187793427,0.5,GLOBAL,0.5
1415,1,819.4114309030359,7.185967270579235,4.70069153632218,873.0809923641926,1,P2,-0.45297048191514666,0.2699530516431925,0.5,GLOBAL,0.5
1413,1,819.6648051907907,5.797888597695487,1.5722772549369872,873.3343666519474,0,P1,0.8253186056532038,0.8438967136150235,0.5,GLOBAL,0.5
1417,1,820.766384096376,8.168174785822266,4.963235000944055,874.4359455575327,1,P1,-1.1862561910197371,0.03990610328638498,0.5,GLOBAL,0.5
1416,6,822.6270053572106,3.541740627870756,1.9052561566421016,876.2965668183673,0,P2,0.3815683705988983,0.71875,0.5,GLOBAL,0.5
1418,2,823.7381822136389,6.585696199843688,7.3915239230150895,877.4077436747956,2,P1,0.0,0.5012468827930174,0.5,GLOBAL,0.5
1419,2,825.0571546734332,6.086857260051986,7.454346356394278,878.7267161345899,2,P1,-0.6243845886582396,0.18204488778054864,0.5,GLOBAL,0.5
1420,1,825.3227441309272,6.804535676658778,3.5972053837140465,878.9923055920839,1,P3,2.020754237434984,0.971830985915493,0.5,GLOBAL,0.5
1421,2,826.5086903044219,8.066997473603022,7.461851838098354,880.1782517655786,2,P1,0.4602178465362402,0.7331670822942643,0.5,GLOBAL,0.5
1422,1,826.7377631565213,8.515056755734804,4.410020528200904,880.407324617678,1,P1,-0.6137359629114287,0.1784037558685446,0.5,GLOBAL,0.5
1423,1,827.3328387672965,7.195732055207547,5.812301397087545,881.0024002284532,1,P3,-0.4555275750476281,0.2687793427230047,0.5,GLOBAL,0.5
1426,2,830.1427961442135,8.137871259115993,7.499896695065779,883.8123576053703,2,P1,0.07237600761224668,0.5311720698254364,0.5,GLOBAL,0.5
1424,6,830.3030095468631,4.99641133868841,1.9752408960776875,883.9725710080198,0,P1,1.8820337345497693,0.9635416666666666,0.5,GLOBAL,0.5
1425,1,830.4969037337403,4.312093978911,10.121562612246711,884.166465194897,2,P1,0.0,0.5005868544600939,0.5,GLOBAL,0.5
1428,1,836.8774292869912,6.0343437583987845,2.3459601851890493,890.5469907481479,0,P1,2.0497610834399045,0.9730046948356808,0.5,GLOBAL,0.5
1427,1,836.9707643998486,7.128714900737957,2.494873948375409,890.6403258610053,0,P2,2.1885836094168925,0.9776995305164319,0.5,GLOBAL,0.5
1430,6,838.0359485573374,7.9064054252267955,5.423516888328825,891.7055100184941,1,P2,0.0,0.5026041666666666,0.5,GLOBAL,0.5
1431,1,839.9740158407873,7.407292346064493,8.31822087719069,893.643577301944,2,P1,0.0,0.5005868544600939,0.5,GLOBAL,0.5
1429,6,840.0313403718308,4.092104482042683,2.6262361744336875,893.7009018329875,0,P1,1.6608130676053827,0.9375,0.5,GLOBAL,0.5
1432,1,841.2365234107249,8.747626319648594,5.149207259171453,894.9060848718816,1,P2,0.244838162216258,0.6525821596244131,0.5,GLOBAL,0.5
1433,1,841.8662275443788,7.965892141543219,5.75834608671117,895.5357890055355,1,P1,-0.2565576708187516,0.36971830985915494,0.5,GLOBAL,0.5
1435,1,843.1026390782004,7.872485441909467,5.00328134386419,896.7722005393571,1,P3,-0.8300233345153398,0.09741784037558686,0.5,GLOBAL,0.5
1434,6,844.1673777166634,2.8945814117483337,2.765640980764239,897.8369391778201,0,P1,0.6927651916278805,0.8177083333333334,0.5,GLOBAL,0.5
1440,2,846.2541331124327,9.410481060929287,9.045502354639511,899.9236945735894,2,P1,0.0,0.5012468827930174,0.5,GLOBAL,0.5
1439,1,847.4806955899553,4.925327815687033,6.817335923905986,901.150257051112,1,P1,0.0,0.5005868544600939,0.5,GLOBAL,0.5
1437,1,848.0412833350512,7.634787288745538,4.07389766292921,901.7108447962079,1,P3,0.3494570560729962,0.6971830985915493,0.5,GLOBAL,0.5
1442,1,848.2896669379443,9.030672721221833,6.812299456382221,901.959228399101,1,P2,-0.5511620163191163,0.20892018779342722,0.5,GLOBAL,0.5
1438,1,848.5364162703432,5.182716686308997,4.3503037761672765,902.2059777315,1,P1,-0.3713009163112113,0.31338028169014087,0.5,GLOBAL,0.5
1441,1,848.7012659863567,8.352958757978179,6.910063161188938,902.3708274475134,1,P1,-1.0924750073802134,0.0539906103286385,0.5,GLOBAL,0.5
1436,6,849.5455753922104,3.200293403620551,1.5143483698469795,903.2151368533671,0,P1,2.311865526659825,0.9973958333333334,0.5,GLOBAL,0.5
1443,1,849.71418013665,5.494571980941927,4.165277411669783,903.3837415978068,1,P2,-0.30122962575439727,0.34507042253521125,0.5,GLOBAL,0.5
1444,5,849.7683781341651,8.12046773321534,8.967021554354519,903.4379395953218,2,BG,,,0.5,GLOBAL,0.5
1447,6,853.1490808133406,6.149090724669193,9.721807113507163,906.8186422744973,2,P2,0.3625916034842453,0.7083333333333334,0.5,GLOBAL,0.5
1449,2,853.6516951364443,7.82373098938316,7.496380687872954,907.3212565976011,2,P2,-0.2326921005471555,0.38403990024937656,0.5,GLOBAL,0.5
1446,6,853.7228999309947,7.581914937895059,4.711469538116214,907.3924613921514,1,P1,2.303302069802279,0.9895833333333334,0.5,GLOBAL,0.5
1445,1,854.4745742966433,5.085976932767489,2.326188357176364,908.1441357578,0,P1,0.23628886590707213,0.647887323943662,0.5,GLOBAL,0.5
1448,6,854.8483984046067,3.6611826168229795,4.09778327663052,908.5179598657634,1,P2,0.28856324339580186,0.65625,0.5,GLOBAL,0.5
1451,2,855.1882434181391,7.279574205342126,7.188785320094621,908.8578048792958,2,P1,-0.6415361549786608,0.17955112219451372,0.5,GLOBAL,0.5
1450,6,856.577555472399,5.680680486525741,2.684084280347647,910.2471169335557,0,P1,0.2426101563232136,0.6458333333333334,0.5,GLOBAL,0.5
1452,1,856.6427898405109,6.280878517284981,5.925767576520378,910.3123513016676,1,P3,0.5841732747834817,0.7805164319248826,0.5,GLOBAL,0.5
1453,1,858.4250285294255,2.8969278099729268,1.6579829919865843,912.0945899905822,0,P2,0.37222424617747657,0.7089201877934272,0.5,GLOBAL,0.5
1457,1,858.862269737402,6.636877564546142,8.95307919412904,912.5318311985587,2,P1,-0.9279432574283636,0.07863849765258216,0.5,GLOBAL,0.5
1456,1,859.1713681100573,7.555918217835853,4.084685350102887,912.840929571214,1,P2,-0.49698041514231706,0.24295774647887325,0.5,GLOBAL,0.5
1454,1,859.2027109787318,4.6619189507406595,2.1743824497345705,912.8722724398885,0,P3,1.5459953141470641,0.931924882629108,0.5,GLOBAL,0.5
1455,6,859.2643844240943,7.002379032170694,7.157840481162684,912.933945885251,2,P1,-1.2167596360837025,0.057291666666666664,0.5,GLOBAL,0.5
1459,1,859.4396352329773,8.629393715116446,4.709099729640212,913.109196694134,1,P2,-0.7963682105204356,0.11032863849765258,0.5,GLOBAL,0.5
1461,1,859.7049894194089,10.706428827882965,9.751341450736861,913.3745508805656,2,P2,-0.5331955259673339,0.22300469483568075,0.5,GLOBAL,0.5
1458,1,860.6697125797954,7.187073755396537,4.952705897292869,914.3392740409521,1,P1,-0.17714042003768368,0.40492957746478875,0.5,GLOBAL,0.5
1465,2,861.2099703645517,6.576693032824491,7.04040331339689,914.8795318257085,2,P1,-0.43548207892464874,0.2743142144638404,0.5,GLOBAL,0.5
1460,1,861.509530341158,5.794849356320893,4.425194398239863,915.1790918023147,1,P2,0.474264355898779,0.7429577464788732,0.5,GLOBAL,0.5
1464,1,862.4975569244301,10.365110327186503,8.906146155263,916.1671183855868,2,P2,0.3249469666935276,0.6901408450704225,0.5,GLOBAL,0.5
1462,1,863.0157976991497,4.447167897878324,3.6827639034175585,916.6853591603065,1,P1,0.8947650421343619,0.8556338028169014,0.5,GLOBAL,0.5
1463,1,864.0032274979934,5.345771330907588,3.542217325207025,917.6727889591501,1,P1,0.785523741434996,0.8380281690140845,0.5,GLOBAL,0.5
1466,1,865.2315086856863,6.028938148280474,1.6603332169883662,918.901070146843,0,P3,0.6944869053033681,0.8086854460093896,0.5,GLOBAL,0.5
1468,1,865.5389439144651,6.0055463049528,5.41518615350895,919.2085053756218,1,P2,1.9811883145446518,0.9694835680751174,0.5,GLOBAL,0.5
1467,1,865.8466292701398,6.365349588331202,4.194076680840426,919.5161907312965,1,P3,0.47477596441624215,0.744131455399061,0.5,GLOBAL,0.5
1469,1,865.9676259831655,7.882646885377992,7.935135883923568,919.6371874443222,2,P3,1.4704685799107897,0.926056338028169,0.5,GLOBAL,0.5
1470,2,868.653207075052,4.443898936799774,8.940612125406885,922.3227685362087,2,P1,1.8271010033450537,0.9850374064837906,0.5,GLOBAL,0.5
1472,4,870.2163214312328,5.894170795363816,9.28387309515627,923.8858828923895,2,BG,,,0.5,GLOBAL,0.5
1473,1,871.5778095818446,8.569861102853919,8.608391559570949,925.2473710430013,2,P1,0.0853977390201626,0.5645539906103286,0.5,GLOBAL,0.5
1471,3,871.638056456072,4.281796220094971,4.934949057522932,925.3076179172288,1,BG,,,0.5,GLOBAL,0.5
1475,1,872.4808178990593,4.034504627566821,8.641799491762095,926.150379360216,2,P2,-0.5549523109635552,0.20774647887323944,0.5,GLOBAL,0.5
1476,2,872.9645593598635,7.042113302735365,9.114811625590399,926.6341208210202,2,P1,0.17122843457704254,0.5985037406483791,0.5,GLOBAL,0.5
1477,1,874.3988371462739,7.340115138270507,8.245275785943635,928.0683986074306,2,P1,0.09922777855574079,0.57981220657277,0.5,GLOBAL,0.5
1478,2,875.2524367514161,4.7419824248399385,9.023737262667712,928.9219982125728,2,P1,-0.08879621181283699,0.4538653366583541,0.5,GLOBAL,0.5
1474,1,875.4115981667446,5.904713606122831,6.700313225950357,929.0811596279013,1,P1,0.5247614022954453,0.7640845070422535,0.5,GLOBAL,0.5
1479,2,875.5630743593895,6.00854227951632,5.9471482690813495,929.2326358205462,1,P1,-0.5536887210906593,0.2169576059850374,0.5,GLOBAL,0.5
1480,1,876.2997280584887,6.730576821949056,5.291040320791652,929.9692895196454,1,P2,0.01664068284102694,0.5199530516431925,0.5,GLOBAL,0.5
1482,2,876.83833099651,9.088205456713256,8.670582782090513,930.5078924576667,2,P2,0.40976624429790837,0.7107231920199502,0.5,GLOBAL,0.5
1481,3,877.0497330089112,5.125528493218722,4.694772172470864,930.7192944700679,1,BG,,,0.5,GLOBAL,0.5
1483,2,878.0461348515076,7.184008636878594,9.086864332348885,931.7156963126644,2,P1,0.09576161676193928,0.5461346633416458,0.5,GLOBAL,0.5
1487,1,879.1451748041362,5.247147925800281,8.777947457378536,932.8147362652929,2,P1,0.22225530519298284,0.6373239436619719,0.5,GLOBAL,0.5
1484,2,879.7151406708612,5.613127272897249,4.025649662874663,933.3847021320179,1,P2,0.3322446630776345,0.6608478802992519,0.5,GLOBAL,0.5
1485,1,880.110646724924,3.6512202376634955,7.9734965779346165,933.7802081860807,2,P3,0.4725805314086758,0.7417840375586855,0.5,GLOBAL,0.5
1488,1,880.151386004735,5.2359025682202125,9.211955328922379,933.8209474658917,2,P1,0.7454555855932922,0.82981220657277,0.5,GLOBAL,0.5
1486,1,881.0620009701018,6.703858088980384,1.76976262973205,934.7315624312586,0,P1,0.5765747733214466,0.7769953051643192,0.5,GLOBAL,0.5
1489,2,881.1430082921889,4.101325854359499,7.986015454241958,934.8125697533457,2,P1,0.16035815962855487,0.5910224438902744,0.5,GLOBAL,0.5
1491,1,881.3301712709485,6.864667896167048,6.611892212499114,934.9997327321053,1,P1,0.004550395439793171,0.5129107981220657,0.5,GLOBAL,0.5
1492,2,881.699212467463,5.389446765648274,9.412675479562585,935.3687739286197,2,P1,-0.48899349117145985,0.24937655860349128,0.5,GLOBAL,0.5
1495,1,882.3438064952134,6.739474298310964,5.650071069618842,936.0133679563701,1,P1,0.11984121560776256,0.5950704225352113,0.5,GLOBAL,0.5
1490,1,882.9023620679294,5.725615421708884,3.192057958789548,936.5719235290861,0,P1,0.09002471678944671,0.5669014084507042,0.5,GLOBAL,0.5
1493,1,883.2451198066541,6.398922621004832,3.8464810107508294,936.9146812678108,1,P1,0.4932500841904299,0.75,0.5,GLOBAL,0.5
1498,1,884.0768819804904,5.597067697105932,5.938931101827657,937.7464434416471,1,P1,0.12967267342544433,0.6032863849765259,0.5,GLOBAL,0.5
1501,1,884.5621386317189,6.465333563073187,5.413015627449213,938.2317000928756,1,P2,-0.6084473144704722,0.18309859154929578,0.5,GLOBAL,0.5
1494,1,884.591998133921,4.317404248047974,10.481257982131511,938.2615595950778,2,P1,1.4653787105191005,0.9237089201877934,0.5,GLOBAL,0.5
1503,1,885.232425996198,9.740774766897967,5.256468619947497,938.9019874573547,1,P1,-0.9070601133715227,0.08450704225352113,0.5,GLOBAL,0.5
1507,1,885.4984157723787,4.670527253504761,4.5542850723226,939.1679772335355,1,P1,-0.10530471112911176,0.43661971830985913,0.5,GLOBAL,0.5
1509,1,885.5171928114218,7.724670772683746,5.241932951742361,939.1867542725785,1,P1,-0.7728940283520488,0.11854460093896714,0.5,GLOBAL,0.5
1499,2,885.6009988100457,6.32442986714684,7.781895804768202,939.2705602712024,2,P1,0.28324319692717537,0.6433915211970075,0.5,GLOBAL,0.5
1502,1,885.990001275219,3.3450233769983693,3.6346843533887894,939.6595627363757,1,P2,0.09562605070317488,0.573943661971831,0.5,GLOBAL,0.5
1496,6,886.0778831334848,4.071055808600333,1.9367369337199385,939.7474445946415,0,P1,1.8761295095840913,0.9583333333333334,0.5,GLOBAL,0.5
1506,1,886.2376829649243,9.697397507627922,6.200482642710448,939.907244426081,1,P1,-0.19413489792378322,0.3967136150234742,0.5,GLOBAL,0.5
1504,1,886.460876484794,5.511313276070795,6.125231598105659,940.1304379459507,1,P1,0.2637593530967772,0.6654929577464789,0.5,GLOBAL,0.5
1505,1,886.7670283590859,6.207618920159616,5.452980816986923,940.4365898202426,1,P3,-0.6117626739614712,0.1795774647887324,0.5,GLOBAL,0.5
1508,1,886.769878610665,6.7883405115355195,5.207646380585051,940.4394400718218,1,P1,-2.0986657101446715,0.005868544600938967,0.5,GLOBAL,0.5
1497,6,886.816886977446,3.1029727538811773,3.736945432292214,940.4864484386027,1,P2,-2.016077155371886,0.020833333333333332,0.5,GLOBAL,0.5
1500,1,887.1598554441686,5.854488032588452,3.5007079490739055,940.8294169053253,1,P2,-0.5782258645817904,0.19718309859154928,0.5,GLOBAL,0.5
1510,2,887.4638464744733,7.084403287113577,7.135061415922546,941.13340793563,2,P1,0.7492312471065595,0.830423940149626,0.5,GLOBAL,0.5
1511,1,888.5779724313797,10.233168115938971,4.70640310487756,942.2475338925365,1,P3,0.01847928598924513,0.5223004694835681,0.5,GLOBAL,0.5
1512,5,888.8462863336097,4.716609287986106,9.124871260879189,942.5158477947664,2,BG,,,0.5,GLOBAL,0.5
1513,2,889.5090030984195,6.155583630493104,6.050497991713189,943.1785645595762,1,P1,0.35394842537981963,0.6807980049875312,0.5,GLOBAL,0.5
1514,2,890.4195780802357,5.122021898182877,6.039804478055874,944.0891395413925,1,P2,-0.19843433054189727,0.40399002493765584,0.5,GLOBAL,0.5
