vehicle_id,vehicle_class,first_time_s,first_x_m,first_y_m,length,width,last_time_s,last_x_m,first_time_offset_s
1,1,3.0,21.824918026258796,2.3518739499309214,1.8,0.6,22.0,229.06691419104445,0.0
2,1,12.0,23.458057437708494,2.487947377428612,1.8,0.6,31.5,227.57128658973255,9.0
3,1,13.0,33.52552808139155,4.973857084624716,1.8,0.6,25.5,229.08370736195428,10.0
4,1,16.0,31.703613324117224,5.528129946341902,1.8,0.6,28.0,224.88009537136816,13.0
5,3,17.0,22.723555099251577,4.067653687068952,12.54,2.73,34.5,233.40722093433823,14.0
6,1,18.0,18.17301612788067,4.366324340488625,1.8,0.6,38.0,226.42111004025008,15.0
7,1,19.0,18.668559256753063,2.8487333266396337,1.8,0.6,37.0,228.60060193852686,16.0
8,2,19.0,32.45663937303781,9.50099425855906,5.32,1.43,32.0,233.33026662203335,16.0
9,2,20.0,32.49222327168589,8.147705170739735,5.72,1.6,32.5,232.47695660476035,17.0
10,2,21.0,17.76146905599553,5.655806384155934,5.3,1.97,36.5,232.27550297719287,18.0
11,1,22.0,19.2006764392139,2.237000017423388,1.8,0.6,41.5,225.5693232256725,19.0
12,1,22.0,19.023880511446624,0.9339241214389524,1.8,0.6,39.5,225.83923558914515,19.0
13,2,23.0,27.328513842141213,5.225559042064914,4.99,1.51,40.0,227.1928672604296,20.0
14,1,23.0,19.789822230462544,8.288648989864887,1.8,0.6,38.0,225.97528427742324,20.0
15,1,25.0,23.333424003001838,6.379640154618245,1.8,0.6,42.0,224.92786668299414,22.0
16,1,25.0,12.879988073197003,2.1816450217038748,1.8,0.6,50.0,224.8341951384046,22.0
17,1,26.0,21.665393305266587,2.057800900517957,1.8,0.6,51.0,233.4396980075814,23.0
18,1,27.0,20.272756047151294,4.973458625159247,1.8,0.6,43.5,221.21916446127673,24.0
19,1,28.0,23.37928996161818,6.918788045834182,1.8,0.6,39.0,222.735878226168,25.0
20,1,28.0,17.525580772226782,4.885032100636389,1.8,0.6,46.0,227.79731608042985,25.0
21,2,29.0,21.99949721594353,7.428252660571155,3.96,1.32,44.0,229.170393671712,26.0
22,1,29.0,25.107367409953913,2.2957553282499195,1.8,0.6,47.5,226.13147917451676,26.0
23,1,30.0,23.763378470432002,5.914103441387737,1.8,0.6,43.0,228.08689267645366,27.0
24,1,31.0,27.493435052304804,5.375871019766854,1.8,0.6,45.5,224.89201380768606,28.0
25,1,32.0,29.92015880424287,9.372812576257676,1.8,0.6,45.0,229.01546188016815,29.0
26,1,32.0,25.486443830416604,5.685615551439647,1.8,0.6,47.0,231.97017269686822,29.0
27,1,33.0,19.844078962219683,3.886692691875892,1.8,0.6,48.5,226.150072993791,30.0
28,1,34.0,18.171593558598126,3.351546465648971,1.8,0.6,51.5,230.13360091326206,31.0
29,1,34.0,27.783386371681463,6.443900865172549,1.8,0.6,47.0,223.22674096771755,31.0
30,2,35.0,27.218309793822844,7.3079238739617205,4.37,1.55,47.0,227.07123574529894,32.0
31,1,35.0,23.004518627665462,4.743641530245516,1.8,0.6,50.0,225.18503248110756,32.0
32,1,35.0,20.03153073349595,3.79481231009316,1.8,0.6,49.5,223.2367435964315,32.0
33,1,37.0,27.375945741257013,9.33326396341552,1.8,0.6,50.0,226.66827324566196,34.0
34,1,37.0,22.209810714995744,2.6887195808293267,1.8,0.6,52.0,225.81310024141422,34.0
35,2,37.0,23.395249047894076,6.0211156222144755,4.77,1.8,50.0,223.31560435683474,34.0
36,2,39.0,29.40895219922747,5.324138869566658,4.15,1.41,52.0,225.25867899369072,36.0
37,1,39.0,18.20651175528072,2.5307953270648698,1.8,0.6,54.0,223.67008118201056,36.0
38,1,39.0,5.4560256223674335,7.044933402825528,1.8,0.6,55.0,222.73542173799615,36.0
39,1,40.0,19.81385234462794,9.881595576299343,1.8,0.6,54.5,222.64519702670722,37.0
40,1,41.0,34.679103099104815,7.986027469774522,1.8,0.6,55.5,226.2814101694793,38.0
41,1,41.0,10.737586789395879,1.6425089397844455,1.8,0.6,63.0,228.08275814218,38.0
42,6,41.0,14.630528036140992,3.352493042857386,2.6,1.4,63.0,233.31888991691685,38.0
43,6,41.0,23.526900860464316,9.313903710608232,2.6,1.4,57.0,230.95335589756857,38.0
44,2,42.0,26.861990791253305,6.374004288728424,4.74,1.5,56.5,231.17467866426477,39.0
45,1,42.5,15.918845522846143,2.4916248622805104,1.8,0.6,64.0,230.51783508181325,39.5
46,1,43.0,19.783139622559915,7.625719806852339,1.8,0.6,55.5,225.1712177760568,40.0
47,2,43.0,30.167824937947742,8.986061852774684,4.57,1.47,58.0,232.52938414149824,40.0
48,1,44.0,10.989056395198086,0.4565812680884457,1.8,0.6,60.5,220.3791076865328,41.0
49,4,44.0,24.85962036580099,5.723571841868195,8.64,1.79,61.5,231.1256144638631,41.0
50,1,44.0,12.518080808707515,1.7644489766820743,1.8,0.6,72.0,234.05760203947472,41.0
51,1,44.0,16.74191559056955,2.6148488939504357,1.8,0.6,63.0,227.57663903183987,41.0
52,1,44.0,10.821556315019714,4.5261869776834684,1.8,0.6,62.0,225.35206573540444,41.0
53,1,45.0,30.136568457909675,8.396942792144083,1.8,0.6,59.0,229.80648578861624,42.0
54,1,45.0,13.997905970832274,2.38411750993838,1.8,0.6,70.0,232.77366616034894,42.0
55,1,46.0,9.922273802366044,3.124206822899572,1.8,0.6,68.5,228.74893134609803,43.0
56,1,46.0,27.035227730252238,8.82676506092692,1.8,0.6,59.5,225.54703220975853,43.0
57,1,46.0,22.056872442289805,6.5404117220149685,1.8,0.6,63.0,230.3138531534833,43.0
58,1,47.0,13.279500484379831,3.170488986711975,1.8,0.6,65.0,229.70751898541178,44.0
59,6,47.0,27.816816278590117,5.878653021411438,2.6,1.4,63.5,230.88639179869236,44.0
60,1,47.0,26.731855845367143,8.624443261874886,1.8,0.6,60.5,225.87712864832775,44.0
61,1,47.0,4.590491034621684,4.151107163787812,1.8,0.6,67.5,225.6503721951022,44.0
62,1,47.0,10.831910015308726,3.96213665012691,1.8,0.6,63.0,207.35471715334452,44.0
63,1,47.0,16.89864629865583,5.466200912618379,1.8,0.6,66.0,229.79946032640012,44.0
64,1,47.0,26.16729019447986,7.200404697897373,1.8,0.6,63.5,222.4075909262927,44.0
65,1,47.0,29.784463994605506,8.68258255523219,1.8,0.6,57.5,182.50478327051553,44.0
66,1,47.0,12.30229974044952,8.965954624600244,1.8,0.6,68.5,228.29572554778443,44.0
67,6,47.0,8.345658796308351,2.9901813105597936,2.6,1.4,73.0,231.70931000692613,44.0
68,1,48.0,3.66081878147315,4.664426937497532,1.8,0.6,65.0,224.16601615368558,45.0
69,1,48.0,7.826815474655209,6.056535402197229,1.8,0.6,65.0,226.82308578313928,45.0
70,1,49.0,9.70303152587183,2.309638635039593,1.8,0.6,70.5,228.93154790136288,46.0
71,1,50.0,3.009298254357698,4.120242312635005,1.8,0.6,70.0,223.8835215154345,47.0
72,1,50.0,18.027410222553534,8.876375908223858,1.8,0.6,64.5,224.81465625918344,47.0
73,1,51.0,21.58945427973896,6.426415419952829,1.8,0.6,65.0,225.32410728035106,48.0
74,2,52.0,23.34449437809594,7.483169294458789,4.31,1.53,68.5,230.36853454396805,49.0
75,3,53.0,15.588169839400068,5.501518580687474,12.06,2.63,73.0,230.6635255137645,50.0
76,2,54.0,20.904505136054443,9.494589154307707,4.4,1.59,69.5,234.9830176609785,51.0
77,2,55.0,16.314182767587155,9.95921244840794,4.75,1.32,72.0,224.9553152302611,52.0
78,2,56.0,33.53949269906962,7.7728821831590835,4.28,1.61,70.5,236.02842382258376,53.0
79,2,57.0,20.902987291393632,5.852266836069965,5.6,1.68,75.5,234.88203425230955,54.0
80,1,57.0,22.81240693071277,8.630299903007723,1.8,0.6,71.0,225.4967703936963,54.0
81,1,58.0,16.02721036019089,8.869091032115273,1.8,0.6,73.5,233.36912126542424,55.0
82,2,58.0,16.89824202386067,5.739259424351193,4.51,1.7,76.5,229.09800345887408,55.0
83,1,58.0,41.94319408351472,5.90517225524071,1.8,0.6,71.5,225.96832903721705,55.0
84,1,59.0,44.319378525170016,8.412499030638783,1.8,0.6,70.5,230.9644293129732,56.0
85,1,59.0,37.21661355587832,2.3680415358547284,1.8,0.6,74.0,229.44381729901687,56.0
86,2,59.0,16.206058328999795,4.78404582897029,4.8,1.55,75.5,233.38341739875767,56.0
87,2,59.0,19.05384404653598,7.616253878641497,4.04,1.44,78.5,232.86214570528827,56.0
88,1,60.0,21.112520130637517,6.1524645683810935,1.8,0.6,76.0,231.263525827679,57.0
89,2,60.0,22.916613157196508,3.3501185848301804,5.75,1.71,70.0,155.33948960155163,57.0
90,1,60.0,15.614645905434529,9.072344439516842,1.8,0.6,77.5,225.90605176717116,57.0
91,2,60.5,31.430964686384964,2.7471239959482303,5.56,1.66,76.0,229.59781305280438,57.5
92,1,61.0,20.27799461051715,1.7527321695148916,1.8,0.6,77.0,227.4973566981048,58.0
93,1,62.0,19.59926749060844,2.546730489864433,1.8,0.6,78.0,228.93121677830405,59.0
94,1,63.0,13.179772890807126,1.8363759005366995,1.8,0.6,82.0,227.4596211312795,60.0
95,2,63.0,34.262732813522106,9.055033202996166,4.99,1.78,79.5,233.22037487283168,60.0
96,1,64.0,14.645344837530853,3.9112463612157065,1.8,0.6,81.0,231.92002160512337,61.0
97,1,64.0,18.53196949309142,5.153764258380138,1.8,0.6,82.0,227.29859947787915,61.0
98,2,64.0,30.746423856846917,7.641936735008907,5.61,1.66,79.0,232.29636551200116,61.0
99,1,65.0,22.191280371969256,5.523269559282827,1.8,0.6,84.0,229.95356305892807,62.0
100,1,66.0,20.89129209931033,2.4836969805598472,1.8,0.6,80.0,226.17683814261167,63.0
101,2,67.0,31.009187819184405,6.711529125884766,4.66,1.43,81.5,233.2407124834173,64.0
102,2,68.0,25.227660711033714,5.818193850867398,5.92,1.57,83.0,229.21387742889456,65.0
103,1,68.0,23.393448127258292,8.666977948589723,1.8,0.6,82.5,227.06737991923782,65.0
104,1,69.0,19.0304392484471,9.312048497593622,1.8,0.6,86.5,231.77437207573664,66.0
105,1,69.0,22.987175515770126,2.7217490437726157,1.8,0.6,85.0,226.41697025036984,66.0
106,6,69.0,15.916915448846861,3.125928281802565,2.6,1.4,88.5,232.3321401087228,66.0
107,1,70.0,35.1824433296159,9.380298209050586,1.8,0.6,86.0,226.79168261803107,67.0
108,1,70.0,24.467920083758926,6.5106188569120595,1.8,0.6,86.5,231.47128910588458,67.0
109,2,70.0,18.49050359366873,7.651337200256451,4.21,1.32,87.5,230.0393402339556,67.0
110,1,70.0,24.49017828992464,7.501118142178634,1.8,0.6,84.0,228.78841136546865,67.0
111,2,71.0,32.185872884168354,5.090537019485452,5.1,1.49,85.5,221.80009479531148,68.0
112,1,71.0,15.22513391565001,10.433181246270875,1.8,0.6,87.5,222.78125773534785,68.0
113,2,72.0,29.374976570798136,6.909485906179626,4.05,1.53,89.0,228.90563171104645,69.0
114,1,72.0,30.85371273862856,3.8052367448412245,1.8,0.6,84.0,224.84675305384545,69.0
115,1,73.0,28.13487233818212,3.610650249724414,1.8,0.6,91.0,230.1447863639209,70.0
116,1,73.0,16.21930966932542,3.65128347089378,1.8,0.6,91.0,225.27069849397543,70.0
117,6,73.0,21.951881874398165,7.371098487840981,2.6,1.4,90.5,232.45867297463056,70.0
118,1,74.0,34.548757898227244,1.8618544593610216,1.8,0.6,89.5,223.84024059951673,71.0
119,1,74.0,20.70058128842226,6.015082938208585,1.8,0.6,87.5,226.90877779699562,71.0
120,6,74.0,14.061786296383573,3.758733206440567,2.6,1.4,97.0,231.57934803936047,71.0
121,1,75.0,11.626582962380237,2.0226137966266884,1.8,0.6,95.5,225.9429089490472,72.0
122,2,75.0,27.711804728182475,6.327741432756956,4.74,1.74,92.5,232.53299317542272,72.0
123,1,76.0,12.03706202095458,2.0863906425075016,1.8,0.6,101.0,234.8661439720017,73.0
124,1,76.0,9.404345132771802,4.584825650054274,1.8,0.6,93.5,224.05213078208703,73.0
125,2,76.0,14.853414427860265,6.438482181988678,5.63,1.62,91.5,235.2333986387434,73.0
126,6,77.0,21.335155257991378,8.91035792033335,2.6,1.4,92.5,228.1580390744596,74.0
127,1,77.0,9.750631783422486,2.5464446252926205,1.8,0.6,98.5,231.30988964698403,74.0
128,6,78.0,13.335325246753253,3.0760992710571933,2.6,1.4,99.0,227.93861708043386,75.0
129,1,78.5,17.814905719406816,2.622714205000005,1.8,0.6,108.5,232.4003751197126,75.5
130,5,78.0,8.183917381082848,8.66873710297357,7.6,1.86,94.5,234.20236390708936,75.0
131,1,80.0,7.676136796436716,1.4731114635359588,1.8,0.6,102.0,229.33331362913205,77.0
132,1,80.0,19.893465290914406,5.152896532474246,1.8,0.6,97.0,226.3347577658926,77.0
133,2,81.0,20.287495644576154,5.5621949744189045,4.82,1.64,101.0,231.7861350159103,78.0
134,1,81.0,10.046760103167074,8.518743982829376,1.8,0.6,96.5,228.12712375948135,78.0
135,4,82.0,16.39809314800463,8.818553440752583,7.8,1.63,99.5,231.4744316484175,79.0
136,3,83.0,16.671914641226348,4.0874689746446125,10.96,2.53,104.0,233.67010748482878,80.0
137,1,83.0,4.377488471635355,8.67356139819743,1.8,0.6,99.5,228.2764217823823,80.0
138,1,83.0,11.86230986958262,6.539159973945844,1.8,0.6,95.5,227.6303681073855,80.0
139,2,85.5,33.53814939423289,7.360406552074025,4.53,1.47,101.0,232.06968669972474,82.5
140,1,84.0,8.494864366804716,1.9575146708397844,1.8,0.6,107.0,228.22346027773224,81.0
141,2,84.0,14.821066787148627,7.604340060417784,4.41,1.4,93.5,136.7335694404178,81.0
142,1,85.0,11.1387188035757,2.7440232524844173,1.8,0.6,109.5,235.0069395727665,82.0
143,2,86.0,18.485448744366334,9.163011461843714,4.97,1.85,102.0,229.9864469590171,83.0
144,1,87.0,4.351024849737199,4.278303501646918,1.8,0.6,106.0,232.44502830145694,84.0
145,2,87.0,25.206849253955173,8.06516403116629,4.84,2.06,103.5,230.08762375570234,84.0
146,2,89.0,18.984903019533466,6.4807922500211275,5.59,1.34,108.0,228.1875040446202,86.0
147,4,94.0,24.763422168492138,7.54734771885924,8.73,2.05,113.0,232.43894512214706,91.0
148,2,94.0,19.145836455807864,3.6256998557985334,4.9,1.47,110.5,232.23731750208606,91.0
149,3,105.0,20.35707320833296,9.551147329885474,11.67,2.5,121.0,229.80392731618653,102.0
150,3,106.0,26.41294865393343,3.813974000982377,10.94,2.38,124.5,232.5827482586071,103.0
151,6,107.0,19.770155072246432,6.495608197661941,2.6,1.4,128.0,230.8830971253873,104.0
152,1,108.0,15.921908497580619,1.5251535701879577,1.8,0.6,127.5,228.79463477632672,105.0
153,6,108.0,19.17167966584879,5.783887296627635,2.6,1.4,124.0,233.81489335428603,105.0
154,2,108.0,16.86570295448828,9.699062304703741,4.88,1.51,121.5,229.70627904173887,105.0
155,1,110.0,21.62463280481313,2.1940959342652038,1.8,0.6,129.5,225.1070289556338,107.0
156,1,110.0,17.102647370815607,4.110132698656727,1.8,0.6,125.5,229.71517196613257,107.0
157,1,111.0,24.450212527434825,1.4629972157550903,1.8,0.6,129.0,226.50252064170508,108.0
158,1,111.0,13.261628014547727,3.8320004960299494,1.8,0.6,130.0,227.55018172278275,108.0
159,2,111.0,33.83399266838664,7.534582116001704,3.66,1.27,127.5,230.70896162696167,108.0
160,2,111.0,29.58012546220897,8.534727969968099,4.11,1.59,128.5,230.83090688180866,108.0
161,6,112.0,17.796813579932348,2.5628434296550338,2.6,1.4,132.0,232.17843520033847,109.0
162,1,112.0,24.030937632149254,6.443134024248663,1.8,0.6,127.0,223.78676002507729,109.0
163,3,114.0,21.1765005757891,5.521737757747081,11.81,2.47,131.5,234.16600118894274,111.0
164,1,115.0,4.916010527299864,1.772942379956675,1.8,0.6,136.0,222.6786003839712,112.0
165,1,115.0,19.56801515894858,1.7048585807935344,1.8,0.6,133.0,227.83498509557592,112.0
166,2,115.0,16.738769534599513,9.41415804233275,4.46,1.54,133.5,229.10496765152857,112.0
167,3,117.0,18.18910939524296,4.76994684657547,13.48,2.7,136.0,230.0002733981508,114.0
168,2,117.5,23.46985786430876,8.20078230151131,5.76,1.81,132.5,231.96331014655078,114.5
169,1,118.0,21.3906808982738,1.1463789370829824,1.8,0.6,133.0,228.82515342585114,115.0
170,1,118.0,13.603724079016652,7.817742675851973,1.8,0.6,130.5,224.2079818146012,115.0
171,1,118.0,19.758205728047137,9.558074991432514,1.8,0.6,129.0,227.49060823895718,115.0
172,2,118.0,24.801016374390855,7.082313333109693,4.91,1.44,134.0,233.61296609726463,115.0
173,1,119.5,29.72595714080357,9.08707119190056,1.8,0.6,132.5,221.79494454499115,116.5
174,1,122.0,16.337517723584604,2.5023365440985326,1.8,0.6,141.0,225.1194213315128,119.0
175,6,122.0,16.31753959839412,4.225390859490759,2.6,1.4,144.0,229.808765645303,119.0
176,5,122.0,17.355162195134774,6.591325528192021,8.8,1.9,139.0,234.9912706786212,119.0
177,1,122.0,29.350214302840318,8.655314000389854,1.8,0.6,134.0,225.00250153432688,119.0
178,1,122.0,22.412007269825363,10.08637198638906,1.8,0.6,136.0,225.0441753842688,119.0
179,6,123.0,13.241859269235427,3.3141845320991767,2.6,1.4,146.5,232.92529872081732,120.0
180,6,123.0,16.165772394436367,5.899513556611336,2.6,1.4,143.0,233.11438231446218,120.0
181,1,123.0,22.401058307562693,5.7860356481009605,1.8,0.6,136.0,223.65809182875884,120.0
182,1,125.0,30.630235720787923,7.2037221829854365,1.8,0.6,140.5,226.49158006636316,122.0
183,1,125.5,26.96889498564657,7.390801731701569,1.8,0.6,138.5,221.33133907626856,122.5
184,2,123.5,23.716401483907894,8.75104563546672,4.7,1.39,139.5,223.49745801738732,120.5
185,1,125.0,19.824227294794092,2.3492331602309293,1.8,0.6,150.5,233.26767372471988,122.0
186,2,125.0,20.8199678203976,6.387387739058476,3.78,1.42,144.5,227.61279765848292,122.0
187,2,125.5,10.123663023361681,8.726096002301444,4.14,1.59,148.0,235.14057741787568,122.5
188,1,126.5,19.737520295533184,5.700816409374676,1.8,0.6,144.0,227.6494275726693,123.5
189,1,127.5,11.678619895610874,8.202626569622602,1.8,0.6,145.0,224.20074953132425,124.5
190,1,129.0,17.254394833214793,8.814496931342617,1.8,0.6,145.0,225.95974685435954,126.0
191,1,128.5,17.25484196341936,1.4894734590534646,1.8,0.6,152.0,216.52878678710047,125.5
192,3,128.5,17.63022399508628,5.660970332583053,12.3,2.32,149.5,230.62197239730014,125.5
193,2,129.0,14.23278734154534,9.093866698977983,4.19,1.43,148.0,228.86261353777942,126.0
194,1,129.0,5.97950469897999,1.7593022231379463,1.8,0.6,149.0,226.61498813287895,126.0
195,2,131.5,42.65659244759272,9.184253061398483,4.61,1.42,147.0,218.06456554175486,128.5
196,1,129.5,13.203347870005377,2.547085312514469,1.8,0.6,154.0,233.57106355932564,126.5
197,1,129.5,18.153596913436125,10.613556678143317,1.8,0.6,141.5,228.95931657916188,126.5
198,1,130.0,8.938676048100168,3.9429083952236943,1.8,0.6,151.5,228.6450303483323,127.0
199,2,130.0,16.57642130853709,9.226077493652264,4.46,1.51,148.5,229.77411472773778,127.0
200,1,131.0,7.790698146488499,2.209318312590374,1.8,0.6,160.5,231.58213562912547,128.0
201,2,131.5,18.24667744415001,8.71691163443159,3.75,1.57,150.0,224.59056212578295,128.5
202,1,132.0,17.237860150497905,5.134927095064168,1.8,0.6,149.5,226.10146439351803,129.0
203,1,132.0,9.639018339910015,1.477270876446675,1.8,0.6,157.0,207.7072589415383,129.0
204,2,132.5,12.189622926454499,3.5042077608909374,5.25,1.42,156.5,233.58626051887686,129.5
205,2,132.5,10.942924600876943,8.126343477201196,5.07,1.49,151.5,227.94360564763022,129.5
206,1,132.0,24.884717466834083,7.650236155772612,1.8,0.6,147.0,229.2338600583378,129.0
207,2,134.0,7.53302532034843,9.634519812900104,4.38,1.44,152.5,232.40782624038667,131.0
208,1,134.0,2.6969462714327666,1.8910670278857264,1.8,0.6,159.5,233.88594112830094,131.0
209,2,135.0,14.483381154544576,5.1400182065462205,5.23,1.34,158.0,232.897848434077,132.0
210,6,134.5,6.642422384527212,7.413207270363212,2.6,1.4,153.0,230.16710895128435,131.5
211,1,136.0,6.3722404771983765,1.7245069903456147,1.8,0.6,160.0,234.05001539184434,133.0
212,1,136.0,8.27659836398548,4.585908429632287,1.8,0.6,154.0,228.00221762965484,133.0
213,1,138.5,12.149680290058914,1.562419894277064,1.8,0.6,158.0,228.67545257218887,135.5
214,1,138.5,11.557592455420497,4.778325543311674,1.8,0.6,154.0,229.98836965756553,135.5
215,1,139.0,18.00879902902619,4.201565841985032,1.8,0.6,157.5,228.0532217647497,136.0
216,6,141.0,9.759855564101212,3.051560474146379,2.6,1.4,160.5,231.29742842321673,138.0
217,1,141.5,19.59569255741401,5.144227478304681,1.8,0.6,158.5,230.31090942138283,138.5
218,1,142.0,15.918831003370949,8.643889958262116,1.8,0.6,156.0,225.14073417184852,139.0
219,1,142.5,17.79325471882355,6.3005283137594965,1.8,0.6,154.0,224.34275760356434,139.5
220,1,143.0,8.356605072808371,1.7516733544473921,1.8,0.6,163.0,226.83321567470014,140.0
221,1,143.5,12.722326579403507,2.7613833941456924,1.8,0.6,162.0,228.51960677114292,140.5
222,1,143.0,21.639362556434683,5.992665780695772,1.8,0.6,153.0,208.477656356006,140.0
223,2,143.5,9.15883484250946,6.253873188571022,4.39,1.53,157.5,182.75489481752618,140.5
224,1,143.5,12.59081649986714,8.167962417380062,1.8,0.6,159.0,224.86583490723797,140.5
225,1,143.5,10.96191974937992,10.3838172232048,1.8,0.6,158.5,222.78661824220276,140.5
226,2,143.5,17.082751567378818,6.105968596027578,4.25,1.46,161.5,229.80110988605054,140.5
227,1,144.5,3.117289454850448,3.6388925145522495,1.8,0.6,163.5,222.85529276426084,141.5
228,1,144.0,7.763812189249201,7.658744745607383,1.8,0.6,159.5,227.4030904287105,141.0
229,1,145.0,11.27614517328471,5.920164084286434,1.8,0.6,161.0,223.36130326813256,142.0
230,1,145.5,10.197162121060035,6.8935384112965545,1.8,0.6,162.0,226.3760898794813,142.5
231,2,145.5,17.751214567505823,9.248025872194086,4.53,1.76,164.0,234.68097210283247,142.5
232,1,146.0,5.886234726757433,2.82051877078282,1.8,0.6,163.0,223.01813283421257,143.0
233,1,147.0,14.752142450557772,5.954208311162839,1.8,0.6,164.0,228.22494353193983,144.0
234,2,148.0,8.999521759781405,8.541627067467237,5.37,1.71,167.0,232.5170603331227,145.0
235,3,151.0,21.256233900286404,4.759750457574994,12.47,2.59,170.0,229.89594325087532,148.0
236,1,152.0,11.06085995275563,2.5038278758565826,1.8,0.6,168.5,223.61549863995094,149.0
237,1,154.0,15.338958561703553,1.4314082138085273,1.8,0.6,180.5,233.38297973936375,151.0
238,1,154.5,24.535255373692745,9.80457306698995,1.8,0.6,168.5,229.20704994004663,151.5
239,1,155.5,24.445197402084336,5.454482309310838,1.8,0.6,167.5,223.2908534600776,152.5
240,2,155.0,28.092186340699822,7.83540936692806,4.51,1.66,170.0,221.86393014384043,152.0
241,1,156.0,10.84847976658486,4.562415782466045,1.8,0.6,173.5,226.8448208808252,153.0
242,2,155.5,12.231542487594869,7.8180022423708175,4.49,1.78,171.5,226.99345186771487,152.5
243,1,156.5,18.178488511110668,6.000481982419885,1.8,0.6,171.0,218.8102854336088,153.5
244,1,157.5,17.431407459442923,10.425816493240852,1.8,0.6,172.0,222.0238112888719,154.5
245,2,158.0,15.969012863309374,7.48584176247612,4.63,1.53,174.0,228.41722802754364,155.0
246,6,158.0,9.380273494100477,2.6767308020224427,2.6,1.4,181.5,232.10536640642096,155.0
247,1,158.5,15.228591468050965,4.284476377754615,1.8,0.6,175.0,225.6925640027143,155.5
248,1,158.5,5.426127239937237,0.8472530638449501,1.8,0.6,184.0,230.13895563149603,155.5
249,1,159.0,19.30633488760831,4.781068607954602,1.8,0.6,175.5,225.1002879016068,156.0
250,1,159.0,7.032653449644744,9.448230922009104,1.8,0.6,172.5,223.68954152769456,156.0
251,1,160.5,21.998658878040235,9.521825191914035,1.8,0.6,179.0,224.15771554909065,157.5
252,2,159.5,13.842747518242934,7.320277103171626,4.01,1.5,173.5,216.3580252778366,156.5
253,1,160.0,10.477349029605843,2.4686089056331357,1.8,0.6,181.0,225.59928282639547,157.0
254,1,161.0,16.84273558210177,3.6843157469322754,1.8,0.6,180.0,224.72216595357926,158.0
255,2,160.0,21.602744298316995,7.096993610515788,3.92,1.79,174.5,228.87003980797604,157.0
256,2,161.0,19.93295055332612,5.833340598283525,4.25,1.36,178.5,229.79693552078948,158.0
257,2,161.0,16.866780143691766,9.204793682135959,4.58,1.54,175.5,225.2443937510033,158.0
258,3,162.5,18.771575748776975,5.039423084040201,12.58,2.47,181.0,229.33025231941014,159.5
259,1,163.5,15.611033595419416,1.6006574596828984,1.8,0.6,182.0,225.46294824874587,160.5
260,2,165.0,26.107271861718473,8.967873113235273,3.95,1.55,179.0,227.41095851156172,162.0
261,1,165.0,8.750833868046326,1.9217500972582255,1.8,0.6,187.0,232.84343818114593,162.0
262,1,165.0,29.104555603865666,8.501894369196497,1.8,0.6,178.0,222.11190264575114,162.0
263,1,165.5,8.733740175399257,3.5126403658963348,1.8,0.6,182.5,223.21316186319063,162.5
264,1,165.5,7.355009627985057,4.733383078048834,1.8,0.6,183.5,228.1881655301339,162.5
265,2,166.0,17.812408745128018,8.902180742913345,4.14,1.59,180.5,227.16080556986952,163.0
266,2,166.5,15.220752439621092,4.259031370487797,4.06,1.64,184.5,225.49948693029341,163.5
267,2,167.0,15.0121736283186,8.019944695201247,4.24,1.27,183.5,226.8413436341858,164.0
268,1,168.0,14.223038238434969,5.87060638214863,1.8,0.6,183.0,226.44048180746512,165.0
269,1,167.5,19.266397350500245,10.55559489090272,1.8,0.6,181.5,216.62902012291534,164.5
270,1,168.5,2.79995900389964,10.762286097311756,1.8,0.6,196.5,230.2568894318989,165.5
271,2,168.5,10.038025685597177,7.852493978669255,3.91,1.37,185.5,228.38455906590758,165.5
272,1,169.0,15.825541922396477,1.3806924105704976,1.8,0.6,190.0,229.35601563834066,166.0
273,1,169.5,11.384703885904988,1.765741368670516,1.8,0.6,193.5,230.97686804064227,166.5
274,1,169.5,8.110455254796479,3.295308713017212,1.8,0.6,187.5,226.6321752147379,166.5
275,1,169.5,9.824669551994475,5.033664819320612,1.8,0.6,189.0,227.64736885288795,166.5
276,1,170.5,6.65463464859944,5.482218587832551,1.8,0.6,189.0,222.85445433181752,167.5
277,1,171.5,13.032516880298143,1.4968162751689253,1.8,0.6,195.0,233.147099000586,168.5
278,2,173.0,24.207537575985413,5.9354706279677405,4.46,1.49,187.0,229.1879168637747,170.0
279,6,173.5,13.45053389322664,1.6844086589533818,2.6,1.4,204.5,232.4150331392527,170.5
280,2,174.0,27.47193731912083,8.693711710424314,4.92,1.55,189.0,232.6101128438467,171.0
281,2,174.5,14.91100272290113,7.461188473212025,5.42,2.4,189.5,230.25072047215448,171.5
282,2,174.5,15.987850917808753,4.361100128657948,4.52,1.38,191.5,229.66330742516257,171.5
283,1,176.0,24.902057926057356,3.677474069694355,1.8,0.6,189.0,224.06219407442026,173.0
284,2,176.0,16.15605793299651,6.608532685905234,5.08,1.53,193.5,229.41320669743047,173.0
285,2,176.0,23.666070960460065,9.387678253330371,5.3,1.79,191.5,234.80957485044357,173.0
286,1,176.5,3.3614114040855916,1.358391371027888,1.8,0.6,206.5,233.28002637575247,173.5
287,1,176.5,9.735221084468003,4.079972236553202,1.8,0.6,195.0,230.15224111300003,173.5
288,1,176.0,11.83982054649095,8.553647663299454,1.8,0.6,194.0,229.95919813556097,173.0
289,1,177.0,21.036910532349292,5.193588546437077,1.8,0.6,192.0,222.6068503353273,174.0
290,1,177.5,16.4818794686742,10.410773282724124,1.8,0.6,191.5,228.81151330251242,174.5
291,1,177.5,12.349868753634466,8.016825804129992,1.8,0.6,190.5,227.8321454212641,174.5
292,1,177.5,2.4889906406077795,3.2860338085565277,1.8,0.6,201.0,232.735732301809,174.5
293,1,177.5,6.787958349947346,4.266667964896895,1.8,0.6,198.5,228.8781790515756,174.5
294,1,177.5,19.811405612266544,5.470291619520799,1.8,0.6,194.5,224.94949512179352,174.5
295,1,178.5,16.989186658182653,6.03852992538749,1.8,0.6,195.5,227.8280489172544,175.5
296,1,178.5,6.89125634987028,4.833383841874403,1.8,0.6,197.0,228.23895004414283,175.5
297,1,179.0,11.706497982178833,5.893103073170821,1.8,0.6,196.5,226.56041135768325,176.0
298,1,179.0,19.369143826122208,7.237206240350278,1.8,0.6,196.0,231.55531835044,176.0
299,1,179.5,6.456585285633154,5.839579696815381,1.8,0.6,198.5,226.4818069823193,176.5
300,1,180.5,16.493859847861486,4.133000889758132,1.8,0.6,197.5,192.94777070670057,177.5
301,1,180.0,4.330898013545971,4.956322208813156,1.8,0.6,199.0,225.86468415575908,177.0
302,1,180.0,4.052887990814612,5.891185689706311,1.8,0.6,198.0,226.66604459200735,177.0
303,1,180.0,9.79419507342398,7.3643666420008715,1.8,0.6,195.0,229.26188524410333,177.0
304,2,180.0,19.383623235862906,8.891337570161225,3.43,1.28,197.0,227.9626918327422,177.0
305,1,182.0,17.672975624832112,2.5558788578700615,1.8,0.6,201.5,220.9571037685313,179.0
306,1,182.0,19.103092436739377,4.3338263946120135,1.8,0.6,201.0,228.0880530842123,179.0
307,1,182.0,18.275202360135424,7.014377277758482,1.8,0.6,199.5,221.28915476794214,179.0
308,2,183.5,34.716948165909876,7.400401336962253,5.3,1.89,199.0,230.49428371151888,180.5
309,1,182.5,14.547881045357911,3.8687283529026826,1.8,0.6,205.5,230.47722018024783,179.5
310,2,183.0,13.679534910955457,5.22037850584614,5.09,1.58,203.0,228.78283283703792,180.0
311,2,183.5,22.748883097600302,8.796124838619958,4.78,1.56,201.0,229.46791533244905,180.5
312,6,183.5,13.145174877549728,6.700163871842249,2.6,1.4,202.0,222.02011206166011,180.5
313,1,183.5,13.784624870055627,1.288872282664132,1.8,0.6,201.5,224.3357772913144,180.5
314,1,184.5,7.821384049298789,4.259135607496726,1.8,0.6,206.5,232.6488591358508,181.5
315,2,185.0,12.772970226736243,3.744812805300531,4.11,1.42,204.0,229.35266501413753,182.0
316,1,187.5,38.58695038207378,3.0861089458310804,1.8,0.6,206.0,228.3447534880261,184.5
317,2,186.0,9.121145768511136,6.903918625063365,4.91,1.53,204.0,228.45716276276167,183.0
318,1,188.0,20.45516783034186,4.495154181730897,1.8,0.6,208.0,229.47232339525843,185.0
319,1,187.5,23.76929224530539,5.535152821759069,1.8,0.6,202.0,224.67483260553104,184.5
320,2,188.5,13.726346912124853,5.274768893583273,5.35,1.67,209.5,235.82133236130784,185.5
321,1,188.5,23.147915341137228,0.5309469577320228,1.8,0.6,208.0,224.71287701225907,185.5
322,2,188.5,20.192608094421004,8.753091714427208,5.61,1.65,206.0,229.47176946336654,185.5
323,2,189.0,9.640417960979413,9.285559353481645,4.28,1.37,206.5,229.50785107413782,186.0
324,2,189.5,10.91692904058084,4.820748236123011,4.46,1.41,208.0,201.9874287117283,186.5
325,6,190.0,6.789946481451094,6.961414963508984,2.6,1.4,211.0,229.36632100290026,187.0
326,2,190.0,14.494965615890305,4.6650340710613305,4.1,1.41,211.5,234.21363954471136,187.0
327,1,191.5,16.15585558720927,1.7365408501190556,1.8,0.6,211.0,226.08436076090777,188.5
328,2,191.5,15.718845245624205,8.958274730019507,5.07,1.51,209.0,228.77756962894745,188.5
329,1,192.0,26.914559138828043,3.275442480729505,1.8,0.6,207.0,225.69669808047436,189.0
330,1,192.5,12.52479622186788,5.64319913764288,1.8,0.6,210.5,231.11255946907082,189.5
331,1,192.5,10.646863195364693,7.363660844054362,1.8,0.6,208.5,224.57892541942692,189.5
332,1,192.5,17.45254588974109,5.407424819834035,1.8,0.6,210.0,226.66554063795857,189.5
333,5,192.5,19.00948571591364,3.742076092551001,5.11,1.75,212.5,234.74660304818505,189.5
334,2,193.5,23.30915780116961,9.091665050776848,4.65,1.65,210.0,225.05891439585406,190.5
335,1,193.5,9.579477855922732,5.2209784170939795,1.8,0.6,219.0,233.18270754752805,190.5
336,2,194.5,36.19399390187649,9.470242606472308,4.75,1.41,211.0,234.87075556725708,191.5
337,2,194.5,15.265881168145858,8.539938910611127,4.46,1.33,212.5,231.39920395755635,191.5
338,3,196.0,19.499581378590094,4.215306324965925,11.54,2.43,215.0,230.51428590787137,193.0
339,2,196.0,14.48225852455541,8.87021519499001,5.03,1.54,213.5,231.98444993720062,193.0
340,1,198.0,19.232875005850612,1.9353744925742258,1.8,0.6,219.0,231.4636427111186,195.0
341,2,198.0,16.212834228440688,9.704408978463567,4.42,1.45,214.0,233.47654301608887,195.0
342,2,199.0,13.130469575827844,7.50570454385387,5.13,1.52,217.5,232.89572517879034,196.0
343,1,199.0,14.916283530068299,10.324272284494281,1.8,0.6,216.0,230.1684060510921,196.0
344,2,199.5,10.134780409900854,5.407533771639354,4.84,1.42,218.5,229.91610284044572,196.5
345,2,199.5,32.09572617268587,3.8274865168297216,4.32,1.59,217.5,230.72429649868715,196.5
346,1,200.5,26.478757149237172,2.195195649433032,1.8,0.6,219.0,229.45259203948984,197.5
347,1,200.0,14.8525695819667,9.425324649321498,1.8,0.6,217.5,227.82184846013638,197.0
348,1,201.5,22.206151579691205,7.821104281475685,1.8,0.6,219.5,228.931348782003,198.5
349,6,202.0,12.020556305123135,4.995803353939533,2.6,1.4,223.0,228.3892821309079,199.0
350,1,203.5,16.903280216121416,2.811414280406254,1.8,0.6,225.0,229.04909409683268,200.5
351,1,204.0,16.24314746537936,4.882088035454642,1.8,0.6,221.5,229.17832254577363,201.0
352,1,204.5,8.396269567609052,1.4366928613262013,1.8,0.6,230.0,229.81210234162006,201.5
353,6,204.0,5.773487011192169,6.008086033637921,2.6,1.4,226.0,235.916529754817,201.0
354,1,205.0,15.41142877423225,2.8139522263064602,1.8,0.6,223.5,228.81500754221344,202.0
355,2,206.5,24.49121043610716,8.556055967500043,4.14,1.78,220.5,235.1296348455857,203.5
356,5,208.5,18.722082088883393,4.21713936775535,6.39,1.67,228.0,233.0209356814632,205.5
357,1,209.0,24.978790738938102,6.2858125849835496,1.8,0.6,221.5,227.6176218254288,206.0
358,6,211.0,13.661587985701583,1.6301896482868719,2.6,1.4,233.5,230.57161497755197,208.0
359,2,211.5,16.986172612164363,6.458724714832851,4.45,1.64,231.0,236.067299237394,208.5
360,2,212.5,19.750353406500622,8.24951827146331,5.35,1.38,229.0,234.48697018074606,209.5
361,2,212.5,20.263158670094892,4.218633034503632,4.27,1.72,227.5,233.0835371514066,209.5
362,1,212.5,12.445320554939398,5.563822885885419,1.8,0.6,229.5,225.3921491156605,209.5
363,6,213.5,6.685651836405164,5.584564282293001,2.6,1.4,234.5,232.25211002427213,210.5
364,6,214.5,12.108867824903461,3.0369665586776824,2.6,1.4,238.5,230.98801185557167,211.5
365,1,214.5,7.336467334671778,5.336472941802858,1.8,0.6,236.0,234.14796182587258,211.5
366,6,216.5,18.54200621784252,4.455046696728228,2.6,1.4,235.5,228.8331461853585,213.5
367,1,217.5,12.818066711962711,4.826191528350086,1.8,0.6,232.5,223.62861559080162,214.5
368,6,219.0,17.717175872848127,1.8074617415775656,2.6,1.4,240.0,228.98480184679732,216.0
369,6,219.5,20.959035491850358,4.3344553076172465,2.6,1.4,237.5,232.94786996056828,216.5
370,2,220.0,33.87450191648581,7.426530701725978,4.57,1.39,233.5,232.26476936743896,217.0
371,1,222.5,22.077481663876185,6.491844850065288,1.8,0.6,235.0,224.34816814304307,219.5
372,1,222.5,19.269302560515158,3.707991580928095,1.8,0.6,237.5,225.02168408307963,219.5
373,6,223.5,12.219157507393149,2.634973128705933,2.6,1.4,245.0,230.2786903220317,220.5
374,1,224.0,18.44972320676142,3.8058559727916954,1.8,0.6,242.0,230.7415505978439,221.0
375,1,224.0,24.320046785661088,6.11456022931467,1.8,0.6,240.0,230.4008501857489,221.0
376,2,225.0,25.978962614525994,7.418472022096325,5.34,1.7,237.5,228.4253006045333,222.0
377,6,226.0,16.790861448755123,2.713521218664117,2.6,1.4,246.0,228.11075037019782,223.0
378,1,226.5,15.335808349417947,4.391248895615445,1.8,0.6,244.0,229.04991662057145,223.5
379,2,226.5,28.730614617553037,8.511261220453939,4.71,1.43,240.0,228.51460472755315,223.5
380,2,227.0,28.557728972251347,6.763239532031961,3.97,1.32,241.0,231.84542665119403,224.0
381,1,227.5,18.193480130850258,4.351323222425776,1.8,0.6,245.5,230.25986055015096,224.5
382,1,228.0,15.926761169337173,1.6646421856635005,1.8,0.6,251.0,231.62730692773187,225.0
383,2,228.5,25.55464548957986,7.687297630276509,5.5,1.49,243.0,231.50075422455177,225.5
384,6,230.0,15.920123931715741,4.29964708544407,2.6,1.4,249.0,228.24228428589035,227.0
385,1,230.5,11.859638354220763,10.472575154001872,1.8,0.6,259.5,230.0751847367323,227.5
386,2,230.5,22.410486447831005,8.280009937730268,4.78,1.73,246.5,228.7005923771321,227.5
387,1,231.0,17.11002564530935,3.4824023354530502,1.8,0.6,249.5,224.81449814580816,228.0
388,1,231.0,6.531098931556206,1.3466998538449386,1.8,0.6,257.5,229.176649988075,228.0
389,1,231.5,15.151546877877411,2.5030197896631594,1.8,0.6,251.0,228.3549730044655,228.5
390,2,232.0,23.64125367015237,7.666850450325685,4.31,1.45,248.0,232.95020386523043,229.0
391,6,233.0,20.054701931453852,9.328319785745991,2.6,1.4,250.0,230.94885255280062,230.0
392,1,233.5,20.180860782818396,5.902316132354338,1.8,0.6,252.0,229.00660166645338,230.5
393,2,234.0,22.379430701142336,7.682559087370778,4.71,1.58,249.0,227.59542222022108,231.0
394,6,234.5,23.755013606817574,4.6037724242429015,2.6,1.4,253.5,235.7818641917424,231.5
395,2,235.0,13.265811523188125,7.193893459886191,5.81,1.57,250.0,229.887600968912,232.0
396,2,236.0,15.286884237340042,5.521747517370642,4.01,1.56,252.0,234.04761450807564,233.0
397,2,236.5,22.415420448199196,2.676966424096332,4.16,1.58,253.5,229.9359504312583,233.5
398,2,236.5,21.270916868658013,8.891842838915869,4.41,1.47,252.5,230.9725057179049,233.5
399,5,238.0,17.13210209811839,5.235344424577669,5.98,1.71,256.5,232.9229475614017,235.0
400,1,238.5,15.091311866712752,1.5608325227766173,1.8,0.6,257.5,227.8175376557034,235.5
401,1,239.5,24.200886075497216,3.712317523329636,1.8,0.6,259.0,227.5529978237723,236.5
402,1,240.5,16.730855593768123,2.3436389488705207,1.8,0.6,256.0,226.2371597563558,237.5
403,1,241.0,14.481394498308296,6.967140175431208,1.8,0.6,255.5,227.10117575379948,238.0
404,1,241.0,5.518697830145425,6.79032278184774,1.8,0.6,260.5,227.28055912282116,238.0
405,1,242.0,5.553167626207727,3.1186187578627047,1.8,0.6,261.0,226.49612378573244,239.0
406,1,242.5,22.104605963834747,4.632589935665445,1.8,0.6,256.5,217.13914475479424,239.5
407,6,244.0,17.369091337358842,3.067444346902884,2.6,1.4,263.0,230.36112720050295,241.0
408,2,244.0,27.340034079987802,8.852298387684787,5.66,1.57,258.5,228.120865076709,241.0
409,1,245.0,30.05332410735816,5.465400395107432,1.8,0.6,260.5,227.6271653316318,242.0
410,2,245.0,23.791686482975347,8.650868190648893,4.75,1.4,259.5,230.08690190178075,242.0
411,1,245.0,3.3615643946087896,1.0338556487681432,1.8,0.6,281.0,240.118803701793,242.0
412,1,246.5,7.7593293054348225,3.354653430268331,1.8,0.6,268.0,235.194680995058,243.5
413,1,247.5,5.238089303845368,5.19418444036543,1.8,0.6,270.5,235.113310103227,244.5
414,6,248.0,15.05277729909243,8.473995650966211,2.6,1.4,265.5,227.54917718232224,245.0
415,6,250.0,13.949871220045754,5.203851093411402,2.6,1.4,271.0,233.7970863718629,247.0
416,1,250.5,23.65292561993589,6.92503539101962,1.8,0.6,262.0,227.78527953658116,247.5
417,2,251.5,25.209861335572963,7.632666906349522,4.14,1.4,267.0,234.50359815921587,248.5
418,1,253.5,21.624188523335942,4.5026852505694315,1.8,0.6,270.0,229.94199352942283,250.5
419,1,254.0,22.3080354299056,5.866293388244638,1.8,0.6,271.0,227.31288921897152,251.0
420,6,254.0,12.432901087767508,2.248591894787785,2.6,1.4,280.5,234.67287798859377,251.0
421,2,255.0,17.50907213152457,5.288486265551728,3.88,1.4,270.5,228.42872047306224,252.0
422,5,255.0,14.99420651126043,8.584567135719086,6.23,1.86,272.5,227.74107018607668,252.0
423,1,257.0,10.933160563035967,3.365370015811806,1.8,0.6,276.5,224.96742600544988,254.0
424,6,257.0,15.595707186897744,1.3643419061939215,2.6,1.4,283.0,232.92158534203054,254.0
425,1,257.0,16.153167485486698,5.308740135759533,1.8,0.6,272.5,223.1361799160438,254.0
426,1,257.0,20.022819744902776,5.291798050756397,1.8,0.6,273.0,229.3114216704561,254.0
427,1,258.0,16.00238214502907,3.597489187464416,1.8,0.6,281.0,233.91855964474848,255.0
428,1,260.5,28.231374741532207,5.589468067362627,1.8,0.6,273.5,224.66575203404443,257.5
429,3,262.5,17.304648930003356,4.593093555631719,11.86,3.15,281.0,232.59695526511985,259.5
430,1,264.0,11.118294614316401,2.481436487190189,1.8,0.6,285.0,233.977565676998,261.0
431,2,264.5,32.85193054726009,8.547767256635527,4.43,1.67,273.5,216.4966770586928,261.5
432,1,265.0,3.682576499209387,5.568329790465405,1.8,0.6,284.0,228.25198453560057,262.0
433,6,266.5,9.021362121036459,6.66507195322627,2.6,1.4,285.5,228.8383075723724,263.5
434,6,267.0,22.678767779228185,3.5784511484014994,2.6,1.4,283.5,229.30515509340609,264.0
435,1,268.5,12.437845073489727,7.172664582217166,1.8,0.6,284.5,228.64879429966214,265.5
436,1,269.0,17.537089570304644,2.7890084349379958,1.8,0.6,286.0,226.21054909284535,266.0
437,1,269.0,21.23930962109137,4.0661873601784295,1.8,0.6,287.5,231.81006407546624,266.0
438,1,269.0,17.70162044210972,4.652143250745957,1.8,0.6,286.0,229.38229379594927,266.0
439,1,270.5,23.022102275587216,4.58586291615433,1.8,0.6,293.0,236.06920845791964,267.5
440,1,271.0,7.283338192541635,0.8323913359272553,1.8,0.6,296.0,233.80618738783355,268.0
441,1,271.0,28.833008022739886,7.347022189777589,1.8,0.6,281.5,221.41532403600667,268.0
442,1,271.5,9.341107033263258,10.6863541695985,1.8,0.6,289.5,228.39132222864487,268.5
443,1,273.0,15.696020024552553,4.9341575796433235,1.8,0.6,288.0,229.55009210725345,270.0
444,2,274.0,31.605045369826527,7.6195479872262695,4.47,1.69,287.0,231.83188517689726,271.0
445,6,276.0,16.36163955200773,1.878670901425479,2.6,1.4,303.0,235.1544318740687,273.0
446,1,277.0,18.351695341419152,4.740773266753659,1.8,0.6,294.5,229.59205866182486,274.0
447,6,277.5,13.926514756497953,5.418934534718023,2.6,1.4,300.5,233.42816524073248,274.5
448,2,277.5,20.78150155934366,8.6861709482063,4.44,1.55,291.0,229.77878069442224,274.5
449,1,277.5,15.181208387292914,10.282190711283114,1.8,0.6,298.5,235.7392987469421,274.5
450,1,278.5,21.034569880479687,7.337745692841761,1.8,0.6,291.5,222.9853600897476,275.5
451,1,279.0,11.371278200755404,2.305931236742581,1.8,0.6,300.0,232.11640771326046,276.0
452,1,279.0,22.461225941934565,3.57797120981534,1.8,0.6,293.0,228.24761848253254,276.0
453,1,279.5,18.47670638540098,4.753986099693158,1.8,0.6,295.0,224.4898676125942,276.5
454,1,279.0,16.652195234419196,6.465438152946911,1.8,0.6,296.0,226.37216538872755,276.0
455,1,280.0,13.662977203388168,6.575581822360626,1.8,0.6,295.5,227.620869117017,277.0
456,1,281.5,18.74704439427757,8.951713312510037,1.8,0.6,297.5,233.74960699850848,278.5
457,2,282.0,22.706528087455023,2.814206418359036,4.29,1.57,300.0,231.67911890306806,279.0
458,2,283.0,17.985943757292514,8.57105965977089,4.71,1.63,301.5,230.50129035583433,280.0
459,6,284.0,20.442916418885076,6.0273636171866,2.6,1.4,304.5,231.54100269686555,281.0
460,6,284.5,15.032043265725665,1.8641350227696623,2.6,1.4,309.5,233.37895682946765,281.5
461,2,285.0,20.381094855464184,4.128822008431633,5.97,1.74,302.0,230.56241404578617,282.0
462,1,287.0,18.169072633582026,1.0674652699110212,1.8,0.6,306.0,231.19075955245395,284.0
463,6,286.0,5.9594653469348,2.861877249636958,2.6,1.4,308.5,234.017234910083,283.0
464,2,286.5,19.077260281547876,5.699678284792057,5.35,1.52,304.5,229.58991039228368,283.5
465,2,286.5,14.627041621447361,9.508069260839262,4.47,1.71,303.0,232.02665636400909,283.5
466,5,288.5,16.65059193365277,5.581384953683262,5.87,1.55,306.5,232.92674493285034,285.5
467,1,289.0,11.97196525889175,3.7184734548280494,1.8,0.6,302.0,224.78727458927784,286.0
468,6,289.0,20.286967660066207,8.456843825099009,2.6,1.4,305.5,231.20748421215146,286.0
469,2,289.0,21.10059126235409,2.758405859760025,4.2,1.39,310.5,236.62066875927457,286.0
470,2,290.5,23.17855411872068,5.004914579537282,4.6,1.41,308.0,231.5706475482034,287.5
471,2,291.0,18.143622490804262,3.413684047617398,4.56,1.69,310.5,232.1189588923827,288.0
472,2,291.5,16.638416487790906,7.627662986996486,3.85,1.4,312.5,231.6382635751777,288.5
473,2,292.5,18.45396154976256,2.4488131478993806,5.41,1.48,313.0,230.54188437814983,289.5
474,2,292.5,17.31061488733933,6.929458182751222,4.05,1.51,306.0,227.4918594403782,289.5
475,6,292.5,13.756198066026887,9.133296397652307,2.6,1.4,319.5,235.59997139611033,289.5
476,1,293.0,16.110961891941166,5.2255766118036036,1.8,0.6,309.0,228.9316459251389,290.0
477,2,293.5,11.362316753330415,7.074539909404024,4.1,1.39,314.0,232.48466419642136,290.5
478,1,293.5,11.950844276756875,1.7639516255161432,1.8,0.6,310.5,227.44477933400722,290.5
479,1,293.0,22.732293012507963,2.016521878353894,1.8,0.6,312.5,229.21532956014707,290.0
480,2,294.0,14.591529554954908,4.421032645456482,3.91,1.46,314.5,230.3379048825825,291.0
481,2,294.5,12.442252666478815,5.894531268409561,3.97,1.47,315.5,234.974422347642,291.5
482,1,295.0,7.820298433954154,3.4546058878134045,1.8,0.6,319.0,231.83526541671023,292.0
483,2,294.5,15.725147123982751,9.738116336925899,3.84,1.38,312.0,229.94482959317932,291.5
484,6,296.0,8.47319595908244,10.531615992357857,2.6,1.4,318.5,239.41468612681095,293.0
485,1,296.5,15.872948600471505,5.515700642304486,1.8,0.6,314.5,229.43127944146875,293.5
486,1,295.5,7.445045723137593,2.8094675858727007,1.8,0.6,318.5,226.88793201238587,292.5
487,1,296.5,7.226719394151421,7.460681185880365,1.8,0.6,316.5,229.44419393079428,293.5
488,2,298.0,31.458986236538255,4.9021648085141445,5.87,1.84,315.5,232.93077984240028,295.0
489,2,296.5,10.085303998024191,9.157839838167428,4.97,1.74,319.0,235.3877031669709,293.5
490,6,297.5,12.30428035454748,2.417121919776832,2.6,1.4,324.5,233.04479819876573,294.5
491,6,297.5,7.906978484307111,5.014285480744657,2.6,1.4,317.0,230.07679206626867,294.5
492,6,298.0,10.563174350427166,8.835939832880454,2.6,1.4,323.5,234.94715305525685,295.0
493,2,299.5,14.24624001377801,7.521065675259956,4.11,1.43,320.0,234.74764002802576,296.5
494,1,300.0,23.15001861850709,4.22360252904118,1.8,0.6,318.0,228.271362676726,297.0
495,2,301.5,24.082886638982185,6.111420613654883,4.45,1.51,321.5,234.45766684863133,298.5
496,2,300.5,24.17608233609251,4.078891748831112,4.19,1.22,320.5,233.68580791673804,297.5
497,1,301.0,16.9718058328016,1.8762004072002292,1.8,0.6,323.0,236.067954497655,298.0
498,2,301.0,13.678141730319027,9.08390933144475,3.74,1.41,324.5,237.60382659794044,298.0
499,1,302.0,14.409418472827925,3.9850885121013717,1.8,0.6,318.5,227.5819448319989,299.0
500,1,302.5,13.840780790682542,5.6085058986108995,1.8,0.6,321.5,227.7221546966518,299.5
501,1,302.5,17.933974689051883,5.297057372318472,1.8,0.6,319.5,225.50797581378026,299.5
502,6,302.5,12.169626348970613,6.760468356893589,2.6,1.4,325.0,236.899442644581,299.5
503,6,304.5,12.969706325829488,9.675371389803036,2.6,1.4,334.0,230.0221913951056,301.5
504,1,302.5,11.318145310477046,1.928316480472134,1.8,0.6,321.5,224.44645523168438,299.5
505,2,302.5,11.777543352411962,4.502770678281572,4.67,1.53,325.0,233.473370474535,299.5
506,1,304.5,18.28339132660024,3.521068758868206,1.8,0.6,323.5,226.42534357185207,301.5
507,1,305.5,9.909100981776206,1.258833211586481,1.8,0.6,334.0,231.66886761819532,302.5
508,1,306.0,8.17639945079318,2.7988905474364443,1.8,0.6,326.0,230.17661336957224,303.0
509,2,306.0,13.463513099487992,7.640585448041226,3.8,1.42,326.5,234.13229321956612,303.0
510,1,308.0,10.662942654946004,2.0831057317969885,1.8,0.6,330.0,227.8378935556268,305.0
511,1,307.5,11.236468055193082,2.909752045396478,1.8,0.6,328.5,231.31792328910132,304.5
512,2,308.0,20.842425346963875,5.680129268830393,3.36,1.32,326.5,231.73953072739045,305.0
513,1,309.0,8.799837718511574,4.227035051629469,1.8,0.6,328.0,226.7030589658287,306.0
514,1,309.5,17.373613618853586,3.2181118130728334,1.8,0.6,325.5,224.82148064505748,306.5
515,2,309.5,22.408470275941355,8.312995617448887,5.64,1.63,327.5,235.79089413604737,306.5
516,1,310.5,14.001926446812634,3.91586547968851,1.8,0.6,329.0,225.81682438630622,307.5
517,1,311.0,23.22645610873759,5.701553554803339,1.8,0.6,325.0,227.94801910740958,308.0
518,1,311.5,14.799843170445294,1.7931473506641669,1.8,0.6,333.5,231.57595315050708,308.5
519,2,313.0,19.31112107124567,6.107093620499166,4.89,1.81,329.5,232.578054277265,310.0
520,1,313.5,12.057717450327887,3.2100444020207664,1.8,0.6,328.5,231.71718436488555,310.5
521,6,315.0,18.298015576886435,5.136285803068038,2.6,1.4,333.0,230.1529531440583,312.0
522,2,317.0,37.72885966898801,7.7006753723925625,4.55,1.47,330.0,232.95749240845328,314.0
523,1,319.0,29.016761879822155,5.470073534285631,1.8,0.6,332.5,227.85555136097832,316.0
524,2,320.0,23.62363185486867,3.730355987971793,4.81,1.41,336.5,233.05713167493647,317.0
525,1,321.5,26.930905309238472,2.241260359413648,1.8,0.6,337.5,225.6050231570383,318.5
526,1,321.5,20.26113739536307,6.417409481421271,1.8,0.6,335.5,228.5115409861112,318.5
527,1,322.0,11.19574271696018,3.2178002233413627,1.8,0.6,343.0,231.275805730441,319.0
528,1,322.0,6.536255883099511,4.419112020707612,1.8,0.6,341.0,225.46873746353498,319.0
529,1,322.5,17.07297948841901,4.75041958114407,1.8,0.6,341.5,228.8896815799013,319.5
530,1,322.0,23.6156490670725,3.120802144883622,1.8,0.6,338.5,231.63044913483287,319.0
531,2,323.5,28.547558345081494,9.254376824137639,5.34,1.64,336.5,232.46320892436955,320.5
532,2,324.0,24.32784319980098,6.16583257642389,4.66,1.62,338.0,225.69703692785137,321.0
533,2,324.5,20.916866187851163,9.571949588745909,4.75,1.48,339.5,233.08741302509043,321.5
534,1,325.5,21.923331145017492,5.551499974307218,1.8,0.6,341.0,225.6925860716716,322.5
535,1,326.0,20.66769408756179,10.309004980712553,1.8,0.6,341.5,226.79522907148194,323.0
536,3,326.5,18.18431138330761,5.283247720477409,12.84,2.65,344.0,229.78625818427113,323.5
537,6,326.5,10.525084229060846,9.015942461355866,2.6,1.4,347.5,236.1449304853384,323.5
538,1,328.0,11.968009333825384,2.7570721660823727,1.8,0.6,346.5,227.161936142001,325.0
539,1,328.0,27.5946326941968,2.217467208728778,1.8,0.6,342.5,227.0651640122829,325.0
540,2,328.0,21.100982418138422,8.10124122391428,5.34,1.5,348.0,230.6937799483262,325.0
541,1,329.0,8.096918527314521,3.2554217432021857,1.8,0.6,349.0,229.82110630193563,326.0
542,1,329.5,10.176328225475805,3.262396593598771,1.8,0.6,350.5,233.38942608739288,326.5
543,2,329.0,19.237289431329778,10.094025905258034,4.24,1.84,347.5,229.79863449607603,326.0
544,1,329.5,7.194714183784748,4.991729697567266,1.8,0.6,349.0,228.8064710665031,326.5
545,1,330.0,18.630474485724424,4.618286656402887,1.8,0.6,348.0,230.54937424385935,327.0
546,2,330.0,16.97518028465252,7.326711471524809,5.22,1.7,346.5,232.48360654770852,327.0
547,6,334.5,11.863397511450902,1.356212841559929,2.6,1.4,369.5,235.71373641963186,331.5
548,3,335.5,21.240567924912884,9.808687601463877,12.08,2.52,351.0,226.10380733026415,332.5
549,3,336.0,17.178522756199197,5.2784067043970175,12.08,2.63,355.0,231.86882664990554,333.0
550,2,337.0,21.1452887688125,8.476131840437905,4.86,1.44,351.5,231.58667873146615,334.0
551,1,337.5,19.796133681270042,3.124448967567743,1.8,0.6,355.0,216.71415423975597,334.5
552,1,338.0,13.1063364254559,2.123545454113091,1.8,0.6,355.0,223.78558023605137,335.0
553,2,338.0,22.78997329808907,8.882528367622633,4.41,1.44,353.5,227.52991971687223,335.0
554,6,339.5,25.4400221012715,8.591153027401555,2.6,1.4,356.5,225.90326405294746,336.5
555,6,340.0,18.878488609011637,9.647485283404224,2.6,1.4,356.5,227.43120390697948,337.0
556,3,340.5,14.156166665856928,5.067245858214271,11.57,2.42,359.0,228.3536825446382,337.5
557,1,342.0,23.78530128119498,1.9326241495643972,1.8,0.6,358.5,230.01569025467487,339.0
558,1,342.0,19.564109176534416,7.1995447527044085,1.8,0.6,358.5,228.52649845005027,339.0
559,2,342.0,25.43637276988344,9.163091851302484,4.53,1.7,359.0,229.95365721460166,339.0
560,1,342.0,10.339405433252514,8.961715231047698,1.8,0.6,360.0,227.3597145505905,339.0
561,1,343.0,16.803963300449233,2.422925776184143,1.8,0.6,363.0,226.66697009655647,340.0
562,1,344.5,9.503212700207154,2.0472315487414408,1.8,0.6,364.0,225.85917477720434,341.5
563,1,344.5,22.89434283978133,4.18039716914063,1.8,0.6,358.5,224.66700567832166,341.5
564,6,345.5,27.58207093381512,4.903134608884717,2.6,1.4,367.5,235.07569542244258,342.5
565,2,345.5,21.832788631396486,9.05819306519052,3.87,1.46,363.0,229.95828605452994,342.5
566,2,345.0,23.09011230307265,5.358672884759946,4.23,1.63,362.0,231.5940813441611,342.0
567,1,345.5,19.32919244993407,6.027571946273862,1.8,0.6,365.5,230.05961442727772,342.5
568,3,346.5,17.7379881651625,6.13271960572505,13.61,2.6,364.5,232.8810135865806,343.5
569,6,348.0,14.47804864713791,2.610627148867038,2.6,1.4,372.5,236.19262713875025,345.0
570,1,348.0,15.102677820017455,4.4178866097160565,1.8,0.6,370.0,231.220744073463,345.0
571,1,348.5,13.10881923761321,5.20399472075087,1.8,0.6,364.5,223.4923797765806,345.5
572,1,350.0,17.051591332385918,5.211928365253145,1.8,0.6,366.5,224.13190928583063,347.0
573,1,350.5,10.939697201150206,8.38860823425493,1.8,0.6,363.0,227.9038797906524,347.5
574,1,351.0,19.398356970465723,2.4858641487907582,1.8,0.6,374.0,233.50367048199,348.0
575,1,351.0,15.999787285155406,3.7037666744161832,1.8,0.6,371.0,228.0674088566003,348.0
576,2,352.0,20.79627536061579,8.686313225233656,4.71,1.42,368.5,231.71145060353078,349.0
577,1,353.0,23.80642588680526,6.448804987929935,1.8,0.6,368.5,232.03776591846307,350.0
578,1,353.0,13.468661367271313,2.8502153863576796,1.8,0.6,376.0,236.129392759257,350.0
579,3,355.5,23.717078653376788,7.741334495329203,12.9,2.83,371.0,236.5282666413065,352.5
580,2,357.0,28.21489814664505,9.359157861681885,5.4,1.48,369.5,227.41571039623247,354.0
581,3,357.0,19.012988941631033,4.241921573357775,13.33,2.36,375.0,230.25392550387232,354.0
582,1,357.5,15.813432138201323,7.098903908248184,1.8,0.6,373.5,226.2069454380641,354.5
583,1,358.0,11.391692281391748,9.620332929811749,1.8,0.6,370.5,221.0799839356109,355.0
584,1,359.0,24.26396681781455,8.91402208476901,1.8,0.6,372.0,222.39435793197697,356.0
585,1,359.5,24.62666337342405,9.219810607489595,1.8,0.6,373.5,232.07186518121267,356.5
586,1,359.0,27.728930962971873,8.649675885184603,1.8,0.6,373.5,231.8933491328851,356.0
587,6,359.5,17.534350970629085,9.378196497947014,2.6,1.4,378.5,228.21120874029586,356.5
588,6,360.5,13.54808680802516,2.7309359180444477,2.6,1.4,387.5,236.1110178658375,357.5
589,6,360.5,6.906238146669076,4.044672273221335,2.6,1.4,386.5,235.62699488066735,357.5
590,6,361.0,22.366280878309887,7.766501397587502,2.6,1.4,377.5,232.3883964113523,358.0
591,1,361.5,38.41657288837083,3.1955307341557346,1.8,0.6,377.5,228.50597446430055,358.5
592,2,361.5,22.64166208447231,9.611192930174202,4.98,1.42,375.0,227.22659651890407,358.5
593,2,362.0,18.599966695312983,6.444979276868616,4.91,1.48,377.0,225.7917645287774,359.0
594,6,362.0,5.811280854677591,4.214908164198212,2.6,1.4,383.0,227.1040986644229,359.0
595,1,363.0,17.578023890668916,7.249117125749019,1.8,0.6,379.5,226.71908658728523,360.0
596,2,364.0,36.01639838166078,9.41980609016041,4.82,1.44,377.0,229.40302895523996,361.0
597,1,364.5,21.92415779894529,4.320938383379156,1.8,0.6,380.5,223.43487005480466,361.5
598,1,363.5,8.876458130031535,6.489571975895929,1.8,0.6,379.5,229.22390062515123,360.5
599,2,363.5,15.967432223237202,6.564194833153662,4.85,1.62,385.0,228.37236799244175,360.5
600,1,364.0,21.202283815989663,5.85092564140123,1.8,0.6,381.0,227.00078650636277,361.0
601,1,364.5,20.53220921868736,2.501689858960762,1.8,0.6,380.5,222.68834019421294,361.5
602,1,364.0,13.8195600693084,2.61859979226827,1.8,0.6,381.0,228.5996524744841,361.0
603,1,364.0,7.535986494268013,1.9643588047099463,1.8,0.6,390.0,234.15703153284332,361.0
604,6,365.0,12.18998369425705,3.6815492386320705,2.6,1.4,386.0,227.60718273510236,362.0
605,2,365.5,13.169187040348842,8.628441503393644,5.27,1.81,384.5,229.66217235990234,362.5
606,1,364.0,17.179625621536182,2.555188320402845,1.8,0.6,374.5,149.79516740782935,361.0
607,1,366.0,17.99852172598289,0.9551640620715993,1.8,0.6,382.0,228.0086250346633,363.0
608,6,366.0,13.308597548270365,1.5843764270984395,2.6,1.4,392.0,232.94531985584877,363.0
609,2,366.5,16.563669847433594,4.095049961408668,4.22,1.51,388.0,232.1657757029089,363.5
610,1,369.0,15.82549596030737,2.1076034163308277,1.8,0.6,392.5,233.13206648932024,366.0
611,6,369.0,6.60326554516791,1.3184209713735762,2.6,1.4,401.5,234.53749463998102,366.0
612,2,369.0,16.809190004827872,5.743917319903686,4.82,1.37,390.0,230.07939144655862,366.0
613,6,370.0,9.406001341553287,3.508689486441251,2.6,1.4,394.5,233.82816298526595,367.0
614,3,370.0,21.88296101888774,9.577699926972574,11.38,2.34,387.5,235.27876342413583,367.0
615,1,370.5,5.515290522118786,3.264187896451986,1.8,0.6,392.5,222.28133963154883,367.5
616,1,372.0,9.95663500134015,3.918637840685675,1.8,0.6,393.5,232.26822976501947,369.0
617,1,382.5,26.659699138543164,1.6655040349107826,1.8,0.6,397.5,227.95927458614352,379.5
618,6,384.0,15.325929276512586,2.0015742379861314,2.6,1.4,409.0,235.51319311674993,381.0
619,1,384.5,13.603951829683592,4.798934704694477,1.8,0.6,404.5,230.30774336031592,381.5
620,1,385.0,10.633350722343172,10.377843590152837,1.8,0.6,405.5,231.51628368202188,382.0
621,1,385.5,14.66454112502987,4.40934394577822,1.8,0.6,405.5,228.12132499230384,382.5
622,1,387.5,14.856553915643083,1.6609877122902779,1.8,0.6,407.5,231.46526105355298,384.5
623,1,387.5,22.293646650866197,3.0805671620352633,1.8,0.6,407.0,230.17037418636608,384.5
624,1,387.5,18.955057673340082,5.85928820391987,1.8,0.6,404.0,225.94371555862966,384.5
625,2,388.5,28.788727485000894,8.901162239585148,5.15,1.61,399.5,230.1052268365958,385.5
626,1,389.5,17.207271425275625,2.729158148066119,1.8,0.6,410.5,229.83911587735125,386.5
627,2,390.0,25.83745144578723,8.059626946294506,5.48,1.62,401.5,230.3123531572757,387.0
628,1,391.5,35.46128114753672,4.713871166350551,1.8,0.6,400.0,203.39835768028155,388.5
629,3,394.5,15.753953343635885,3.383657286844418,12.74,2.58,413.5,234.44116444460604,391.5
630,1,396.0,28.843286766554908,6.876009688407097,1.8,0.6,407.5,225.0540664839955,393.0
631,1,396.0,22.59983849794101,10.30527034628052,1.8,0.6,409.5,229.416364396314,393.0
632,2,397.5,26.654163820305282,6.191775560645594,3.87,1.39,416.0,231.72499530289562,394.5
633,1,397.5,38.33297806933054,6.2714445827448335,1.8,0.6,408.5,227.65503596395703,394.5
634,6,399.0,17.78268862657278,3.043490701101446,2.6,1.4,420.0,229.1795048434711,396.0
635,6,399.0,11.652586310591829,9.268647371024283,2.6,1.4,424.5,237.22302513849408,396.0
636,1,400.0,20.339869257630646,6.772987350823692,1.8,0.6,414.0,233.43862978848875,397.0
637,1,400.5,20.815757701869657,7.852725873138775,1.8,0.6,416.0,228.08437995172878,397.5
638,5,401.5,22.383115770183974,6.132286510044225,6.34,1.66,418.5,231.70254501031184,398.5
639,1,401.5,15.2396748941041,0.7204798552655604,1.8,0.6,425.5,235.6876179694325,398.5
640,6,401.5,11.53824869449975,2.8126247757250815,2.6,1.4,423.0,231.25934113677158,398.5
641,2,402.0,15.181576923830532,5.76743580455675,4.2,1.7,418.5,219.3470821404861,399.0
642,1,402.5,21.86574356578436,4.051436250289063,1.8,0.6,419.5,228.910148920617,399.5
643,1,403.5,20.48892134385879,8.752187902403604,1.8,0.6,426.0,237.504501502849,400.5
644,1,404.0,22.34963734263474,5.274263134683242,1.8,0.6,422.0,230.6935435291009,401.0
645,6,404.0,7.018638688626111,9.921996969766518,2.6,1.4,426.0,233.9522682236799,401.0
646,2,405.5,22.44219218208377,4.995893579375039,4.06,1.59,423.5,230.98922396184452,402.5
647,6,405.5,10.604612827395522,9.350981038998276,2.6,1.4,432.0,237.66671107065756,402.5
648,6,406.5,14.436152227029726,4.914102733191365,2.6,1.4,426.0,231.15503206484638,403.5
649,1,407.5,18.035879204040878,3.0075162112398925,1.8,0.6,424.5,228.75738032066783,404.5
650,1,408.5,32.384682909952566,6.868419254401354,1.8,0.6,422.5,228.02787711992048,405.5
651,2,408.5,12.346810394364853,6.29048491390368,5.47,1.73,427.5,235.11185216261768,405.5
652,2,410.0,26.402579603622456,4.227814327437784,4.3,1.45,425.5,231.8547099519866,407.0
653,6,410.5,17.492307177973302,7.2718546578585,2.6,1.4,428.5,230.372158125045,407.5
654,1,410.0,12.184151095157333,1.5589152164050402,1.8,0.6,434.0,234.539005804406,407.0
655,1,411.0,7.017271407916308,3.5747721662307925,1.8,0.6,427.5,215.55078222992813,408.0
656,1,411.0,22.258835471409597,3.475742231663386,1.8,0.6,427.5,227.24508203875666,408.0
657,1,411.5,10.603099729872383,3.7149987112315106,1.8,0.6,427.0,230.4559616005288,408.5
658,1,412.0,31.383456898935783,8.812953352251935,1.8,0.6,428.0,231.3661074543555,409.0
659,1,412.5,11.367171936074701,5.95671768756561,1.8,0.6,431.5,229.095349167097,409.5
660,2,413.0,26.792361217167336,8.452817289466601,4.49,1.36,429.0,228.41646236124367,410.0
661,1,412.5,14.762116236170026,4.247139070215314,1.8,0.6,428.5,228.1519439252679,409.5
662,1,413.5,18.235880277457227,3.6440858644309073,1.8,0.6,432.0,228.61257089518534,410.5
663,2,415.0,25.897596797086706,5.1498489640105864,4.02,1.17,431.5,232.19365052439983,412.0
664,1,415.0,23.083118910309807,7.3048548027918185,1.8,0.6,430.0,228.34141687341392,412.0
665,1,415.5,14.773557311382408,1.5248040895907495,1.8,0.6,431.5,224.3293851320423,412.5
666,1,416.0,21.547399819483967,2.988360187221434,1.8,0.6,434.0,227.63309570722416,413.0
667,2,416.0,25.516383249493693,6.2487224909004615,4.16,1.28,434.0,231.848812504861,413.0
668,2,416.5,15.618833084331497,6.533510390595778,4.75,1.65,435.0,231.278812096796,413.5
669,1,418.0,11.597616175744282,2.2188738946042657,1.8,0.6,437.0,228.34394441944113,415.0
670,2,418.0,26.070283427155488,8.682962086280506,3.26,1.35,434.0,228.41397313571161,415.0
671,1,418.0,13.002112465943053,6.252079154486141,1.8,0.6,437.0,226.8856829510632,415.0
672,2,419.0,19.994493191085358,9.217607007663974,4.62,1.52,435.0,229.4432567720312,416.0
673,1,420.0,23.92138570025693,5.8298513261471046,1.8,0.6,436.0,229.0865500707453,417.0
674,1,419.5,15.44232550120478,5.4211170310240755,1.8,0.6,439.5,229.39468193087956,416.5
675,4,420.0,10.817972307553086,3.043695623372717,10.21,2.21,454.0,236.27060589837097,417.0
676,1,420.5,13.3228064507706,5.335755994362587,1.8,0.6,439.0,224.8362204094794,417.5
677,1,421.0,11.975426646746483,0.5845040600035037,1.8,0.6,444.0,232.64995545763784,418.0
678,2,421.0,15.519490048149608,9.348274523602232,5.21,1.38,437.0,230.29614204256018,418.0
679,1,422.0,15.73012261893169,0.6079038838981675,1.8,0.6,437.5,229.0434698270881,419.0
680,1,422.0,5.8996200256752775,1.292347004908524,1.8,0.6,450.0,232.1452348002969,419.0
681,2,422.0,15.25179925947174,9.406434127748438,4.39,1.55,437.5,233.6630583337799,419.0
682,3,423.5,28.568727185109417,6.35296793044063,11.42,2.31,441.5,225.62390423277233,420.5
683,1,422.5,20.586504631959972,5.285311995832581,1.8,0.6,443.5,231.98829610086858,419.5
684,2,424.0,14.281245717249183,9.727538716838735,4.45,1.5,444.5,227.0152320225594,421.0
685,6,425.5,12.340990867137133,9.939828412190819,2.6,1.4,443.5,224.1191182803976,422.5
686,3,426.0,17.376272554924775,5.1045226224222136,12.78,2.68,445.0,229.1087495008007,423.0
687,1,427.0,16.955438488453208,9.77442911949174,1.8,0.6,448.5,230.736539920748,424.0
688,1,427.5,25.74710678579561,9.880991270879674,1.8,0.6,446.0,225.53098052174983,424.5
689,1,428.0,16.920731031368337,9.590439112742592,1.8,0.6,447.5,229.39275373955206,425.0
690,2,428.5,22.8021948671932,8.836844242668342,4.64,1.35,451.0,231.4264393257823,425.5
691,6,428.0,20.01285137358152,1.467709391745327,2.6,1.4,456.0,234.88664438253295,425.0
692,2,430.5,25.280824801388825,8.298441085577364,3.95,1.49,450.0,230.78650421507126,427.5
693,1,429.0,20.026283980605946,4.1359786948488875,1.8,0.6,449.5,226.77922529957848,426.0
694,6,429.5,17.784785510163964,5.110753630856158,2.6,1.4,451.0,228.67277127475393,426.5
695,1,430.0,22.981881439678684,3.4985575964067905,1.8,0.6,448.5,227.3896024364422,427.0
696,1,430.5,10.066068424059134,4.168242244381631,1.8,0.6,452.0,229.58110518581884,427.5
697,2,430.0,19.418334068846043,9.531958770650133,4.08,1.62,452.5,231.98992057040377,427.0
698,1,430.0,31.753774320982487,5.325649012629316,1.8,0.6,449.0,232.07904100984913,427.0
699,2,430.5,17.142777325798136,6.5319408118715145,5.96,1.62,454.0,235.159044732284,427.5
700,1,431.5,13.715896043076057,5.225301799771401,1.8,0.6,455.0,227.600474835149,428.5
701,6,431.5,17.515666379087115,3.351761749388012,2.6,1.4,456.5,238.8913783624665,428.5
702,1,431.5,14.696237731653502,2.9729818909192205,1.8,0.6,455.0,230.185689642319,428.5
703,1,432.0,24.47053555582395,8.918300868243538,1.8,0.6,453.5,228.79207650889623,429.0
704,3,432.0,15.088041858930623,8.960989032023967,12.6,2.33,457.5,238.5462666409416,429.0
705,1,433.0,17.361373724485656,0.9102980753339157,1.8,0.6,454.5,222.11138573888962,430.0
706,2,433.5,19.636312331407296,6.105365955962933,4.58,1.55,457.5,237.05801363452514,430.5
707,1,434.5,19.068631056064813,5.254538116464655,1.8,0.6,456.0,231.067922795611,431.5
708,2,434.5,16.923379488867994,6.215968020283233,3.53,1.42,459.0,237.0080795551048,431.5
709,2,435.0,12.229150717548,5.534223146856406,4.08,1.36,460.0,234.0957114281795,432.0
710,1,435.0,30.766724814256296,5.046551970837693,1.8,0.6,455.5,227.09995536470313,432.0
711,6,436.0,15.546745843607594,1.133986340630863,2.6,1.4,466.0,236.54349899078292,433.0
712,1,435.5,8.947872527425178,3.755979790061577,1.8,0.6,462.0,233.4855536102044,432.5
713,2,435.5,12.599315431404426,9.317731090028296,4.68,1.66,458.0,234.263830858017,432.5
714,2,437.0,16.496574268811305,8.951442540946793,3.75,1.52,461.5,238.79626168799476,434.0
715,2,438.0,22.549868111233224,7.044982363293091,4.36,1.68,459.0,233.02337061943157,435.0
716,2,437.5,12.575032693498125,9.982187206584923,4.91,1.69,459.5,228.75011508108662,434.5
717,6,437.5,14.391937569983089,2.1563315798777922,2.6,1.4,468.0,236.55202692200567,434.5
718,5,438.0,17.767396800632923,4.805176408490654,4.84,1.45,461.5,236.391539312828,435.0
719,1,438.5,9.28232885764241,4.620365668114798,1.8,0.6,463.0,231.75196005975252,435.5
720,1,438.5,10.933667601867642,3.3625833355617774,1.8,0.6,459.0,226.389333384212,435.5
721,2,439.5,17.65645876609176,9.458940293856047,4.36,1.64,463.0,241.591018671805,436.5
722,1,442.0,33.14801002462751,4.287755395276021,1.8,0.6,463.0,234.159919345535,439.0
723,1,440.0,10.278621628388137,5.03581313864011,1.8,0.6,457.5,226.44522477207218,437.0
724,2,440.0,23.998961196164792,6.60509897404798,4.2,1.63,463.5,236.84424308525124,437.0
725,2,440.5,18.04445819094499,9.10568783478683,4.57,1.5,463.5,236.41230273895408,437.5
726,1,442.0,23.712895169264254,3.463318338017803,1.8,0.6,461.0,231.3028880370236,439.0
727,1,441.0,18.643629181737357,3.2761266157822893,1.8,0.6,463.5,231.78710807522856,438.0
728,2,441.5,13.314316283374536,8.684520521394623,4.27,1.31,465.5,238.63339005674024,438.5
729,6,442.0,19.137436593736627,6.1014071230208,2.6,1.4,464.0,231.86250974838967,439.0
730,2,442.0,12.540636757564338,6.548835818697131,4.83,1.46,466.5,239.4087647817912,439.0
731,1,442.0,16.49208575360836,2.7221284483016928,1.8,0.6,466.5,237.83033178707169,439.0
732,1,442.0,24.318473534691247,5.110968604338878,1.8,0.6,462.5,230.9676033531623,439.0
733,1,442.5,10.554881690928733,4.145421144342665,1.8,0.6,462.0,226.7949233376043,439.5
734,6,443.0,18.61260857312191,8.969626474900496,2.6,1.4,467.0,238.6076370485799,440.0
735,1,443.5,7.107203267769681,3.1715888450089516,1.8,0.6,468.0,238.90828132126487,440.5
736,1,443.5,20.41857472948058,3.082772298533457,1.8,0.6,467.0,233.781698408276,440.5
737,2,444.0,16.090104843355338,6.775366777000774,4.38,1.55,466.0,232.65415319856828,441.0
738,2,444.5,27.867722262540262,9.44753593254999,4.83,1.55,469.0,242.76485515874325,441.5
739,1,445.0,23.254594750958887,1.372444449905571,1.8,0.6,466.5,233.10446154478976,442.0
740,1,445.0,7.355191030576168,3.8708956242858465,1.8,0.6,469.5,234.06160709746905,442.0
741,1,445.0,16.57823392148133,7.416520613101238,1.8,0.6,463.0,231.2288933408199,442.0
742,1,445.0,16.650025578709265,4.423820250380366,1.8,0.6,469.5,236.07954972772572,442.0
743,1,445.5,11.21587553872303,3.460672971023891,1.8,0.6,470.0,234.04422465363,442.5
744,2,445.5,20.076225094709006,6.035250463073963,4.83,1.71,468.0,234.66672077636923,442.5
745,1,446.5,18.738316445922454,1.9319286508259006,1.8,0.6,468.5,233.56736191925586,443.5
746,2,446.5,19.559764433210177,9.045945283432237,4.44,1.62,469.0,234.996046873521,443.5
747,1,447.5,29.253114134227403,4.365773790043878,1.8,0.6,470.0,237.028164759005,444.5
748,3,448.0,22.192054101074643,5.126134868032666,12.69,2.53,471.5,241.43591210262989,445.0
749,2,449.0,18.96362433847059,9.101874280054277,4.2,1.36,471.5,238.02656757803814,446.0
750,6,450.5,15.80348739698762,2.3620985986094216,2.6,1.4,476.5,240.5761851951728,447.5
751,6,451.0,13.388772885483126,5.1339712872023835,2.6,1.4,473.0,233.10713636175632,448.0
752,2,452.5,25.10879651028154,6.660065685306417,5.0,1.7,474.0,236.2033193749843,449.5
753,2,452.5,13.432493535759463,9.43729584236693,4.17,1.33,478.5,237.79436501524842,449.5
754,2,453.0,17.153338824879302,7.106294588458524,3.86,1.33,473.0,235.39494706816785,450.0
755,1,453.0,24.14666953620217,5.246302233294457,1.8,0.6,474.0,235.6583860734741,450.0
756,2,454.0,25.70907231805987,4.507958463197162,4.6,1.44,474.5,233.82545359620195,451.0
757,1,454.0,21.4852600283697,1.50995381287468,1.8,0.6,478.5,235.9587816257827,451.0
758,2,454.0,16.38898245406088,7.402290905887965,5.24,1.63,477.0,234.26325928809197,451.0
759,1,454.5,15.605897254497899,3.6008389912349736,1.8,0.6,471.5,230.56720129830288,451.5
760,1,455.0,28.32817711892176,3.381596736398122,1.8,0.6,470.0,215.06366538480052,452.0
761,6,455.5,22.26252567906118,2.6702625271681715,2.6,1.4,479.0,237.048301591724,452.5
762,1,455.5,14.503961925610849,5.4036940425796995,1.8,0.6,474.5,230.796122090155,452.5
763,1,455.5,12.50715240290422,6.6595941107578795,1.8,0.6,475.5,235.60569152651976,452.5
764,6,456.0,19.00094211011577,5.107998081758975,2.6,1.4,480.5,238.69481018077005,453.0
765,1,454.5,21.912253076303877,0.7175907198139178,1.8,0.6,480.5,234.19759459440826,451.5
766,2,455.5,14.47065506759953,9.854507046760737,4.6,1.52,479.0,239.109620270984,452.5
767,1,456.5,18.800135945265385,0.9621131837602995,1.8,0.6,476.5,227.92200062309735,453.5
768,1,457.0,8.844383857350138,2.949466684657546,1.8,0.6,477.0,217.82646130208587,454.0
769,1,457.5,11.235217830390772,5.752047785979321,1.8,0.6,479.5,230.5781276679107,454.5
770,1,458.0,22.575907883571205,7.341128176906807,1.8,0.6,472.5,232.53037977586646,455.0
771,2,458.5,20.07167289000925,8.149398395116513,4.28,1.56,480.0,234.95109008514478,455.5
772,1,459.5,26.612798630573113,3.649598096013679,1.8,0.6,478.0,227.9403458942496,456.5
773,2,460.0,23.677061714770744,6.4973988322194645,5.14,1.42,480.5,236.47710213270167,457.0
774,1,461.5,20.405795579991562,2.1928010446091646,1.8,0.6,481.0,232.51795902394795,458.5
775,6,461.5,16.869813098590168,5.027415535672418,2.6,1.4,482.5,236.48225189469298,458.5
776,5,462.5,18.78557800443778,8.50871090272986,6.02,1.67,483.0,240.49261615059282,459.5
777,1,463.0,21.017188271152634,1.2312910052727823,1.8,0.6,483.0,234.51180986406078,460.0
778,1,463.0,14.341065706509204,5.0145417561787875,1.8,0.6,481.0,232.61161862796965,460.0
779,1,463.5,23.37843555605275,6.076923290240791,1.8,0.6,479.0,231.12201101173486,460.5
780,2,464.5,27.92856776086405,6.6521557095213,4.5,1.71,484.0,237.89957726848772,461.5
781,1,465.0,13.694743686590149,5.4575302001987716,1.8,0.6,483.0,232.07682682187883,462.0
782,1,466.0,15.180698797909148,1.1696230284345777,1.8,0.6,491.0,234.3223477161606,463.0
783,2,466.0,18.366356603055664,5.88176741861708,5.21,1.91,487.5,237.37780903223245,463.0
784,2,467.0,12.661373211769416,6.183057617262301,5.01,1.57,485.0,233.9680210016026,464.0
785,2,467.0,24.84397149251194,9.310023829698906,3.81,1.33,485.0,236.33270067494368,464.0
786,1,467.5,11.681389092940751,2.0759780376697186,1.8,0.6,488.5,227.26295275288837,464.5
787,1,467.5,11.90355623878278,3.6371978559328118,1.8,0.6,486.5,228.98810741677858,464.5
788,2,469.5,24.055660099153528,4.1549876493058395,4.07,1.51,489.5,233.99336066859468,466.5
789,6,470.0,15.865047425463695,1.6034509356171236,2.6,1.4,500.0,237.58707954116258,467.0
790,6,470.0,13.834594449507533,9.109540326226247,2.6,1.4,489.5,235.97481461764204,467.0
791,6,472.0,17.723476425650816,5.422865425983514,2.6,1.4,494.0,233.96870880859774,469.0
792,1,472.5,9.389100698556291,2.95302069323418,1.8,0.6,493.5,228.0285865050721,469.5
793,1,473.5,29.684376511985015,7.16864829747358,1.8,0.6,487.0,227.8774574889377,470.5
794,1,476.5,12.970608284743049,2.4774955494536015,1.8,0.6,498.0,228.35829629986353,473.5
795,1,479.0,16.223534866939552,3.8670844337513977,1.8,0.6,499.5,230.5727514383426,476.0
796,6,484.0,14.195538001255965,4.602281430278858,2.6,1.4,503.0,228.93442158018672,481.0
797,1,484.5,27.884102102211816,7.840894866493124,1.8,0.6,496.0,223.16316848888013,481.5
798,1,486.5,21.7151009130706,6.866929466049492,1.8,0.6,500.5,226.68465947138327,483.5
799,5,487.0,22.024783936319928,5.617218681186175,7.02,1.67,503.0,228.89821315047655,484.0
800,1,487.0,22.213516378134514,9.943161959809487,1.8,0.6,499.0,223.36111843816997,484.0
801,1,487.5,22.93658377316093,8.26227597496986,1.8,0.6,501.0,224.24618335178005,484.5
802,6,489.0,17.34917363730891,6.659813993675584,2.6,1.4,507.0,232.26266138206452,486.0
803,1,489.5,18.405264791751375,2.7111846504952295,1.8,0.6,509.5,228.79786699277466,486.5
804,2,489.5,25.81953813058789,9.413020370667684,4.13,1.39,504.5,233.51913592091657,486.5
805,1,490.5,19.926114934502756,9.467582533487551,1.8,0.6,507.0,229.4336562775464,487.5
806,1,491.0,17.928632484426323,8.605627775929412,1.8,0.6,505.5,231.10315248779227,488.0
807,1,491.5,19.00129053882058,9.063155301496202,1.8,0.6,506.5,222.95894197526542,488.5
808,1,492.0,21.367584064003132,8.418346102253924,1.8,0.6,508.0,228.49236047324646,489.0
809,3,491.0,22.748501196559058,4.272440189117308,11.85,2.39,508.0,232.17401876289944,488.0
810,1,492.0,15.042489597312029,7.143812348201823,1.8,0.6,509.0,228.30150066220529,489.0
811,1,492.0,12.86003470478279,9.22831261409385,1.8,0.6,510.0,227.4513984219902,489.0
812,1,492.0,22.31105041412187,10.001370532719633,1.8,0.6,507.5,229.11797054674378,489.0
813,1,493.0,17.387755088767477,2.457186677723046,1.8,0.6,510.0,223.7998795729146,490.0
814,1,493.5,16.579816852221203,7.281485920123771,1.8,0.6,511.5,229.50077976324664,490.5
815,2,494.5,31.6926956445059,8.959341845269723,4.94,1.62,510.0,229.0265421357274,491.5
816,1,495.5,26.794602271166866,1.6882974098888093,1.8,0.6,514.0,228.02514128569197,492.5
817,1,495.5,20.60971408433989,4.4512107800533665,1.8,0.6,515.5,225.8462755108794,492.5
818,2,496.0,24.611548234621466,6.464120314430916,4.31,1.37,512.5,235.62935203051137,493.0
819,6,496.5,17.681844847635713,8.395135525840754,2.6,1.4,512.0,229.38882132192313,493.5
820,2,496.5,22.84672505839725,4.9179650352228546,4.48,1.54,513.5,228.55227524813074,493.5
821,6,498.0,24.91940098539127,4.2201154471098965,2.6,1.4,515.0,227.56798933734706,495.0
822,5,499.0,16.459875571166194,4.586557794166816,6.76,1.72,518.0,229.8964586891438,496.0
823,1,501.0,18.5270429199049,9.402441917342554,1.8,0.6,522.5,227.75728478344294,498.0
824,1,501.5,16.051346578618084,3.2375621082410855,1.8,0.6,520.0,229.24622535927637,498.5
825,6,504.5,17.019974432959007,2.197947997665102,2.6,1.4,524.0,225.96731416714988,501.5
826,1,504.5,19.816596823624533,4.481145387183213,1.8,0.6,520.0,226.16549164251774,501.5
827,2,504.5,21.808449593511263,9.339755249821875,3.38,1.52,522.0,230.0772199751359,501.5
828,1,505.5,30.985810053451456,5.703354057818109,1.8,0.6,520.5,225.10732708635513,502.5
829,1,506.0,25.35236788664567,4.552385973461967,1.8,0.6,521.0,223.79420169743267,503.0
830,1,506.5,25.854995971162545,8.8046557233007,1.8,0.6,524.5,230.36253014995407,503.5
831,1,506.5,22.537613012452134,1.7721077474927416,1.8,0.6,521.5,225.02776424339527,503.5
832,2,506.5,21.780976556308932,8.623621727478087,4.72,1.76,523.5,233.34198188170785,503.5
833,6,507.0,21.226220406211635,3.4662506126076416,2.6,1.4,530.5,234.98372236272547,504.0
834,1,507.0,23.551020671205226,5.835939153569406,1.8,0.6,521.5,222.10557800721628,504.0
835,3,511.5,16.246839679442896,3.2994221740177267,12.27,2.48,533.5,234.98398363600998,508.5
836,6,511.5,19.934151472187654,6.398596015880193,2.6,1.4,531.5,232.44939753023453,508.5
837,2,512.5,22.463569653529945,8.915300984026898,4.71,1.58,528.0,232.3315987041206,509.5
838,2,513.5,19.20155385039137,7.747486961175677,4.22,1.4,530.5,234.50511509539558,510.5
839,5,515.0,32.346297897306606,4.951084517505479,5.98,1.73,531.0,230.25839566773737,512.0
840,6,516.5,26.593135553569343,2.5161014841881886,2.6,1.4,534.5,228.9590739901294,513.5
841,2,517.0,18.633495802668268,8.325199487023745,4.2,1.46,534.5,226.4752651458271,514.0
842,1,518.0,21.835120854615816,1.0522131843587774,1.8,0.6,533.0,226.47034576843012,515.0
843,6,518.0,19.269153366404762,2.466417040063267,2.6,1.4,547.0,234.36065177473924,515.0
844,1,518.0,21.914454137778275,4.018497447814792,1.8,0.6,536.0,227.62821622020465,515.0
845,6,519.0,27.82276911549739,4.446141834174388,2.6,1.4,539.5,231.2998023126721,516.0
846,2,518.5,18.947987746254558,8.776648517539936,4.34,1.44,537.5,233.82396107419666,515.5
847,1,519.5,13.812979291086812,4.983418805439579,1.8,0.6,535.5,224.89444812135574,516.5
848,2,519.5,21.5443490788154,7.212356222816692,4.75,1.79,538.5,232.45800247098362,516.5
849,1,520.0,27.466688162540542,3.2501236079629394,1.8,0.6,536.0,218.74366701864804,517.0
850,1,520.5,11.323742114249391,9.896253509835185,1.8,0.6,539.5,225.227377291499,517.5
851,1,520.5,17.06650133449099,10.331721042415165,1.8,0.6,537.5,224.3088238316246,517.5
852,2,521.0,21.041798890947216,3.2976674815554037,4.62,1.58,543.0,234.17110942781204,518.0
853,2,521.5,24.21558764091245,7.132130488284412,4.7,1.2,539.5,230.28419033096426,518.5
854,2,522.5,25.19528730264249,6.454691570568615,3.93,1.5,541.0,234.08011432614825,519.5
855,1,522.5,20.156307249462834,5.2222867008666105,1.8,0.6,540.0,222.407828440775,519.5
856,1,523.0,19.546481032729904,1.3189356341034308,1.8,0.6,548.0,227.60366721638925,520.0
857,1,523.0,28.60559890808742,1.0443289229253634,1.8,0.6,545.0,226.28859509824744,520.0
858,6,524.0,16.559061621301296,5.083519265906732,2.6,1.4,544.5,231.46153207124885,521.0
859,1,524.0,13.974454596716935,2.63893502699984,1.8,0.6,542.5,224.0757672787414,521.0
860,2,524.0,27.18044394047251,7.2219052124257805,4.84,1.6,545.0,232.8872553355528,521.0
861,1,524.5,22.5149521435005,5.981252426380099,1.8,0.6,541.5,219.6668872606878,521.5
862,1,525.5,16.53648336024335,0.7096510328761348,1.8,0.6,556.0,228.93015659511488,522.5
863,6,525.0,17.295019780433513,2.21709616715539,2.6,1.4,546.5,229.47021676003132,522.0
864,1,525.5,22.140298545348905,5.852047950394305,1.8,0.6,542.5,220.98099098667194,522.5
865,2,525.5,17.699671589079824,7.475111466586696,4.31,1.32,547.0,234.69054386177297,522.5
866,1,526.0,14.492710333087855,9.114952342700388,1.8,0.6,547.0,227.32835977385844,523.0
867,2,526.5,24.40867520094338,5.862251526941308,4.37,1.52,545.5,231.57036330006724,523.5
868,6,526.5,20.810441985579445,3.2875363423095316,2.6,1.4,547.0,229.70932229030277,523.5
869,1,527.0,10.49839223889041,1.8196622722488758,1.8,0.6,547.0,224.65798793525107,524.0
870,2,528.0,25.337539864249628,9.335986115660544,4.62,1.41,548.5,233.39708864157203,525.0
871,1,528.5,11.10524430163488,3.621853569225665,1.8,0.6,549.0,225.4456755680649,525.5
872,6,528.5,17.920362866351507,6.071847963281903,2.6,1.4,548.5,230.23004966339516,525.5
873,1,528.5,14.60174663643665,8.512214248607775,1.8,0.6,545.0,223.05070146536016,525.5
874,1,529.5,11.522994753372869,4.443907281063353,1.8,0.6,547.5,228.63724901006594,526.5
875,1,529.5,19.748181953549377,2.129789900874462,1.8,0.6,548.5,227.98333045183531,526.5
876,6,530.5,26.0239102533049,5.08385916028032,2.6,1.4,551.5,229.95518293895665,527.5
877,1,529.5,11.165466349062768,9.688138310746808,1.8,0.6,546.0,225.20081465955937,526.5
878,6,530.0,13.796632014698575,1.5994685345003408,2.6,1.4,560.0,233.40745882829444,527.0
879,1,531.5,44.45659699753284,4.372412283190657,1.8,0.6,545.0,199.63948603109424,528.5
880,6,530.5,21.72442976678155,5.375546671221769,2.6,1.4,545.5,169.57361690635324,527.5
881,2,531.5,37.5582459140238,8.810881974713356,4.62,1.23,549.5,231.46642330740417,528.5
882,1,530.5,30.353670218193535,7.768382627180162,1.8,0.6,542.5,188.07521040376284,527.5
883,2,531.5,28.861399974336646,6.357101015012874,4.47,1.41,550.0,235.04528398343047,528.5
884,6,532.0,19.482399910906118,4.13589205720592,2.6,1.4,552.0,231.68649187576273,529.0
885,1,532.5,12.858749706433306,2.7962484882916696,1.8,0.6,550.5,225.82231678575093,529.5
886,1,533.0,15.651814853908538,3.9247834792885197,1.8,0.6,552.0,225.46965997230032,530.0
887,3,533.5,20.19454437756937,7.711239203697714,12.65,2.42,554.5,235.58463487703509,530.5
888,1,533.5,27.846443722500858,0.5524381711499676,1.8,0.6,560.5,229.16251531773182,530.5
889,1,534.0,13.502163967443536,3.110601824969277,1.8,0.6,555.0,224.9569639765881,531.0
890,1,535.0,21.39562943992182,4.349602284654676,1.8,0.6,551.0,220.53682352277397,532.0
891,2,535.0,16.507809140353128,5.040405315573919,4.29,1.6,557.0,233.00885808379533,532.0
892,2,536.0,16.381622037084014,3.1067019704195595,3.54,1.54,558.0,229.1918337117522,533.0
893,2,536.0,13.832079803492658,6.78567746979079,5.0,1.7,557.0,232.9462152814149,533.0
894,2,537.5,14.692680099624397,5.676395060366101,5.49,1.46,560.0,232.1084184265489,534.5
895,1,538.5,22.35656802444798,4.023297855953193,1.8,0.6,558.0,229.034043318106,535.5
896,1,539.5,29.509958292579626,3.4558826534117637,1.8,0.6,558.5,223.74675105491667,536.5
897,1,538.5,23.13703697879353,8.462361297980141,1.8,0.6,553.0,223.80027945334953,535.5
898,1,539.5,23.92173266689668,2.4706615352992056,1.8,0.6,557.5,222.65872747618508,536.5
899,2,539.5,21.87432180422391,4.642744217069925,4.65,1.63,558.5,235.4920359518195,536.5
900,2,540.0,25.595325291792744,8.088863604626386,4.78,1.59,556.0,236.089607817153,537.0
901,1,541.0,23.956973495496737,7.774663202098105,1.8,0.6,556.0,227.9186563485489,538.0
902,1,541.5,17.26785752578133,1.7287224247138435,1.8,0.6,560.0,223.68312562856312,538.5
903,6,541.5,14.962748424804326,3.4518202877941047,2.6,1.4,564.0,229.36246450136943,538.5
904,1,543.0,20.53897455261413,2.574883534811996,1.8,0.6,562.0,229.34244634923053,540.0
905,1,543.0,22.791863716023798,4.93296884390683,1.8,0.6,561.5,229.21682942257743,540.0
906,1,543.5,26.460445808212672,6.743909014566686,1.8,0.6,562.5,227.83924582251254,540.5
907,1,543.0,23.00955431920508,6.6105198758747745,1.8,0.6,562.0,222.91041830743936,540.0
908,1,543.5,12.43862303810255,4.861196523224226,1.8,0.6,562.0,223.4304296486043,540.5
909,6,543.5,5.1928820890806895,9.14786000338946,2.6,1.4,567.5,232.39154831006448,540.5
910,1,544.0,18.604491860249027,7.385107273343466,1.8,0.6,559.5,225.9683968512318,541.0
911,6,545.0,13.072855720178701,1.711403909941815,2.6,1.4,572.0,233.99788025793694,542.0
912,6,546.0,10.323103064190212,8.934492901424214,2.6,1.4,570.0,236.090946176077,543.0
913,1,546.5,20.7803326912478,4.249313054706937,1.8,0.6,564.0,220.09977996692345,543.5
914,2,547.0,24.087972986986667,6.554515869047753,4.92,1.47,562.5,231.43607817343064,544.0
915,1,548.0,16.66205680563303,3.127054924071507,1.8,0.6,567.0,221.94914130905806,545.0
916,1,548.0,21.338470768671048,3.826836444679099,1.8,0.6,563.5,219.6584180059701,545.0
917,1,549.0,17.938271304050936,6.183748699723693,1.8,0.6,564.5,223.31144308589316,546.0
918,2,549.5,21.21436610380382,4.833660313172098,4.07,1.35,568.5,231.6303166876299,546.5
919,1,550.5,24.06067058434522,7.136324052552748,1.8,0.6,563.5,224.28275759395171,547.5
920,1,552.0,22.091763892303288,2.363817404073323,1.8,0.6,571.5,222.63594293993222,549.0
921,6,552.5,26.925515699015588,4.775458862987065,2.6,1.4,570.0,229.18716320510555,549.5
922,1,553.0,29.18981193310117,8.863635338021655,1.8,0.6,564.0,223.378673162004,550.0
923,1,554.0,38.77937721248598,6.5590041667331604,1.8,0.6,568.0,226.68262650286002,551.0
924,1,553.5,31.872001744087544,6.69247869396697,1.8,0.6,566.0,203.85973586605374,550.5
925,1,553.5,22.199135232791367,1.2316492469727416,1.8,0.6,571.0,220.98418511024067,550.5
926,2,553.5,25.440583231452496,6.235546201490976,4.62,1.55,571.5,231.1870587134272,550.5
927,2,554.0,35.13136183983642,8.900243509363804,6.15,1.5,568.0,227.6680206445194,551.0
928,1,554.5,16.038262879940365,4.955816531309475,1.8,0.6,575.5,224.73616266080842,551.5
929,1,554.5,13.053830809175425,2.5928273879952255,1.8,0.6,573.0,214.8609709601084,551.5
930,1,555.0,19.19276932584971,3.8788842613193597,1.8,0.6,572.5,221.26347897883574,552.0
931,1,554.5,17.539108357366423,9.11185525493498,1.8,0.6,568.0,223.84860100271763,551.5
932,1,555.5,21.48162627854516,9.138263837972982,1.8,0.6,568.5,222.35642667314113,552.5
933,2,556.0,27.124331516822036,7.0679258901456405,4.2,1.7,569.5,209.03666651962646,553.0
934,1,555.0,19.136105350983232,2.5922567186762215,1.8,0.6,574.0,224.55594101946934,552.0
935,1,556.5,23.359030450215446,2.192682548297526,1.8,0.6,575.5,227.28416976584452,553.5
936,2,557.0,39.300648082312186,7.073001471469878,3.97,1.45,572.0,235.6365605141577,554.0
937,1,557.0,14.098272722502273,3.56183608263317,1.8,0.6,576.5,223.56219444087705,554.0
938,1,557.5,17.769549852266803,4.587951564627256,1.8,0.6,572.0,223.6290024990669,554.5
939,2,557.5,25.644257882470637,6.313703042357874,4.88,1.97,574.0,234.87024264364152,554.5
940,1,558.0,27.58758418145127,8.439788519147411,1.8,0.6,574.5,228.44123831473146,555.0
941,2,559.0,19.789504839286018,5.558550490664183,4.7,1.52,573.5,234.94982302259604,556.0
942,6,558.5,21.12199222186225,8.746658835184993,2.6,1.4,576.0,239.28651073396713,555.5
943,1,559.5,25.121149538393677,1.479201702702288,1.8,0.6,581.5,225.1933039681807,556.5
944,1,560.0,19.69117330243762,2.033375277735138,1.8,0.6,579.0,222.49439907018382,557.0
945,1,560.0,16.117517339776462,4.231740059489139,1.8,0.6,577.0,225.28814388498878,557.0
946,2,560.0,26.936112293110064,8.036803876317071,4.2,1.67,576.0,229.18074093836466,557.0
947,2,560.5,27.698405331317172,6.045665770744405,5.18,1.63,574.5,231.6943278477832,557.5
948,1,560.5,15.65751263792531,5.582794209028303,1.8,0.6,575.5,225.07518136166846,557.5
949,1,561.0,21.964533919554288,4.226579797043841,1.8,0.6,578.0,226.206832372437,558.0
950,1,561.0,19.945642486357276,0.994306618164967,1.8,0.6,587.0,228.54395173856665,558.0
951,1,561.0,16.17928012606728,2.514577108079159,1.8,0.6,578.5,224.47977277526985,558.0
952,1,562.5,12.391526156439701,1.6779302859056042,1.8,0.6,589.0,226.61983320809608,559.5
953,1,562.5,22.639221764889438,3.5428182042829173,1.8,0.6,574.0,172.68513872857727,559.5
954,2,563.0,24.308362635475017,6.402744680860333,4.2,1.49,579.5,230.94252450046565,560.0
955,1,563.0,7.951580848603771,1.5847511811674457,1.8,0.6,588.5,222.901872640674,560.0
956,1,564.0,20.57685546292558,4.126539176998188,1.8,0.6,582.0,222.73997995988685,561.0
957,1,563.5,7.475711281096211,5.616693269203719,1.8,0.6,580.0,223.15478397236515,560.5
958,1,564.0,30.33091689258919,5.071829435491673,1.8,0.6,579.5,226.44975223423478,561.0
959,4,564.0,11.885754960800787,9.492798854425933,7.73,2.53,585.0,233.2604220316845,561.0
960,1,565.0,10.016730311392163,1.397830845140269,1.8,0.6,592.5,230.27761330937798,562.0
961,3,566.0,21.297151715515458,5.4928292306822035,11.95,2.57,584.0,231.6219104252953,563.0
962,1,566.5,12.100912636629474,1.79920480140628,1.8,0.6,584.0,222.0153796086546,563.5
963,3,567.5,19.775788512822153,8.69083101357844,11.08,2.47,587.5,234.68903375475628,564.5
964,2,568.0,22.98936542803946,3.7527170479703322,4.2,1.7,585.5,226.9421463336702,565.0
965,3,570.0,21.497655025366008,4.324348014688391,11.8,2.49,591.0,236.44622845625275,567.0
966,1,571.0,21.643811556616907,1.2695487860018193,1.8,0.6,587.5,219.1631605417461,568.0
967,6,571.0,11.82002384904455,2.8128194100767843,2.6,1.4,595.5,237.03137410327005,568.0
968,2,571.5,18.149740865101712,7.3093866809719845,5.35,1.7,591.5,230.7906932859918,568.5
969,2,572.0,24.037432673615886,9.896821846261524,5.35,1.7,588.0,224.49821048048358,569.0
970,1,570.0,24.206621475494188,10.78825693258781,1.8,0.6,587.0,226.84969679972298,567.0
971,1,572.0,14.759457520427976,9.710740856697571,1.8,0.6,591.5,224.42713318731356,569.0
972,6,573.5,11.812569811750105,1.3414075934864407,2.6,1.4,603.5,234.55956395669156,570.5
973,2,573.5,27.571399500352694,7.528604648768156,4.75,1.4,590.0,235.17471055738392,570.5
974,6,573.5,8.938841345146754,1.1860853159909002,2.6,1.4,604.0,238.00448846459952,570.5
975,2,574.5,17.05594169526056,3.4768744378975227,4.46,1.47,596.5,235.33463232338698,571.5
976,2,574.5,11.306386173061279,6.281791543846396,5.2,1.74,593.0,232.70649735593955,571.5
977,1,575.0,7.611994484912113,6.246309421288899,1.8,0.6,594.0,221.39088761254934,572.0
978,2,575.0,21.701303113465702,9.059395648068078,5.06,1.6,593.0,234.26996955282965,572.0
979,1,576.5,19.752301970742508,7.340117793807489,1.8,0.6,593.5,224.33729320067425,573.5
980,1,576.5,25.432360307230343,5.6453679799446475,1.8,0.6,594.5,226.5499247943094,573.5
981,1,577.0,16.79388247516035,1.9094683843464673,1.8,0.6,597.5,227.8452948602598,574.0
982,2,577.0,18.109718007827187,4.1339391320054135,4.2,1.35,596.0,232.83251495962654,574.0
983,5,577.0,15.923539006852694,9.171585792983212,9.42,1.8,597.5,235.35735740136576,574.0
984,1,577.5,13.300644626837736,2.522447697699013,1.8,0.6,597.0,225.46297104308192,574.5
985,1,577.5,17.878308096412667,6.859478482436205,1.8,0.6,593.5,228.8142347462611,574.5
986,2,577.5,12.8094532717553,7.127484537642214,4.95,1.43,597.5,236.02291782905834,574.5
987,1,578.5,11.582637529333086,4.0033408052957045,1.8,0.6,594.0,190.51050773614907,575.5
988,1,578.5,15.854851694285514,3.567675269419462,1.8,0.6,594.0,220.93821095773504,575.5
989,6,579.5,17.323931670843457,4.929848627708095,2.6,1.4,599.0,231.83898798980923,576.5
990,1,579.5,8.441070963569038,0.6522768747874161,1.8,0.6,601.0,223.08906733048647,576.5
991,2,580.5,20.371609548489594,7.338441899083408,4.74,1.58,598.5,233.9925865442766,577.5
992,2,580.5,18.737766514585758,9.472628286384415,4.74,1.58,599.0,230.37540898600827,577.5
993,1,581.5,25.335955508272697,6.160709240519534,1.8,0.6,599.0,227.31600635032953,578.5
994,1,582.0,11.72757174317056,2.6074599744412885,1.8,0.6,607.0,229.89527258939268,579.0
995,1,584.0,15.606383142462972,2.336102711796159,1.8,0.6,610.0,233.13715074639313,581.0
996,6,584.0,24.215639397669943,5.121121586751773,2.6,1.4,600.0,225.67319925280074,581.0
997,2,584.5,17.512154467252895,4.79993471836683,3.9,1.19,603.0,233.05468594415524,581.5
998,1,584.5,10.795371475508196,3.25805614031187,1.8,0.6,602.5,219.69802173341031,581.5
999,1,585.0,11.04916008293441,3.1764586146822733,1.8,0.6,604.0,231.0838594490281,582.0
1000,6,585.0,11.347211039444819,9.416643840902392,2.6,1.4,612.5,237.07937074059132,582.0
1001,1,585.5,15.291911459526764,2.4965857730157466,1.8,0.6,603.0,229.39723816490545,582.5
1002,2,586.0,22.71338793637954,6.827282560008485,5.48,1.6,602.5,235.5947475930673,583.0
1003,2,586.5,21.420089244318174,5.435652641268919,4.88,1.52,603.5,235.15642306099596,583.5
1004,1,588.0,21.010627837205643,5.916087766867185,1.8,0.6,605.5,226.1342301827616,585.0
1005,1,590.0,14.637818891422675,2.969947756742538,1.8,0.6,609.0,222.87262231946357,587.0
1006,1,590.5,19.859646328547495,5.03599581089524,1.8,0.6,604.0,225.87197550087205,587.5
1007,1,591.0,31.092227805888037,5.009559551348474,1.8,0.6,603.0,212.3321733867346,588.0
1008,1,591.0,13.278813169068489,4.538133682805316,1.8,0.6,609.0,223.74887900724625,588.0
1009,1,591.0,15.156474735280932,6.8531210907937865,1.8,0.6,606.5,223.56084998525318,588.0
1010,1,592.0,25.964088180259644,5.377496415283037,1.8,0.6,608.0,227.53143517704737,589.0
1011,1,592.5,19.998030182396718,6.554360505775437,1.8,0.6,608.5,226.08001093722336,589.5
1012,1,592.5,23.7120850837448,9.31923312469058,1.8,0.6,605.0,225.7493383126705,589.5
1013,6,593.0,20.700436624991507,5.978991609692538,2.6,1.4,613.0,236.13686519661863,590.0
1014,1,593.5,21.65644857000594,8.320926913140742,1.8,0.6,606.5,223.54926653561623,590.5
1015,6,593.5,17.47587517731193,2.7405867082575175,2.6,1.4,612.0,230.4981018941666,590.5
1016,1,594.0,11.819536689503511,9.386780261944788,1.8,0.6,607.0,222.52333049373644,591.0
1017,1,594.5,26.298405933572617,8.861921565954004,1.8,0.6,608.5,225.04856437842565,591.5
1018,2,594.5,14.176411987267533,6.4185291159782825,4.23,1.67,613.5,237.74801417363764,591.5
1019,2,596.0,16.82001825861403,3.6959357421144037,3.93,1.38,617.0,232.4014432160868,593.0
1020,1,596.0,9.802540626311663,7.077711820111788,1.8,0.6,614.5,230.21580967169407,593.0
1021,2,597.0,17.66532622000297,6.546671369562327,5.0,1.86,614.5,235.7983628646059,594.0
1022,6,598.5,20.308298667391725,2.4505890525201988,2.6,1.4,619.5,230.90398260632986,595.5
1023,2,598.5,21.44544586049918,7.273479497659094,5.06,1.81,617.0,231.76383966986555,595.5
1024,2,600.0,15.032675480496147,3.006994694664903,5.08,1.5,619.5,234.63064113376214,597.0
1025,2,600.0,15.155008504730102,9.24930619542749,5.12,1.56,616.0,234.8756046999629,597.0
1026,1,601.0,14.304544801915693,1.1552342581132922,1.8,0.6,625.0,232.09613640707803,598.0
1027,2,601.0,17.870702038597827,7.925746836976317,4.94,1.52,618.5,234.53477049973534,598.0
1028,1,601.5,18.489463216141445,4.982432089685193,1.8,0.6,617.5,226.5886109028182,598.5
1029,1,602.0,17.601371610214915,5.037256886003296,1.8,0.6,619.5,225.76846541270467,599.0
1030,6,601.5,11.047414083244943,6.462772823885088,2.6,1.4,626.5,235.7636071284518,598.5
1031,2,602.5,13.853492598549918,8.587536775862281,4.27,1.37,621.5,234.16055024639812,599.5
1032,2,603.5,19.433862965404334,4.7516178772323165,4.45,1.63,623.5,228.97327163590097,600.5
1033,1,604.0,30.69977393104242,8.864178682652396,1.8,0.6,619.5,228.89674502075053,601.0
1034,2,604.0,22.538819912468444,8.865564923658297,4.45,1.47,620.5,230.82211153340958,601.0
1035,2,605.0,18.325025869841724,6.217251196600806,4.89,1.58,625.0,228.43858066870564,602.0
1036,1,605.5,16.953465714550443,9.200863354091426,1.8,0.6,622.5,224.7975426933756,602.5
1037,2,606.0,15.950947422605882,8.912620666563432,5.11,1.4,623.0,233.34432831172822,603.0
1038,2,606.5,27.051974710034187,3.030686566773322,4.15,1.45,624.0,231.2511178541664,603.5
1039,6,608.0,19.0116217512355,2.0852738251197502,2.6,1.4,634.0,233.3462678462786,605.0
1040,6,609.0,16.819879871402303,3.5971030133264015,2.6,1.4,633.5,237.02992087100998,606.0
1041,1,608.5,14.10263340681433,4.825936235924982,1.8,0.6,628.0,222.5457378794156,605.5
1042,2,608.5,22.402391203150195,6.415386256858943,5.41,1.69,628.0,231.25815062080525,605.5
1043,6,610.0,20.376829348608673,3.4364017657258055,2.6,1.4,633.0,232.79254492166214,607.0
1044,1,610.0,28.759909754370746,9.041061038957954,1.8,0.6,625.0,222.7929727029871,607.0
1045,2,610.5,24.213812909960776,7.734728256628391,3.92,1.34,627.0,231.81752688856184,607.5
1046,2,611.0,22.294085705828,5.822774343105204,5.36,1.5,631.0,232.45697178565382,608.0
1047,1,612.0,20.059219024339807,2.146063690442638,1.8,0.6,634.0,227.10332287740425,609.0
1048,1,613.0,17.742628855679822,1.6338715677365787,1.8,0.6,636.0,224.46999522271426,610.0
1049,6,613.0,8.500012998403548,5.1898767562029,2.6,1.4,640.0,233.7008809530195,610.0
1050,6,616.0,19.891710567991446,5.524214444865005,2.6,1.4,636.0,232.18939186900627,613.0
1051,1,616.5,20.43399732120627,2.4989192290169813,1.8,0.6,632.0,225.3707557742275,613.5
1052,1,619.0,18.99570456860982,4.888158294569786,1.8,0.6,632.5,223.51648001589422,616.0
1053,1,619.5,20.292294760660536,6.746920788825417,1.8,0.6,634.5,222.1463081924761,616.5
1054,2,620.5,24.847049814663336,5.248532920774127,6.09,1.64,636.5,232.48347268018384,617.5
1055,2,621.5,23.020191101066338,7.541466048738516,4.2,1.61,638.5,235.19053538723898,618.5
1056,1,622.5,26.292508676410165,1.8698440871378568,1.8,0.6,641.5,226.7015673780645,619.5
1057,1,622.5,27.34855856298786,3.5262390336894485,1.8,0.6,639.0,224.22446073706013,619.5
1058,1,623.0,23.785307329123928,6.270661623413663,1.8,0.6,637.5,227.35281545857805,620.0
1059,2,623.5,24.10672896733229,4.05360317940234,4.57,1.51,640.0,225.58438091016987,620.5
1060,1,624.5,22.29949783328351,2.136710019737571,1.8,0.6,642.5,224.61401185846398,621.5
1061,1,632.5,35.02072105666341,5.597284158531505,1.8,0.6,644.0,223.76740037878608,629.5
1062,6,632.5,16.779099326966346,2.47586865944526,2.6,1.4,656.0,233.316692929553,629.5
1063,1,633.0,28.6388707392063,5.06284392716789,1.8,0.6,644.5,220.25399991262958,630.0
1064,1,635.5,29.868811181282013,4.412537700157285,1.8,0.6,649.0,221.81069741227878,632.5
1065,1,636.0,25.156557211632244,3.9553112186306563,1.8,0.6,650.5,222.36007357257412,633.0
1066,1,636.5,17.557590218841128,3.1989717073316615,1.8,0.6,653.0,226.0407285003944,633.5
1067,1,637.5,19.522127342418056,3.78427787441269,1.8,0.6,654.0,225.09894885653296,634.5
1068,1,637.5,25.48447353562472,6.040058525668717,1.8,0.6,652.5,226.27236947627296,634.5
1069,2,638.0,20.85124075213697,6.940575071017533,5.1,1.74,651.5,230.12300485126852,635.0
1070,1,638.0,25.027186783390405,8.262185185801838,1.8,0.6,648.0,215.38524840165164,635.0
1071,2,639.0,24.350339589700273,5.202148123017809,3.77,1.35,654.5,233.01110168051164,636.0
1072,1,639.0,17.62733724582858,9.728931185391968,1.8,0.6,656.0,225.69226247169706,636.0
1073,2,639.5,21.24719934836207,8.085197978712761,3.69,1.7,653.0,230.99480768538334,636.5
1074,1,640.5,25.72170282696215,3.352667312145473,1.8,0.6,652.0,221.33018419669241,637.5
1075,1,641.5,12.595238401548052,5.544158707077332,1.8,0.6,660.5,222.29454250708002,638.5
1076,2,642.5,22.058140296594203,9.050368847605013,4.72,1.43,658.0,233.59115866986406,639.5
1077,1,643.0,21.5415105871269,4.9284836270126275,1.8,0.6,656.0,220.98589576002325,640.0
1078,6,643.5,19.046228016750362,5.272775256045305,2.6,1.4,661.5,231.36767268080632,640.5
1079,6,644.0,15.605670206425913,3.103482040994227,2.6,1.4,667.0,235.565530199196,641.0
1080,6,645.5,14.159563647676254,3.9800950327028897,2.6,1.4,663.5,226.51577875138628,642.5
1081,1,646.0,15.413797639506504,5.462160906330702,1.8,0.6,662.0,227.16870728876853,643.0
1082,1,646.5,33.328869853333174,6.3173442758074705,1.8,0.6,657.0,222.508707662758,643.5
1083,6,646.5,27.859693387897437,7.512041710114693,2.6,1.4,660.0,230.65888135729043,643.5
1084,1,647.0,15.41129625234528,2.5843310038280363,1.8,0.6,666.0,225.24698664949284,644.0
1085,6,648.0,22.43965946607219,4.126030607916064,2.6,1.4,666.0,232.91475193863016,645.0
1086,6,648.0,26.092494695852466,6.211670901217342,2.6,1.4,661.5,223.41577291029185,645.0
1087,2,648.5,21.4447391993081,8.829175079532952,4.39,1.5,663.5,228.07329749554984,645.5
1088,1,650.0,29.61547361545571,8.476283583094371,1.8,0.6,664.0,226.81041744974704,647.0
1089,3,650.5,24.82408810977826,4.496832753466633,12.7,2.48,670.0,232.9995084857712,647.5
1090,1,650.5,20.217831591553644,8.671637132875324,1.8,0.6,664.5,228.4888720321895,647.5
1091,2,652.0,29.629501892868607,7.683567955286873,4.51,1.56,666.0,233.41857945746602,649.0
1092,1,652.0,16.50405931093977,0.5976555745405103,1.8,0.6,673.5,225.0003237300596,649.0
1093,1,652.5,14.653400596366287,2.678486030053367,1.8,0.6,671.0,225.66865708543838,649.5
1094,1,653.5,33.1849049496891,8.39848901145114,1.8,0.6,666.5,222.78720953589317,650.5
1095,1,653.0,12.591945511172684,1.7234135145704426,1.8,0.6,674.5,224.83500045565677,650.0
1096,2,652.5,21.57767411914342,9.00778975319408,4.97,1.63,667.0,231.18051830652013,649.5
1097,1,652.5,37.89725110967864,6.038470511136026,1.8,0.6,664.0,219.5949531946525,649.5
1098,1,653.5,34.25296519613709,6.787896509027003,1.8,0.6,667.0,225.6904263887688,650.5
1099,2,654.5,28.37718982141631,9.536077849054609,4.62,1.6,668.0,233.96463008629823,651.5
1100,2,655.0,22.078880944177254,7.314959074484346,4.21,1.44,670.0,233.1641556967611,652.0
1101,2,654.0,29.7134049752885,5.82807594580334,5.15,1.63,672.5,235.31510437241982,651.0
1102,6,657.0,12.893522789547328,2.9527378886482905,2.6,1.4,685.0,234.08030352832756,654.0
1103,1,657.0,17.992333822379493,8.400267790578399,1.8,0.6,671.0,220.2496044176844,654.0
1104,6,657.5,23.291892895102347,6.60291237252478,2.6,1.4,677.5,230.83128363762185,654.5
1105,1,658.0,18.919960495353767,8.444438037491397,1.8,0.6,673.0,227.60442110784103,655.0
1106,1,658.0,11.591300030561502,1.2963714113753464,1.8,0.6,689.0,230.9731057590503,655.0
1107,1,658.5,20.2844118156399,1.0304918103262057,1.8,0.6,672.5,225.7560147090372,655.5
1108,1,658.5,19.15030865974709,9.188575367178219,1.8,0.6,675.5,228.29772187756927,655.5
1109,1,658.5,14.203450924051994,6.180166315297759,1.8,0.6,675.5,228.65710541858064,655.5
1110,1,659.5,20.911580458933994,6.935179049952299,1.8,0.6,676.0,224.93953753092381,656.5
1111,6,659.0,10.835433970036735,3.571707558596644,2.6,1.4,687.0,235.93531627730334,656.0
1112,1,660.0,8.596685522519861,3.1136182389950404,1.8,0.6,677.5,224.6899043165752,657.0
1113,3,660.0,16.683537318367865,7.217466706868898,11.49,2.25,680.0,231.13389402472964,657.0
1114,1,660.0,19.71919405936392,10.221885494213202,1.8,0.6,676.5,225.4574660581859,657.0
1115,2,661.5,21.153105075789224,2.21728654605957,3.98,1.41,682.5,226.20150925833198,658.5
1116,2,661.5,18.829995079551825,5.393135299213363,4.88,1.9,678.5,225.91424627129066,658.5
1117,1,661.5,23.510254507426144,10.509494559493364,1.8,0.6,672.0,213.34966968453426,658.5
1118,2,663.0,25.263594014427202,9.978422137118052,5.37,1.65,682.0,233.9122260911094,660.0
1119,6,663.0,8.775734827367225,3.9728614177828763,2.6,1.4,685.0,232.46937990734847,660.0
1120,1,663.0,18.415700336753947,4.108620890240057,1.8,0.6,680.0,217.50707819053528,660.0
1121,1,664.5,23.467454269582802,5.095209376971112,1.8,0.6,684.0,218.89603404737443,661.5
1122,2,665.5,32.17116640248119,4.541140287029773,4.47,1.76,685.0,229.6635431254136,662.5
1123,2,664.5,19.141360460385844,6.3903629391953,4.28,1.84,683.5,229.03747587894927,661.5
1124,2,664.5,15.301742956597225,8.99829286471154,4.92,1.8,683.0,234.13051200301848,661.5
1125,2,665.5,14.505620915535152,9.508825801740574,3.32,1.43,686.0,230.35416489115008,662.5
1126,1,665.0,20.797893194060983,0.7125141081019805,1.8,0.6,684.5,220.87837669508335,662.0
1127,6,667.0,8.068740193357227,4.237671871608542,2.6,1.4,687.5,229.45864595193518,664.0
1128,1,667.5,20.76759890180376,0.8206259422153953,1.8,0.6,689.0,228.5454016880874,664.5
1129,6,667.0,9.174370639296571,7.8092598129000175,2.6,1.4,687.0,231.69971617682305,664.0
1130,2,668.0,20.843179205366468,5.955430766253929,3.7,1.61,688.5,231.79285365356296,665.0
1131,1,668.5,19.016653082526165,2.989324140261429,1.8,0.6,683.5,223.4262964603452,665.5
1132,1,670.0,18.689229523696174,4.860558246274716,1.8,0.6,688.0,228.2232453497732,667.0
1133,2,669.5,19.952911818467616,6.985267415811094,4.2,1.49,690.5,233.45252105816633,666.5
1134,1,670.5,17.048237387990884,4.4949515598602545,1.8,0.6,686.5,214.09073080070732,667.5
1135,1,670.5,29.22213374006056,9.40524837386666,1.8,0.6,684.5,225.82302053634626,667.5
1136,1,670.5,30.73176586795932,1.9992933816171043,1.8,0.6,685.0,225.7596932435908,667.5
1137,1,671.0,27.021497685887493,8.146685684316708,1.8,0.6,687.5,225.81379980073004,668.0
1138,2,671.0,18.057778516042763,3.527756027019068,4.27,1.59,690.5,230.84489126253467,668.0
1139,1,672.5,25.723326206815457,5.0554704733218685,1.8,0.6,689.5,233.65978084805,669.5
1140,1,672.5,25.06895254913917,9.044266729041226,1.8,0.6,686.5,225.6507419119881,669.5
1141,1,673.0,26.25652071262951,2.20761029742483,1.8,0.6,687.0,226.7968993983831,670.0
1142,6,673.0,19.020634923582364,2.2049758727605853,2.6,1.4,692.5,228.56607915810153,670.0
1143,1,673.0,12.601939357594796,4.694927437410733,1.8,0.6,690.5,227.9846322391105,670.0
1144,1,673.5,19.368571042614615,5.266410159594449,1.8,0.6,690.5,221.9430189614475,670.5
1145,1,673.5,21.159507103131215,6.63169213957204,1.8,0.6,690.0,230.9138097824961,670.5
1146,1,674.0,11.389443055421724,8.555569944972799,1.8,0.6,691.0,222.25247706976296,671.0
1147,6,675.5,18.809239789269547,1.5612110639390597,2.6,1.4,699.0,235.98740654495924,672.5
1148,1,675.5,23.42549151880338,3.0735559309227485,1.8,0.6,695.5,225.78417772344437,672.5
1149,2,675.5,24.327042781980598,8.88413004877206,4.01,1.4,693.0,234.87887500592464,672.5
1150,1,676.0,20.2300750366786,6.630198112616335,1.8,0.6,692.0,223.47923704815,673.0
1151,2,676.5,23.58264441694235,5.570994321846007,5.52,1.8,693.5,229.11215517975413,673.5
1152,1,678.0,27.66200835753512,4.032983922283999,1.8,0.6,697.0,227.7003716569324,675.0
1153,1,678.0,23.82904933119232,2.721785257246056,1.8,0.6,699.0,226.42749953171662,675.0
1154,2,678.5,21.38475444424502,6.599860503383053,4.26,1.51,695.5,231.6836792714703,675.5
1155,1,679.0,17.5656449191191,0.8927665245557428,1.8,0.6,701.0,224.64047943638533,676.0
1156,1,679.0,19.10440699491514,2.6274907960616467,1.8,0.6,694.5,222.2000709448372,676.0
1157,2,679.5,18.37809868563765,5.1060933796633,4.11,1.23,698.0,232.676927518373,676.5
1158,1,680.0,27.674916181362608,9.385235174352704,1.8,0.6,696.0,236.84822313841863,677.0
1159,1,680.0,15.011276622158604,2.8141046073735945,1.8,0.6,700.0,224.6539869850259,677.0
1160,1,681.0,21.577713805650248,1.4003315178936924,1.8,0.6,699.0,227.2944567385566,678.0
1161,1,681.0,17.174608608958298,2.743292594646684,1.8,0.6,702.5,226.70742541774365,678.0
1162,6,680.5,19.228569971099763,7.360779605811985,2.6,1.4,696.0,228.92633844883827,677.5
1163,2,681.5,22.785599813101015,9.152595406524096,4.2,1.59,696.5,226.2063213061471,678.5
1164,3,683.0,20.963001588321195,4.278452713573252,12.36,2.44,705.0,232.3908483201039,680.0
1165,1,685.5,15.630455435120084,0.5231715879282574,1.8,0.6,712.0,230.66771766168114,682.5
1166,3,685.5,30.00250349033719,8.998143312934914,12.14,3.15,701.0,231.7057285230074,682.5
1167,2,686.0,19.809864189507934,3.3455943004894757,4.94,1.68,708.0,228.83980840876734,683.0
1168,1,688.5,23.462924768449184,6.68858628726608,1.8,0.6,705.5,230.688467547517,685.5
1169,1,688.0,19.264866651135232,8.92718146567709,1.8,0.6,703.0,225.92778398142946,685.0
1170,1,687.5,13.579341814218097,5.674868520565736,1.8,0.6,703.0,226.05409187847064,684.5
1171,2,689.5,22.489031601837542,8.973254741664912,5.12,1.59,705.0,230.61731011025876,686.5
1172,2,690.5,27.380208136051646,5.094903601757252,5.12,1.59,707.5,223.69171059324702,687.5
1173,1,691.0,34.78558411394267,7.772484839796963,1.8,0.6,702.5,221.84184430919746,688.0
1174,1,691.0,25.06211373240603,3.6521009448957464,1.8,0.6,705.5,226.82955757375646,688.0
1175,1,691.0,22.304916864959683,2.424769185349034,1.8,0.6,705.5,225.71909910697664,688.0
1176,2,692.0,22.362935735193073,4.767997964028019,4.2,1.7,708.0,214.01496713655942,689.0
1177,2,694.0,49.52650207109961,4.82065747542478,4.2,1.7,709.5,229.3968427396283,691.0
1178,2,694.0,24.352265641404383,4.290200025763581,4.58,1.45,712.5,231.21553285376757,691.0
1179,1,694.0,24.80311986034328,6.94841165969148,1.8,0.6,706.5,223.3956719091206,691.0
1180,1,695.0,17.518088253998286,2.30746607033228,1.8,0.6,714.0,228.6999807869505,692.0
1181,1,695.0,22.133845771785747,7.00449628985829,1.8,0.6,711.0,226.27043709654689,692.0
1182,1,697.0,14.20664771644792,3.016590322229978,1.8,0.6,716.0,224.17226195806307,694.0
1183,1,697.5,17.613403147606537,3.2109443505856787,1.8,0.6,713.5,197.23283891428116,694.5
1184,2,697.5,28.28207693705403,8.568728669110856,4.13,1.72,711.0,231.4349741266185,694.5
1185,1,697.5,13.907939825869637,4.124567298172042,1.8,0.6,713.0,226.65098573703105,694.5
1186,2,698.5,24.678484291252392,4.078133318294956,4.59,1.44,717.5,231.85144803663238,695.5
1187,1,699.0,19.029244831124505,6.680356174908735,1.8,0.6,714.0,229.6553727301481,696.0
1188,1,700.0,24.783465834337225,1.798090119527131,1.8,0.6,714.5,220.88447796913698,697.0
1189,2,700.0,20.634413550780714,3.7373647012266344,4.57,1.62,716.5,228.28000591292508,697.0
1190,2,700.0,20.753750873590334,5.510243391324499,4.7,1.42,719.0,231.94432613220218,697.0
1191,1,702.0,17.78764115570141,7.454277464557304,1.8,0.6,717.5,228.02945419188708,699.0
1192,1,702.0,15.723659909957673,6.4377420074365235,1.8,0.6,719.0,222.80615607031334,699.0
1193,2,702.5,27.307213683276757,3.818782762060945,4.13,1.43,723.5,232.5595261505037,699.5
1194,1,703.0,21.45043506785229,1.3333932956443035,1.8,0.6,719.0,227.6323845969682,700.0
1195,1,703.0,18.747230199075638,5.703498815203191,1.8,0.6,719.5,221.90806568641557,700.0
1196,1,705.5,50.09307835838586,6.189440948125091,1.8,0.6,720.0,227.70293851178332,702.5
1197,3,704.5,30.21419864297624,8.875762407656941,12.07,2.66,719.0,237.19622086129914,701.5
1198,1,706.0,25.86072615613915,4.026223800992185,1.8,0.6,720.5,224.6382890106016,703.0
1199,1,706.0,20.625237283708547,2.3471754610068154,1.8,0.6,723.5,223.89799837476986,703.0
1200,1,706.0,19.77149264233965,8.027136216135103,1.8,0.6,723.5,230.29056962886426,703.0
1201,2,706.5,23.01730874241161,8.389389753586252,4.55,1.81,720.5,233.2702476997009,703.5
1202,1,707.0,20.228120863703595,4.724234221020262,1.8,0.6,721.5,224.6518409786627,704.0
1203,6,708.0,23.755476610343933,6.166473720510896,2.6,1.4,725.5,227.72912006812484,705.0
1204,1,709.5,16.63158478744687,1.311478739762825,1.8,0.6,728.5,221.27860878555538,706.5
1205,1,710.0,20.158136364653984,3.5796477482691986,1.8,0.6,722.0,200.93236524418802,707.0
1206,1,710.0,22.63233891484368,3.6868814208307117,1.8,0.6,724.0,224.23993565523105,707.0
1207,6,710.0,17.158253416457047,8.593864987076037,2.6,1.4,730.5,225.72531427928735,707.0
1208,1,710.5,21.199572407658806,10.561069145315647,1.8,0.6,725.0,226.45579707382208,707.5
1209,3,710.5,25.379732905569366,5.470096621367255,11.15,2.5,727.0,234.72354482604183,707.5
1210,1,711.5,17.71110468440033,5.304261159434055,1.8,0.6,728.0,202.78116327481152,708.5
1211,1,711.0,19.676710771080106,2.3891018576379124,1.8,0.6,725.0,220.9282656966345,708.0
1212,1,712.0,16.78777408751197,2.6555123528369236,1.8,0.6,731.0,227.1377084372583,709.0
1213,1,713.0,19.0458931222646,0.8310485582782917,1.8,0.6,732.5,224.74983171358608,710.0
1214,1,713.0,17.428758590466362,4.010293731012895,1.8,0.6,729.5,221.49600307341495,710.0
1215,2,713.0,21.909092191472027,8.88703996966146,5.91,1.66,727.0,226.86875489963333,710.0
1216,1,714.5,16.059723425712406,5.439904478868994,1.8,0.6,730.0,223.20129051702125,711.5
1217,6,715.0,7.421975663733762,1.5433620482037784,2.6,1.4,755.0,236.78570051519117,712.0
1218,1,716.0,9.452336802086501,3.231494091750748,1.8,0.6,734.0,225.44123739592553,713.0
1219,1,716.0,17.806901855158085,9.559827325266173,1.8,0.6,733.5,225.34121158987136,713.0
1220,4,716.5,12.004919360511467,5.904734172806542,8.18,2.12,740.5,238.00586648659203,713.5
1221,1,717.0,25.63553014726559,2.5876726081201444,1.8,0.6,733.5,220.1775105194443,714.0
1222,2,716.5,20.507659521496237,8.368544739592505,5.31,1.72,731.0,228.6895675397988,713.5
1223,2,718.0,23.917333976741453,8.588521658490455,4.34,1.62,732.5,231.11183166079314,715.0
1224,1,718.5,19.406833308891855,10.545033886138272,1.8,0.6,730.0,219.7438595022875,715.5
1225,2,718.5,8.151214988496966,7.390395698144302,4.38,1.74,735.0,228.7408447708801,715.5
1226,6,719.5,16.13820066128097,2.2666815791221944,2.6,1.4,746.5,235.50199632130173,716.5
1227,1,719.5,18.118539809460195,10.030470032483628,1.8,0.6,736.0,229.55712306696856,716.5
1228,2,720.0,19.24880968091583,9.214922777579952,4.2,1.7,740.5,228.34252243572197,717.0
1229,2,720.5,18.29730282014407,5.131275304797652,3.98,1.46,735.5,226.6176320356327,717.5
1230,1,720.5,12.16096639173466,10.392810004245181,1.8,0.6,740.0,225.2043529849159,717.5
1231,1,720.5,25.005948598310535,9.805044053255035,1.8,0.6,736.0,226.3048245730121,717.5
1232,2,721.5,20.21777657054503,6.139660159370877,3.85,1.31,737.0,231.4393102328137,718.5
1233,1,722.0,23.48780607213688,7.9642270985826515,1.8,0.6,740.5,226.2992847745199,719.0
1234,6,722.0,13.072784627449378,7.388961077553917,2.6,1.4,748.5,234.6296416630028,719.0
1235,2,722.5,21.730383058025712,5.052243718344933,3.99,1.43,742.0,231.70243597323545,719.5
1236,2,722.5,20.47677962152251,2.213620869011286,4.72,1.52,743.0,230.4424850641728,719.5
1237,1,723.0,20.171988758458127,3.0926979251409508,1.8,0.6,744.5,226.6508609736099,720.0
1238,1,723.5,18.787590842516327,1.3699418083332298,1.8,0.6,741.5,226.82683705371758,720.5
1239,2,724.0,15.894206171044793,7.020085075333459,4.47,1.5,743.0,232.48614765659144,721.0
1240,2,724.0,10.952128366201505,8.83550340221038,4.34,1.8,744.5,234.24679134212678,721.0
1241,2,724.5,20.855111702262175,4.806394027194302,4.2,1.33,744.0,231.07462325422728,721.5
1242,2,726.0,25.538512159724423,4.426213625407364,4.96,1.59,746.5,232.66053861913858,723.0
1243,1,726.0,12.394231687581723,9.122668963457283,1.8,0.6,746.5,227.0755639635281,723.0
1244,2,726.0,14.605515893659186,7.069985889281777,4.2,1.7,749.5,234.88979951259967,723.0
1245,2,727.0,17.391247054013263,9.813079119863477,4.56,1.47,745.5,233.71634422057969,724.0
1246,3,726.5,25.59914828692406,2.541174613237965,12.26,2.42,747.5,231.1630544438935,723.5
1247,1,727.5,16.117543194312375,1.1366574871723982,1.8,0.6,748.0,226.09992073837526,724.5
1248,6,728.0,14.456072909539245,4.039284404207999,2.6,1.4,752.5,235.933823541942,725.0
1249,2,728.5,16.9165582674038,8.568716538231932,4.22,1.38,750.0,231.6557601486033,725.5
1250,2,729.5,23.004458614735515,1.525835344764422,4.32,1.71,750.0,229.674065769474,726.5
1251,2,729.5,19.05938815167995,7.716429048649678,4.42,1.65,751.5,231.58779246549085,726.5
1252,1,734.0,54.009792055728354,3.450263111915164,1.8,0.6,750.5,226.5512420483653,731.0
1253,6,732.0,15.249813389110209,5.125268504535363,2.6,1.4,753.5,231.31639723599207,729.0
1254,6,730.0,19.224593416612933,3.9474047154904572,2.6,1.4,748.0,196.0130384416244,727.0
1255,1,733.5,12.249301965440061,2.2209896964957747,1.8,0.6,756.5,226.84612442517172,730.5
1256,6,735.5,14.035621005451212,1.6268598242978867,2.6,1.4,760.5,230.3915446643927,732.5
1257,1,736.5,35.48576548636928,9.162187781945848,1.8,0.6,750.5,225.4616447335314,733.5
1258,1,739.0,14.25961610877182,1.2436132050977642,1.8,0.6,777.0,234.3739071005823,736.0
1259,2,739.0,22.518922925289523,9.027404238700989,3.96,1.31,756.5,237.79245460449496,736.0
1260,2,739.5,26.951268994952777,6.139072840161171,4.85,1.53,754.5,235.19433465696255,736.5
1261,1,741.0,30.516719185525144,8.11168027945155,1.8,0.6,756.5,228.6263370863849,738.0
1262,1,742.0,21.34215879644966,5.508171661910208,1.8,0.6,759.0,222.91460783022387,739.0
1263,1,743.0,20.303216776463582,4.470336447942946,1.8,0.6,758.0,224.48601578197938,740.0
1264,6,746.0,15.966847307653023,8.959926009817408,2.6,1.4,769.0,229.40710077018622,743.0
1265,3,747.0,18.042508494108315,3.332262425097822,12.6,2.55,765.0,230.0438798339915,744.0
1266,6,748.5,15.111746335457537,8.96825986884297,2.6,1.4,772.0,235.541276952673,745.5
1267,1,749.0,30.71770835358601,7.1701091281464615,1.8,0.6,761.0,219.76104376170372,746.0
1268,1,749.0,20.08033282625158,2.3519489867516827,1.8,0.6,767.5,226.62835043972945,746.0
1269,1,749.5,28.26453614597087,7.476755395903314,1.8,0.6,760.5,220.6790492181543,746.5
1270,1,750.0,42.477422048686165,6.527720735032189,1.8,0.6,760.5,216.7222802405882,747.0
1271,1,751.5,24.80295521697469,3.419374647822922,1.8,0.6,766.5,223.81715046089647,748.5
1272,6,751.5,20.137710222087975,2.78529587001326,2.6,1.4,776.5,235.29058459188812,748.5
1273,1,751.0,11.705445746284052,9.764703145919913,1.8,0.6,772.0,224.83233530339055,748.0
1274,2,751.5,20.54179863847201,6.901121857917703,4.29,1.52,765.5,231.45222928274342,748.5
1275,1,753.0,24.307618451596994,5.2680197155185295,1.8,0.6,769.0,223.20208183779798,750.0
1276,2,753.0,27.516606296733922,8.516150681358834,4.43,1.3,771.0,230.07678679431555,750.0
1277,2,753.5,26.520066508939216,6.235047398949539,4.45,1.45,767.5,231.85398985331997,750.5
1278,1,754.5,28.86683448742312,4.575891845808024,1.8,0.6,771.5,226.15744977422196,751.5
1279,2,754.5,27.484293373762114,8.858169917998792,4.74,1.53,769.0,226.03599615188406,751.5
1280,1,755.0,21.178351129576214,2.601902460239418,1.8,0.6,774.5,222.95789188323357,752.0
1281,1,756.0,24.474034881912754,6.061714390459384,1.8,0.6,771.5,224.74550053679474,753.0
1282,1,756.5,17.087153301193563,9.49150255643672,1.8,0.6,773.5,223.64515701046474,753.5
1283,1,757.0,13.093240038077678,2.761533998516573,1.8,0.6,778.5,223.92237636968693,754.0
1284,2,758.5,21.64495078378824,8.480861939199439,4.99,1.66,775.0,229.6045754141568,755.5
1285,1,759.0,13.363359275622216,1.1618422197100111,1.8,0.6,785.0,230.83832622398813,756.0
1286,3,759.0,20.538280900341846,5.540143956739545,11.62,2.35,776.5,228.9805201310825,756.0
1287,2,759.5,18.78635356217172,2.826534435919284,3.9,1.71,778.0,230.71552390445342,756.5
1288,1,760.0,17.539565718445274,10.07679270332409,1.8,0.6,777.0,232.2191527026507,757.0
1289,1,760.5,15.495729844961577,10.351412597159378,1.8,0.6,776.5,226.91843650587649,757.5
1290,1,761.0,14.871099847584972,2.9105618640293915,1.8,0.6,780.0,225.52700900064377,758.0
1291,2,761.5,20.067061422967605,8.964606265257252,4.44,1.36,779.0,235.24657009618736,758.5
1292,2,761.5,30.34807012456036,7.3352887581613935,4.44,1.36,777.0,225.93622614094838,758.5
1293,1,762.0,31.927605699826778,4.103085485399528,1.8,0.6,778.5,226.93549615828474,759.0
1294,3,762.5,21.071999667983558,4.811373626396593,11.93,2.47,782.0,231.8091076351496,759.5
1295,1,763.0,18.135471953632273,9.075925414115703,1.8,0.6,778.5,227.9568550763352,760.0
1296,6,763.5,17.992463875069227,2.5938300248300226,2.6,1.4,785.0,229.72714987944408,760.5
1297,1,764.0,17.386862751804657,9.360233356107408,1.8,0.6,780.5,227.50861314565398,761.0
1298,6,764.0,6.74075388211582,8.971487771793019,2.6,1.4,788.5,238.90137217941927,761.0
1299,1,764.5,10.368982365937029,1.7773344972749525,1.8,0.6,783.5,223.31452489139124,761.5
1300,6,765.0,22.371616842251463,3.208740121248568,2.6,1.4,786.5,228.8378139191349,762.0
1301,2,765.5,26.882568350495948,7.207988369748816,3.85,1.52,781.5,230.94746439557042,762.5
1302,1,767.0,19.969734601776924,1.7135455585802717,1.8,0.6,783.5,226.30807302608255,764.0
1303,2,767.0,22.78349554174741,4.262683250996858,4.97,1.59,789.0,230.46397816248341,764.0
1304,1,767.0,23.296293392298832,7.314437953093787,1.8,0.6,783.5,224.77408421574265,764.0
1305,6,767.5,17.374443188070433,1.5724313020781748,2.6,1.4,793.5,233.98342527448088,764.5
1306,1,767.5,18.09810194159817,10.490907590444246,1.8,0.6,785.5,222.18522210528704,764.5
1307,2,767.5,19.033415838011962,8.605958592237723,4.48,1.49,788.5,229.98054251937353,764.5
1308,2,768.0,20.49498288274562,5.888644059169257,3.78,1.25,789.5,228.6341073458935,765.0
1309,1,768.0,17.3229814998164,7.418822636455731,1.8,0.6,787.5,224.2804690299573,765.0
1310,6,768.0,20.300776135527283,3.4944569727792403,2.6,1.4,789.5,229.34261141258247,765.0
1311,1,768.0,31.586602923753045,5.8971292634543895,1.8,0.6,785.5,227.22249288922978,765.0
1312,1,769.5,14.740075551658895,0.7605340502369509,1.8,0.6,794.5,228.57930454817694,766.5
1313,1,769.5,19.51486263561525,2.6126400928391385,1.8,0.6,789.0,220.82847409465458,766.5
1314,1,769.5,12.022478936281495,5.274486503183886,1.8,0.6,788.0,223.00708325650083,766.5
1315,2,769.0,17.366132740935463,6.947563547760444,4.29,1.48,791.0,230.6795176947019,766.0
1316,2,771.5,27.033288525140456,4.813996679528538,4.36,1.49,793.0,232.403129444044,768.5
1317,1,770.5,14.992980704902948,7.2352708471704235,1.8,0.6,788.0,224.4783317116317,767.5
1318,1,771.0,16.824590700446397,2.186464921899611,1.8,0.6,792.0,228.18730703129697,768.0
1319,2,771.0,23.253265397712678,9.005946945200082,5.1,1.56,791.0,234.61712362264961,768.0
1320,1,771.5,31.377594267326597,8.41109352122745,1.8,0.6,787.0,214.96832445367647,768.5
1321,1,772.0,20.593324308334292,3.1391538017120992,1.8,0.6,790.5,226.85633102842175,769.0
1322,1,772.5,21.701086265481305,1.3547299878719048,1.8,0.6,796.5,231.8495942578932,769.5
1323,2,772.0,19.178783982336473,5.977708558803281,4.06,1.47,795.5,238.33041876996947,769.0
1324,2,772.5,23.580116404778558,8.914683608677004,4.53,1.42,792.0,233.13245562008086,769.5
1325,2,773.0,29.191668813835804,5.845434927145927,4.28,1.52,789.5,185.5254193189989,770.0
1326,2,773.0,20.218936075310506,4.2117074896667255,4.42,1.57,793.5,227.28263400294708,770.0
1327,1,773.5,18.897905254370382,2.261603852745834,1.8,0.6,793.5,222.36158497587294,770.5
1328,1,774.0,10.840036222383924,0.9935553564709285,1.8,0.6,798.5,229.27937631553672,771.0
1329,1,773.5,13.273917179047405,5.136284553280506,1.8,0.6,794.0,223.36049852407078,770.5
1330,3,773.5,18.72378614991682,9.07806456663801,7.26,2.04,794.0,234.70536924161425,770.5
1331,1,775.5,27.31025284018809,2.40248538089449,1.8,0.6,796.0,226.22666892107364,772.5
1332,5,775.0,17.620029974574933,6.633666297767132,6.53,2.14,795.5,231.10991888000362,772.0
1333,1,775.0,25.667643284520476,2.24800586008194,1.8,0.6,794.0,206.57514835736,772.0
1334,1,776.0,16.419985729413327,1.1781286991916395,1.8,0.6,799.5,229.05024179731103,773.0
1335,1,776.0,22.345784474822953,4.270703069673637,1.8,0.6,790.5,178.93169364241086,773.0
1336,1,776.5,23.205235221059933,2.6470445908121176,1.8,0.6,795.5,223.4613506956029,773.5
1337,1,776.5,21.146396067578216,4.404151406202278,1.8,0.6,795.0,224.78122103847213,773.5
1338,6,777.5,16.976948479458123,3.1617932558797337,2.6,1.4,802.5,233.63504045622886,774.5
1339,2,777.0,12.984204814466752,6.958584261144532,4.3,1.42,797.0,234.06463859014843,774.0
1340,1,777.5,19.120475567791107,5.310122236025203,1.8,0.6,797.5,227.42779984424556,774.5
1341,6,778.5,20.60519857178721,1.729964002227564,2.6,1.4,804.0,235.9556838740788,775.5
1342,1,778.5,14.932333526571924,5.002701449421953,1.8,0.6,800.5,230.26638949928613,775.5
1343,6,778.5,18.177432735017092,8.18807908228857,2.6,1.4,798.0,236.4651575157134,775.5
1344,2,777.0,20.5030977419998,9.98876290810864,4.71,1.92,797.5,235.01259736506358,774.0
1345,1,780.0,26.336108582662646,4.521984444492012,1.8,0.6,801.0,228.1925508841753,777.0
1346,1,780.0,11.085619157851184,3.4457712291412714,1.8,0.6,799.0,226.73551658826872,777.0
1347,1,781.0,25.14249185001993,4.911932669321518,1.8,0.6,797.5,227.11400046402701,778.0
1348,1,780.5,17.80980653406792,5.07471146808722,1.8,0.6,797.0,222.1915307870161,777.5
1349,1,781.5,25.66119683010975,4.430682796779475,1.8,0.6,798.0,227.3284865899005,778.5
1350,6,781.5,15.562612146081582,6.347269889298539,2.6,1.4,801.5,232.06011915308082,778.5
1351,2,784.0,25.953593769716402,6.020621083864431,4.86,1.6,803.0,231.88957042782866,781.0
1352,6,784.0,24.743645547769408,9.502283278478757,2.6,1.4,800.0,232.02884399086477,781.0
1353,1,785.0,14.009919700260603,4.952175047444856,1.8,0.6,802.5,225.69241342131585,782.0
1354,1,786.0,14.23961490778568,4.380252212651628,1.8,0.6,804.5,223.72624143455073,783.0
1355,2,786.5,29.28064199332947,6.314286338248449,4.44,1.43,804.0,232.29675068269955,783.5
1356,6,787.5,12.82764795118473,9.411289500836011,2.6,1.4,811.5,235.59968202268448,784.5
1357,2,789.0,25.97801881432512,5.119366099318031,4.15,1.41,806.5,233.09234372235326,786.0
1358,6,791.0,19.616502335650175,3.3090891309859187,2.6,1.4,813.0,229.48018672194135,788.0
1359,6,791.5,14.879345969378102,1.482099420383787,2.6,1.4,828.0,236.18918343081,788.5
1360,2,791.5,22.533986528202856,6.389516938056033,4.91,1.68,807.5,231.30255017536115,788.5
1361,2,792.0,23.744302655595458,8.775680536283522,4.82,1.46,809.5,230.29691230539652,789.0
1362,1,793.0,13.310106310051765,3.6358396703699447,1.8,0.6,814.0,221.53071914219692,790.0
1363,2,793.0,19.416975347735185,5.289925504704664,4.74,1.47,814.0,232.11953171322074,790.0
1364,2,793.5,27.134608540314396,8.514132598358936,4.72,1.44,808.5,226.92955482413072,790.5
1365,1,794.5,22.302141589559884,8.180095306054008,1.8,0.6,810.5,222.9835282219883,791.5
1366,2,794.5,17.156352933936372,6.053375276372237,4.34,1.49,813.0,234.43480306459347,791.5
1367,1,795.5,16.083535120588934,0.964990254042951,1.8,0.6,817.5,225.34468750357064,792.5
1368,1,795.5,14.588657409371914,4.017529799019231,1.8,0.6,815.0,224.35601300265233,792.5
1369,1,795.5,14.681039781475,4.646121771566957,1.8,0.6,816.0,223.35359605247837,792.5
1370,6,796.0,17.54801281045062,2.7887836694885846,2.6,1.4,820.5,236.06857337972653,793.0
1371,2,796.5,19.52853868918675,8.698242803212354,3.52,1.45,815.5,229.94555482846658,793.5
1372,3,799.0,23.449184609138754,5.036318998296382,11.3,2.66,818.0,234.11279052051975,796.0
1373,2,799.0,24.402510412488652,9.097989675319338,4.0,1.5,815.5,234.6443872504686,796.0
1374,2,800.5,31.340805827744006,8.552082463243991,4.36,1.68,816.5,233.34952883127633,797.5
1375,6,800.5,23.36013157395971,8.727002087427573,2.6,1.4,821.5,234.4848418164134,797.5
1376,1,801.0,25.803761156414073,2.1182891087725713,1.8,0.6,816.0,225.99637443110976,798.0
1377,2,802.0,24.400075435227784,9.099895248655248,5.38,1.65,822.0,232.39174082386418,799.0
1378,2,802.0,8.046506718827557,6.834535683307705,5.38,1.65,819.5,229.68974861114128,799.0
1379,1,803.5,25.801233196838474,6.04455348070041,1.8,0.6,816.5,214.60057605362172,800.5
1380,1,803.0,20.566144003593504,5.714322582350002,1.8,0.6,817.0,222.11799926930522,800.0
1381,2,803.5,18.78529430833689,3.953432310003213,4.0,1.27,823.5,234.1347934343382,800.5
1382,1,804.5,36.85910653701701,6.010133738062642,1.8,0.6,815.0,212.072950884738,801.5
1383,1,805.5,23.90827934671285,5.6035644095416295,1.8,0.6,819.5,225.0181890571965,802.5
1384,1,807.0,20.580424040845493,4.9072545167034205,1.8,0.6,824.5,224.76574118239293,804.0
1385,1,807.5,25.850971122561425,4.67392046180075,1.8,0.6,821.5,192.7800122861786,804.5
1386,1,807.5,27.99909650637884,6.7420478703873625,1.8,0.6,823.5,226.47946393964907,804.5
1387,1,808.0,23.499049959989392,6.03353289365575,1.8,0.6,825.5,226.61455434249336,805.0
1388,1,808.0,22.93018579072848,8.448412480348853,1.8,0.6,822.5,223.54830033562936,805.0
1389,1,808.5,31.265277120125294,3.5404281924876435,1.8,0.6,822.5,218.7252514237257,805.5
1390,1,808.0,14.78324590852051,2.956435697196507,1.8,0.6,827.0,225.21372128210098,805.0
1391,1,808.5,13.537908970130868,5.078417446429805,1.8,0.6,825.5,218.65442111995668,805.5
1392,1,809.5,28.99258466251732,4.464466730306287,1.8,0.6,826.5,228.9458737820721,806.5
1393,1,809.5,11.789895027252276,6.562083750142679,1.8,0.6,826.5,219.0872245614792,806.5
1394,1,809.5,17.70312208749117,8.78663214375548,1.8,0.6,825.0,228.2052903085443,806.5
1395,2,810.0,18.132238823341236,4.3123340087720035,4.55,1.37,829.0,230.66645803367445,807.0
1396,6,811.0,20.695648284892044,3.011521924828763,2.6,1.4,829.5,227.74961614087496,808.0
1397,1,810.5,17.22718899221647,8.719615102828229,1.8,0.6,826.5,226.7928280523603,807.5
1398,2,811.5,26.42938039879756,9.297194739625075,4.09,1.26,826.0,230.79105535945703,808.5
1399,1,811.5,20.466497576536575,5.31707972028303,1.8,0.6,829.5,229.7195210455158,808.5
1400,1,811.5,14.281647616939749,3.022818108265774,1.8,0.6,830.0,224.08016165528144,808.5
1401,1,813.5,28.17612092135853,5.014199201938628,1.8,0.6,829.0,224.27461023377577,810.5
1402,1,813.0,19.373759235148825,4.7693102935825165,1.8,0.6,834.5,228.48200562771734,810.0
1403,1,813.0,19.52964234423291,2.5470494034070237,1.8,0.6,833.0,208.84400605254413,810.0
1404,6,814.0,31.94953887801878,5.979066690850832,2.6,1.4,830.0,229.24652335311237,811.0
1405,1,813.0,31.28100225945388,8.049135177081958,1.8,0.6,824.5,224.4764221655971,810.0
1406,6,813.0,20.12723995884565,9.068878390959995,2.6,1.4,828.0,233.09823135453607,810.0
1407,1,813.5,24.538639098242808,7.183024355426216,1.8,0.6,827.0,223.07208007690969,810.5
1408,1,813.5,27.174277480688414,2.6519050714883936,1.8,0.6,835.0,228.01317072816616,810.5
1409,1,813.5,20.61885219740728,2.544366541108689,1.8,0.6,834.0,205.29895167071348,810.5
1410,1,815.0,17.90423099716676,2.579092173037913,1.8,0.6,836.0,224.53340264669836,812.0
1411,1,815.0,16.873954933224976,3.8844890018326232,1.8,0.6,834.5,225.25273778198633,812.0
1412,1,814.5,12.242604665801302,3.012367971667394,1.8,0.6,838.0,230.2004249387145,811.5
1413,1,815.5,13.66820125355736,2.8316015652927673,1.8,0.6,839.5,228.9385788522159,812.5
1414,1,816.0,16.7272883927702,3.9406773888900526,1.8,0.6,833.0,205.28415322284172,813.0
1415,1,817.5,21.09594997719315,4.883645085038874,1.8,0.6,835.5,228.5766926674044,814.5
1416,6,817.5,12.396880583951429,2.591478798437565,2.6,1.4,842.0,234.3026675116888,814.5
1417,1,818.5,24.612791794713115,5.791752985988958,1.8,0.6,833.0,223.33107184895758,815.5
1418,2,821.0,20.69983545642814,7.10378632598001,5.0,1.5,837.0,228.61897111801173,818.0
1419,2,822.5,21.51286605700033,7.3992420933964445,4.28,1.65,839.0,234.5392900973524,819.5
1420,1,823.0,19.942807040537904,3.4823779684029104,1.8,0.6,838.0,221.54880561368248,820.0
1421,2,824.5,28.57049145829379,7.350691388184427,4.19,1.37,841.0,233.26269069134008,821.5
1422,1,825.0,24.483970884208738,4.2082586712900305,1.8,0.6,839.0,222.02565669917857,822.0
1423,1,825.5,24.666011547536737,6.091148018679229,1.8,0.6,840.5,227.0759737847867,822.5
1424,6,825.5,9.777049131177543,2.4987118648765474,2.6,1.4,847.5,229.81175973025393,822.5
1425,1,826.0,11.356132758237319,10.20456015804392,1.8,0.6,846.0,224.69672184424778,823.0
1426,2,828.5,31.06666454912637,7.292767631076172,4.84,1.56,843.0,234.8944006879943,825.5
1427,1,835.5,35.841049797640174,2.949201688023639,1.8,0.6,850.0,220.4797645104514,832.5
1428,1,834.5,26.349527640277653,3.325527411036345,1.8,0.6,847.5,189.3308411876249,831.5
1429,6,835.5,20.253253724723383,3.3078581296400578,2.6,1.4,859.5,233.686281735001,832.5
1430,6,835.5,20.507256208138138,5.569247357695573,2.6,1.4,851.5,227.33767691704728,832.5
1431,1,838.5,32.13747481973017,7.628958602132363,1.8,0.6,850.5,220.01757902535803,835.5
1432,1,839.5,29.101880628982443,4.918965342981353,1.8,0.6,851.5,224.84597925188461,836.5
1433,1,839.5,21.27851009169333,5.793236574553797,1.8,0.6,853.5,225.20052459332365,836.5
1434,6,839.5,13.387553534730586,3.144488880191773,2.6,1.4,865.0,235.90662030732017,836.5
1435,1,841.0,25.986000063585767,5.789474605902176,1.8,0.6,856.0,226.91165577875074,838.0
1436,6,844.0,12.461440145112029,2.9556999812762883,2.6,1.4,872.0,230.93400926686954,841.0
1437,1,844.0,13.08030027826716,4.6699934232934,1.8,0.6,864.5,230.26880300171302,841.0
1438,1,845.0,12.582607845935799,4.961462125317166,1.8,0.6,863.0,224.9367433234457,842.0
1439,1,845.0,22.65542399367035,6.591532824786164,1.8,0.6,860.0,224.92506123955172,842.0
1440,2,845.0,34.558337613642124,9.161858394063033,5.45,1.59,855.5,230.44884375535267,842.0
1441,1,845.5,13.728357140395238,6.931171116085848,1.8,0.6,857.5,175.7996061025665,842.5
1442,1,846.5,27.18886943247522,7.458999517350122,1.8,0.6,861.0,224.1319001726003,843.5
1443,1,847.0,20.34298835943671,4.1474166985298675,1.8,0.6,864.5,225.03520374054528,844.0
1444,5,847.0,21.173484245483312,7.179946677418449,6.41,1.77,862.5,229.89222548811188,844.0
1445,1,850.0,10.722610947008542,3.022028615657581,1.8,0.6,872.5,225.70672055286516,847.0
1446,6,850.5,23.412045253805207,4.98736842543189,2.6,1.4,869.5,231.18044268905635,847.5
1447,6,850.5,22.760813607181067,9.784393478795032,2.6,1.4,869.5,230.87541738739804,847.5
1448,6,852.5,32.0337159728671,4.309561985907061,2.6,1.4,870.5,224.1748035224403,849.5
1449,2,851.5,25.845594499265435,8.01830886504079,5.17,1.41,864.5,233.74052566396188,848.5
1450,6,853.0,15.421349234615706,3.7822385291949074,2.6,1.4,874.0,226.99856270952094,850.0
1451,2,853.0,26.503978616139012,6.722979295482991,4.53,1.37,866.5,225.30071832069052,850.0
1452,1,853.0,13.101888428094913,5.843514848831034,1.8,0.6,872.0,225.3778257913512,850.0
1453,1,854.5,16.291098162256393,3.0293297718402354,1.8,0.6,874.5,222.78869878846413,851.5
1454,1,855.5,10.33559004621104,3.0092272487376097,1.8,0.6,876.5,227.22998251339106,852.5
1455,6,856.5,20.370589550495243,7.388593446674802,2.6,1.4,874.5,230.1589379293759,853.5
1456,1,856.5,19.056301739078965,4.5848598947390125,1.8,0.6,872.5,226.12481375129192,853.5
1457,1,856.0,19.311078079113344,8.977866135723048,1.8,0.6,872.0,229.15354096154277,853.0
1458,1,857.0,16.274536522345265,5.463463449679572,1.8,0.6,876.0,228.31717102979616,854.0
1459,1,857.0,15.133229853863222,6.358348968540873,1.8,0.6,870.5,223.75097904321322,854.0
1460,1,858.0,18.584408224000903,3.8026479566811364,1.8,0.6,880.0,234.978076878707,855.0
1461,1,858.0,23.674637036886892,9.979432738962466,1.8,0.6,869.5,223.82543823962664,855.0
1462,1,859.0,15.618747657644116,3.918069396684994,1.8,0.6,880.0,226.74699524374574,856.0
1463,1,860.0,6.227214403749901,5.143042777789848,1.8,0.6,884.0,230.741357607137,857.0
1464,1,860.5,22.55086897624457,6.49889948817554,1.8,0.6,873.5,226.10679572078934,857.5
1465,2,857.0,9.97940172743903,7.457227315431551,3.85,1.4,878.0,235.8239277378401,854.0
1466,1,861.5,12.221413876924363,4.2375423313660185,1.8,0.6,881.5,224.46149279448096,858.5
1467,1,862.5,16.037330434579232,5.184705893622491,1.8,0.6,880.0,223.83513556932238,859.5
1468,1,862.5,17.032189849065674,6.386834689866731,1.8,0.6,880.0,224.13367303366647,859.5
1469,1,864.5,31.88270097685457,7.126581114830758,1.8,0.6,877.5,230.19771240687425,861.5
1470,2,864.5,12.893922092594115,8.462229416840566,5.55,1.44,883.0,232.29741279243106,861.5
1471,3,867.5,15.575741840190581,5.358849138374303,11.99,2.55,889.0,231.73822449143503,864.5
1472,4,867.0,9.78265071241851,9.979662812852037,8.94,2.38,884.5,234.9722230137291,864.0
1473,1,868.0,13.636664993239181,8.073023805245946,1.8,0.6,885.5,224.09043769992556,865.0
1474,1,869.0,14.88480521580912,3.6065210488369623,1.8,0.6,889.0,222.78278721819262,866.0
1475,1,869.0,19.582729844814256,8.700986589957632,1.8,0.6,884.0,228.358353683267,866.0
1476,2,869.5,16.78631497697028,8.668530642544996,4.8,1.62,887.5,233.3013816620247,866.5
1477,1,871.5,25.513188785645408,8.413320892258112,1.8,0.6,891.0,225.41765513377436,868.5
1478,2,871.5,18.228929061539926,8.866646997251317,4.19,1.37,893.0,232.98821960932057,868.5
1479,2,871.5,15.339885974685997,5.969608914437932,4.58,1.33,887.0,219.84795877166923,868.5
1480,1,873.5,28.68040666992238,6.971895496837318,1.8,0.6,891.5,226.56434557082096,870.5
1481,3,873.0,20.80002980693055,4.691427954906275,10.95,2.87,893.5,230.34309961182,870.0
1482,2,874.0,20.925130739307594,9.012226795237495,4.47,1.5,891.0,230.0462708254949,871.0
1483,2,874.5,13.571909443093551,8.703742989250058,4.2,1.63,892.5,232.85486708891298,871.5
1484,2,876.0,16.804631310529356,4.274904568030934,4.76,1.47,898.0,237.007591086112,873.0
1485,1,876.0,16.94840980380855,8.06379801617979,1.8,0.6,900.0,228.66155278557005,873.0
1486,1,876.0,9.951234589644375,2.4949635147575253,1.8,0.6,896.0,222.47836059230715,873.0
1487,1,876.5,24.475382217085542,8.546593418942376,1.8,0.6,894.5,228.56567820603394,873.5
1488,1,877.0,25.4495338473639,9.03388998426923,1.8,0.6,895.0,224.82822796254854,874.0
1489,2,877.0,15.634031696728583,8.410307127173022,4.88,1.72,896.5,229.020580005777,874.0
1490,1,878.0,14.682066690964556,3.073219376042851,1.8,0.6,900.5,231.1119016649976,875.0
1491,1,878.0,13.124267205502981,5.999287431249329,1.8,0.6,892.5,223.77343682938124,875.0
1492,2,878.0,9.917235732407027,8.717129088289946,4.71,1.58,898.5,234.17143561341757,875.0
1493,1,879.5,17.341473777201024,5.001206597002313,1.8,0.6,901.0,223.19140008139263,876.5
1494,1,879.5,12.961889829835165,10.55890196496798,1.8,0.6,901.0,201.31360075317338,876.5
1495,1,880.0,23.651090569802733,6.652131680549271,1.8,0.6,895.0,220.15732725691367,877.0
1496,6,879.5,13.18326869244102,3.225183595469305,2.6,1.4,901.0,143.84362822999347,876.5
1497,6,881.5,2.6330891441703312,3.731992189246969,2.6,1.4,901.0,187.79638953139425,878.5
1498,1,881.0,18.782799206001126,5.448857325538999,1.8,0.6,899.0,225.48221865202353,878.0
1499,2,881.5,17.845864857607676,7.636491290977087,4.73,1.42,901.0,227.70505022104513,878.5
1500,1,882.0,9.197851836366628,3.667181423719534,1.8,0.6,900.0,177.2519347670502,879.0
1501,1,882.0,23.623195475572643,5.131132967360353,1.8,0.6,898.0,227.2355686323824,879.0
1502,1,882.0,15.749776645646717,5.05622654871303,1.8,0.6,901.5,200.28081236283603,879.0
1503,1,882.5,21.299067086448805,5.97345206937616,1.8,0.6,899.0,226.5388514679249,879.5
1504,1,883.5,26.14674046243075,6.841196550335183,1.8,0.6,900.0,226.11046700821836,880.5
1505,1,883.5,12.62633952889743,6.396816295540668,1.8,0.6,901.0,213.95419024267773,880.5
1506,1,883.0,19.108617318928573,7.075293185078515,1.8,0.6,898.0,202.4056647722605,880.0
1507,1,884.0,31.554920986621003,5.410164121169417,1.8,0.6,900.0,221.7179668873577,881.0
1508,1,884.5,29.67144370259969,5.03130176961358,1.8,0.6,901.5,222.0323669293775,881.5
1509,1,882.0,20.62743349662557,5.638559681118031,1.8,0.6,897.0,203.06251125079294,879.0
1510,2,884.0,16.988521338853293,6.31093692323227,4.2,1.64,901.5,212.66531475646957,881.0
1511,1,884.5,12.137319903468525,4.434902885188103,1.8,0.6,901.5,210.2940815695998,881.5
1512,5,885.0,20.90814955195385,9.448792597952455,5.0,1.9,901.5,176.90518658597648,882.0
1513,2,885.5,15.871225633364423,6.293174145113534,4.2,1.87,901.5,193.0992772544437,882.5
1514,2,886.0,12.517858606175045,4.790056543425584,4.2,1.87,901.5,180.17188853833974,883.0
